"TokenNumber","TokenPadded","Title","WorkID","Range","SourceImagePath","SourceBytes","ImagePath","ImageFileName","DestinationImagePath","ItemPage","PublicPageURL","OpenSeaItemURL","Status","Note"
"3001","3001","Light Cult Crypto Club #3001","RE-004811","3001-3100","","","","","","items/lccc-3001.html","https://ronenglish-archive.github.io/ron-english-light-cult-3001-4000/items/lccc-3001.html","https://opensea.io/item/ethereum/0xbe85fbd182af91290be7293438ae67549638189f/3001","MISSING SOURCE IMAGE","No source image found for token #3001"
"3002","3002","Light Cult Crypto Club #3002","RE-004812","3001-3100","D:\github\ron-english-nfts\light-cult-crypto-club\images\LCCC-3002.png","38577","images/3001-3100/LCCC-3002.png","LCCC-3002.png","D:\github\ron-english-light-cult-3001-4000\images\3001-3100\LCCC-3002.png","items/lccc-3002.html","https://ronenglish-archive.github.io/ron-english-light-cult-3001-4000/items/lccc-3002.html","https://opensea.io/item/ethereum/0xbe85fbd182af91290be7293438ae67549638189f/3002","OK",""
"3003","3003","Light Cult Crypto Club #3003","RE-004813","3001-3100","D:\github\ron-english-nfts\light-cult-crypto-club\images\LCCC-3003.png","8728","images/3001-3100/LCCC-3003.png","LCCC-3003.png","D:\github\ron-english-light-cult-3001-4000\images\3001-3100\LCCC-3003.png","items/lccc-3003.html","https://ronenglish-archive.github.io/ron-english-light-cult-3001-4000/items/lccc-3003.html","https://opensea.io/item/ethereum/0xbe85fbd182af91290be7293438ae67549638189f/3003","OK",""
"3004","3004","Light Cult Crypto Club #3004","RE-004814","3001-3100","D:\github\ron-english-nfts\light-cult-crypto-club\images\LCCC-3004.png","14979","images/3001-3100/LCCC-3004.png","LCCC-3004.png","D:\github\ron-english-light-cult-3001-4000\images\3001-3100\LCCC-3004.png","items/lccc-3004.html","https://ronenglish-archive.github.io/ron-english-light-cult-3001-4000/items/lccc-3004.html","https://opensea.io/item/ethereum/0xbe85fbd182af91290be7293438ae67549638189f/3004","OK",""
"3005","3005","Light Cult Crypto Club #3005","RE-004815","3001-3100","","","","","","items/lccc-3005.html","https://ronenglish-archive.github.io/ron-english-light-cult-3001-4000/items/lccc-3005.html","https://opensea.io/item/ethereum/0xbe85fbd182af91290be7293438ae67549638189f/3005","MISSING SOURCE IMAGE","No source image found for token #3005"
"3006","3006","Light Cult Crypto Club #3006","RE-004816","3001-3100","D:\github\ron-english-nfts\light-cult-crypto-club\images\LCCC-3006.png","27667","images/3001-3100/LCCC-3006.png","LCCC-3006.png","D:\github\ron-english-light-cult-3001-4000\images\3001-3100\LCCC-3006.png","items/lccc-3006.html","https://ronenglish-archive.github.io/ron-english-light-cult-3001-4000/items/lccc-3006.html","https://opensea.io/item/ethereum/0xbe85fbd182af91290be7293438ae67549638189f/3006","OK",""
"3007","3007","Light Cult Crypto Club #3007","RE-004817","3001-3100","D:\github\ron-english-nfts\light-cult-crypto-club\images\LCCC-3007.png","28993","images/3001-3100/LCCC-3007.png","LCCC-3007.png","D:\github\ron-english-light-cult-3001-4000\images\3001-3100\LCCC-3007.png","items/lccc-3007.html","https://ronenglish-archive.github.io/ron-english-light-cult-3001-4000/items/lccc-3007.html","https://opensea.io/item/ethereum/0xbe85fbd182af91290be7293438ae67549638189f/3007","OK",""
"3008","3008","Light Cult Crypto Club #3008","RE-004818","3001-3100","D:\github\ron-english-nfts\light-cult-crypto-club\images\LCCC-3008.png","33045","images/3001-3100/LCCC-3008.png","LCCC-3008.png","D:\github\ron-english-light-cult-3001-4000\images\3001-3100\LCCC-3008.png","items/lccc-3008.html","https://ronenglish-archive.github.io/ron-english-light-cult-3001-4000/items/lccc-3008.html","https://opensea.io/item/ethereum/0xbe85fbd182af91290be7293438ae67549638189f/3008","OK",""
"3009","3009","Light Cult Crypto Club #3009","RE-004819","3001-3100","D:\github\ron-english-nfts\light-cult-crypto-club\images\LCCC-3009.png","8039","images/3001-3100/LCCC-3009.png","LCCC-3009.png","D:\github\ron-english-light-cult-3001-4000\images\3001-3100\LCCC-3009.png","items/lccc-3009.html","https://ronenglish-archive.github.io/ron-english-light-cult-3001-4000/items/lccc-3009.html","https://opensea.io/item/ethereum/0xbe85fbd182af91290be7293438ae67549638189f/3009","OK",""
"3010","3010","Light Cult Crypto Club #3010","RE-004820","3001-3100","","","","","","items/lccc-3010.html","https://ronenglish-archive.github.io/ron-english-light-cult-3001-4000/items/lccc-3010.html","https://opensea.io/item/ethereum/0xbe85fbd182af91290be7293438ae67549638189f/3010","MISSING SOURCE IMAGE","No source image found for token #3010"
"3011","3011","Light Cult Crypto Club #3011","RE-004821","3001-3100","D:\github\ron-english-nfts\light-cult-crypto-club\images\LCCC-3011.png","56829","images/3001-3100/LCCC-3011.png","LCCC-3011.png","D:\github\ron-english-light-cult-3001-4000\images\3001-3100\LCCC-3011.png","items/lccc-3011.html","https://ronenglish-archive.github.io/ron-english-light-cult-3001-4000/items/lccc-3011.html","https://opensea.io/item/ethereum/0xbe85fbd182af91290be7293438ae67549638189f/3011","OK",""
"3012","3012","Light Cult Crypto Club #3012","RE-004822","3001-3100","D:\github\ron-english-nfts\light-cult-crypto-club\images\LCCC-3012.png","14407","images/3001-3100/LCCC-3012.png","LCCC-3012.png","D:\github\ron-english-light-cult-3001-4000\images\3001-3100\LCCC-3012.png","items/lccc-3012.html","https://ronenglish-archive.github.io/ron-english-light-cult-3001-4000/items/lccc-3012.html","https://opensea.io/item/ethereum/0xbe85fbd182af91290be7293438ae67549638189f/3012","OK",""
"3013","3013","Light Cult Crypto Club #3013","RE-004823","3001-3100","","","","","","items/lccc-3013.html","https://ronenglish-archive.github.io/ron-english-light-cult-3001-4000/items/lccc-3013.html","https://opensea.io/item/ethereum/0xbe85fbd182af91290be7293438ae67549638189f/3013","MISSING SOURCE IMAGE","No source image found for token #3013"
"3014","3014","Light Cult Crypto Club #3014","RE-004824","3001-3100","D:\github\ron-english-nfts\light-cult-crypto-club\images\LCCC-3014.png","30827","images/3001-3100/LCCC-3014.png","LCCC-3014.png","D:\github\ron-english-light-cult-3001-4000\images\3001-3100\LCCC-3014.png","items/lccc-3014.html","https://ronenglish-archive.github.io/ron-english-light-cult-3001-4000/items/lccc-3014.html","https://opensea.io/item/ethereum/0xbe85fbd182af91290be7293438ae67549638189f/3014","OK",""
"3015","3015","Light Cult Crypto Club #3015","RE-004825","3001-3100","D:\github\ron-english-nfts\light-cult-crypto-club\images\LCCC-3015.png","30849","images/3001-3100/LCCC-3015.png","LCCC-3015.png","D:\github\ron-english-light-cult-3001-4000\images\3001-3100\LCCC-3015.png","items/lccc-3015.html","https://ronenglish-archive.github.io/ron-english-light-cult-3001-4000/items/lccc-3015.html","https://opensea.io/item/ethereum/0xbe85fbd182af91290be7293438ae67549638189f/3015","OK",""
"3016","3016","Light Cult Crypto Club #3016","RE-004826","3001-3100","D:\github\ron-english-nfts\light-cult-crypto-club\images\LCCC-3016.png","25403","images/3001-3100/LCCC-3016.png","LCCC-3016.png","D:\github\ron-english-light-cult-3001-4000\images\3001-3100\LCCC-3016.png","items/lccc-3016.html","https://ronenglish-archive.github.io/ron-english-light-cult-3001-4000/items/lccc-3016.html","https://opensea.io/item/ethereum/0xbe85fbd182af91290be7293438ae67549638189f/3016","OK",""
"3017","3017","Light Cult Crypto Club #3017","RE-004827","3001-3100","D:\github\ron-english-nfts\light-cult-crypto-club\images\LCCC-3017.png","55231","images/3001-3100/LCCC-3017.png","LCCC-3017.png","D:\github\ron-english-light-cult-3001-4000\images\3001-3100\LCCC-3017.png","items/lccc-3017.html","https://ronenglish-archive.github.io/ron-english-light-cult-3001-4000/items/lccc-3017.html","https://opensea.io/item/ethereum/0xbe85fbd182af91290be7293438ae67549638189f/3017","OK",""
"3018","3018","Light Cult Crypto Club #3018","RE-004828","3001-3100","D:\github\ron-english-nfts\light-cult-crypto-club\images\LCCC-3018.png","31626","images/3001-3100/LCCC-3018.png","LCCC-3018.png","D:\github\ron-english-light-cult-3001-4000\images\3001-3100\LCCC-3018.png","items/lccc-3018.html","https://ronenglish-archive.github.io/ron-english-light-cult-3001-4000/items/lccc-3018.html","https://opensea.io/item/ethereum/0xbe85fbd182af91290be7293438ae67549638189f/3018","OK",""
"3019","3019","Light Cult Crypto Club #3019","RE-004829","3001-3100","D:\github\ron-english-nfts\light-cult-crypto-club\images\LCCC-3019.png","19603","images/3001-3100/LCCC-3019.png","LCCC-3019.png","D:\github\ron-english-light-cult-3001-4000\images\3001-3100\LCCC-3019.png","items/lccc-3019.html","https://ronenglish-archive.github.io/ron-english-light-cult-3001-4000/items/lccc-3019.html","https://opensea.io/item/ethereum/0xbe85fbd182af91290be7293438ae67549638189f/3019","OK",""
"3020","3020","Light Cult Crypto Club #3020","RE-004830","3001-3100","D:\github\ron-english-nfts\light-cult-crypto-club\images\LCCC-3020.png","8130","images/3001-3100/LCCC-3020.png","LCCC-3020.png","D:\github\ron-english-light-cult-3001-4000\images\3001-3100\LCCC-3020.png","items/lccc-3020.html","https://ronenglish-archive.github.io/ron-english-light-cult-3001-4000/items/lccc-3020.html","https://opensea.io/item/ethereum/0xbe85fbd182af91290be7293438ae67549638189f/3020","OK",""
"3021","3021","Light Cult Crypto Club #3021","RE-004831","3001-3100","D:\github\ron-english-nfts\light-cult-crypto-club\images\LCCC-3021.png","16454","images/3001-3100/LCCC-3021.png","LCCC-3021.png","D:\github\ron-english-light-cult-3001-4000\images\3001-3100\LCCC-3021.png","items/lccc-3021.html","https://ronenglish-archive.github.io/ron-english-light-cult-3001-4000/items/lccc-3021.html","https://opensea.io/item/ethereum/0xbe85fbd182af91290be7293438ae67549638189f/3021","OK",""
"3022","3022","Light Cult Crypto Club #3022","RE-004832","3001-3100","D:\github\ron-english-nfts\light-cult-crypto-club\images\LCCC-3022.png","34892","images/3001-3100/LCCC-3022.png","LCCC-3022.png","D:\github\ron-english-light-cult-3001-4000\images\3001-3100\LCCC-3022.png","items/lccc-3022.html","https://ronenglish-archive.github.io/ron-english-light-cult-3001-4000/items/lccc-3022.html","https://opensea.io/item/ethereum/0xbe85fbd182af91290be7293438ae67549638189f/3022","OK",""
"3023","3023","Light Cult Crypto Club #3023","RE-004833","3001-3100","D:\github\ron-english-nfts\light-cult-crypto-club\images\LCCC-3023.png","8582","images/3001-3100/LCCC-3023.png","LCCC-3023.png","D:\github\ron-english-light-cult-3001-4000\images\3001-3100\LCCC-3023.png","items/lccc-3023.html","https://ronenglish-archive.github.io/ron-english-light-cult-3001-4000/items/lccc-3023.html","https://opensea.io/item/ethereum/0xbe85fbd182af91290be7293438ae67549638189f/3023","OK",""
"3024","3024","Light Cult Crypto Club #3024","RE-004834","3001-3100","D:\github\ron-english-nfts\light-cult-crypto-club\images\LCCC-3024.png","34919","images/3001-3100/LCCC-3024.png","LCCC-3024.png","D:\github\ron-english-light-cult-3001-4000\images\3001-3100\LCCC-3024.png","items/lccc-3024.html","https://ronenglish-archive.github.io/ron-english-light-cult-3001-4000/items/lccc-3024.html","https://opensea.io/item/ethereum/0xbe85fbd182af91290be7293438ae67549638189f/3024","OK",""
"3025","3025","Light Cult Crypto Club #3025","RE-004835","3001-3100","D:\github\ron-english-nfts\light-cult-crypto-club\images\LCCC-3025.png","29225","images/3001-3100/LCCC-3025.png","LCCC-3025.png","D:\github\ron-english-light-cult-3001-4000\images\3001-3100\LCCC-3025.png","items/lccc-3025.html","https://ronenglish-archive.github.io/ron-english-light-cult-3001-4000/items/lccc-3025.html","https://opensea.io/item/ethereum/0xbe85fbd182af91290be7293438ae67549638189f/3025","OK",""
"3026","3026","Light Cult Crypto Club #3026","RE-004836","3001-3100","D:\github\ron-english-nfts\light-cult-crypto-club\images\LCCC-3026.png","10985","images/3001-3100/LCCC-3026.png","LCCC-3026.png","D:\github\ron-english-light-cult-3001-4000\images\3001-3100\LCCC-3026.png","items/lccc-3026.html","https://ronenglish-archive.github.io/ron-english-light-cult-3001-4000/items/lccc-3026.html","https://opensea.io/item/ethereum/0xbe85fbd182af91290be7293438ae67549638189f/3026","OK",""
"3027","3027","Light Cult Crypto Club #3027","RE-004837","3001-3100","D:\github\ron-english-nfts\light-cult-crypto-club\images\LCCC-3027.png","16561","images/3001-3100/LCCC-3027.png","LCCC-3027.png","D:\github\ron-english-light-cult-3001-4000\images\3001-3100\LCCC-3027.png","items/lccc-3027.html","https://ronenglish-archive.github.io/ron-english-light-cult-3001-4000/items/lccc-3027.html","https://opensea.io/item/ethereum/0xbe85fbd182af91290be7293438ae67549638189f/3027","OK",""
"3028","3028","Light Cult Crypto Club #3028","RE-004838","3001-3100","D:\github\ron-english-nfts\light-cult-crypto-club\images\LCCC-3028.png","21780","images/3001-3100/LCCC-3028.png","LCCC-3028.png","D:\github\ron-english-light-cult-3001-4000\images\3001-3100\LCCC-3028.png","items/lccc-3028.html","https://ronenglish-archive.github.io/ron-english-light-cult-3001-4000/items/lccc-3028.html","https://opensea.io/item/ethereum/0xbe85fbd182af91290be7293438ae67549638189f/3028","OK",""
"3029","3029","Light Cult Crypto Club #3029","RE-004839","3001-3100","D:\github\ron-english-nfts\light-cult-crypto-club\images\LCCC-3029.png","17810","images/3001-3100/LCCC-3029.png","LCCC-3029.png","D:\github\ron-english-light-cult-3001-4000\images\3001-3100\LCCC-3029.png","items/lccc-3029.html","https://ronenglish-archive.github.io/ron-english-light-cult-3001-4000/items/lccc-3029.html","https://opensea.io/item/ethereum/0xbe85fbd182af91290be7293438ae67549638189f/3029","OK",""
"3030","3030","Light Cult Crypto Club #3030","RE-004840","3001-3100","D:\github\ron-english-nfts\light-cult-crypto-club\images\LCCC-3030.png","6404","images/3001-3100/LCCC-3030.png","LCCC-3030.png","D:\github\ron-english-light-cult-3001-4000\images\3001-3100\LCCC-3030.png","items/lccc-3030.html","https://ronenglish-archive.github.io/ron-english-light-cult-3001-4000/items/lccc-3030.html","https://opensea.io/item/ethereum/0xbe85fbd182af91290be7293438ae67549638189f/3030","OK",""
"3031","3031","Light Cult Crypto Club #3031","RE-004841","3001-3100","D:\github\ron-english-nfts\light-cult-crypto-club\images\LCCC-3031.png","23625","images/3001-3100/LCCC-3031.png","LCCC-3031.png","D:\github\ron-english-light-cult-3001-4000\images\3001-3100\LCCC-3031.png","items/lccc-3031.html","https://ronenglish-archive.github.io/ron-english-light-cult-3001-4000/items/lccc-3031.html","https://opensea.io/item/ethereum/0xbe85fbd182af91290be7293438ae67549638189f/3031","OK",""
"3032","3032","Light Cult Crypto Club #3032","RE-004842","3001-3100","D:\github\ron-english-nfts\light-cult-crypto-club\images\LCCC-3032.png","17764","images/3001-3100/LCCC-3032.png","LCCC-3032.png","D:\github\ron-english-light-cult-3001-4000\images\3001-3100\LCCC-3032.png","items/lccc-3032.html","https://ronenglish-archive.github.io/ron-english-light-cult-3001-4000/items/lccc-3032.html","https://opensea.io/item/ethereum/0xbe85fbd182af91290be7293438ae67549638189f/3032","OK",""
"3033","3033","Light Cult Crypto Club #3033","RE-004843","3001-3100","D:\github\ron-english-nfts\light-cult-crypto-club\images\LCCC-3033.png","26557","images/3001-3100/LCCC-3033.png","LCCC-3033.png","D:\github\ron-english-light-cult-3001-4000\images\3001-3100\LCCC-3033.png","items/lccc-3033.html","https://ronenglish-archive.github.io/ron-english-light-cult-3001-4000/items/lccc-3033.html","https://opensea.io/item/ethereum/0xbe85fbd182af91290be7293438ae67549638189f/3033","OK",""
"3034","3034","Light Cult Crypto Club #3034","RE-004844","3001-3100","D:\github\ron-english-nfts\light-cult-crypto-club\images\LCCC-3034.png","6883","images/3001-3100/LCCC-3034.png","LCCC-3034.png","D:\github\ron-english-light-cult-3001-4000\images\3001-3100\LCCC-3034.png","items/lccc-3034.html","https://ronenglish-archive.github.io/ron-english-light-cult-3001-4000/items/lccc-3034.html","https://opensea.io/item/ethereum/0xbe85fbd182af91290be7293438ae67549638189f/3034","OK",""
"3035","3035","Light Cult Crypto Club #3035","RE-004845","3001-3100","D:\github\ron-english-nfts\light-cult-crypto-club\images\LCCC-3035.png","28803","images/3001-3100/LCCC-3035.png","LCCC-3035.png","D:\github\ron-english-light-cult-3001-4000\images\3001-3100\LCCC-3035.png","items/lccc-3035.html","https://ronenglish-archive.github.io/ron-english-light-cult-3001-4000/items/lccc-3035.html","https://opensea.io/item/ethereum/0xbe85fbd182af91290be7293438ae67549638189f/3035","OK",""
"3036","3036","Light Cult Crypto Club #3036","RE-004846","3001-3100","D:\github\ron-english-nfts\light-cult-crypto-club\images\LCCC-3036.png","4269","images/3001-3100/LCCC-3036.png","LCCC-3036.png","D:\github\ron-english-light-cult-3001-4000\images\3001-3100\LCCC-3036.png","items/lccc-3036.html","https://ronenglish-archive.github.io/ron-english-light-cult-3001-4000/items/lccc-3036.html","https://opensea.io/item/ethereum/0xbe85fbd182af91290be7293438ae67549638189f/3036","OK",""
"3037","3037","Light Cult Crypto Club #3037","RE-004847","3001-3100","D:\github\ron-english-nfts\light-cult-crypto-club\images\LCCC-3037.png","12851","images/3001-3100/LCCC-3037.png","LCCC-3037.png","D:\github\ron-english-light-cult-3001-4000\images\3001-3100\LCCC-3037.png","items/lccc-3037.html","https://ronenglish-archive.github.io/ron-english-light-cult-3001-4000/items/lccc-3037.html","https://opensea.io/item/ethereum/0xbe85fbd182af91290be7293438ae67549638189f/3037","OK",""
"3038","3038","Light Cult Crypto Club #3038","RE-004848","3001-3100","","","","","","items/lccc-3038.html","https://ronenglish-archive.github.io/ron-english-light-cult-3001-4000/items/lccc-3038.html","https://opensea.io/item/ethereum/0xbe85fbd182af91290be7293438ae67549638189f/3038","MISSING SOURCE IMAGE","No source image found for token #3038"
"3039","3039","Light Cult Crypto Club #3039","RE-004849","3001-3100","D:\github\ron-english-nfts\light-cult-crypto-club\images\LCCC-3039.png","23748","images/3001-3100/LCCC-3039.png","LCCC-3039.png","D:\github\ron-english-light-cult-3001-4000\images\3001-3100\LCCC-3039.png","items/lccc-3039.html","https://ronenglish-archive.github.io/ron-english-light-cult-3001-4000/items/lccc-3039.html","https://opensea.io/item/ethereum/0xbe85fbd182af91290be7293438ae67549638189f/3039","OK",""
"3040","3040","Light Cult Crypto Club #3040","RE-004850","3001-3100","","","","","","items/lccc-3040.html","https://ronenglish-archive.github.io/ron-english-light-cult-3001-4000/items/lccc-3040.html","https://opensea.io/item/ethereum/0xbe85fbd182af91290be7293438ae67549638189f/3040","MISSING SOURCE IMAGE","No source image found for token #3040"
"3041","3041","Light Cult Crypto Club #3041","RE-004851","3001-3100","D:\github\ron-english-nfts\light-cult-crypto-club\images\LCCC-3041.png","6209","images/3001-3100/LCCC-3041.png","LCCC-3041.png","D:\github\ron-english-light-cult-3001-4000\images\3001-3100\LCCC-3041.png","items/lccc-3041.html","https://ronenglish-archive.github.io/ron-english-light-cult-3001-4000/items/lccc-3041.html","https://opensea.io/item/ethereum/0xbe85fbd182af91290be7293438ae67549638189f/3041","OK",""
"3042","3042","Light Cult Crypto Club #3042","RE-004852","3001-3100","D:\github\ron-english-nfts\light-cult-crypto-club\images\LCCC-3042.png","30520","images/3001-3100/LCCC-3042.png","LCCC-3042.png","D:\github\ron-english-light-cult-3001-4000\images\3001-3100\LCCC-3042.png","items/lccc-3042.html","https://ronenglish-archive.github.io/ron-english-light-cult-3001-4000/items/lccc-3042.html","https://opensea.io/item/ethereum/0xbe85fbd182af91290be7293438ae67549638189f/3042","OK",""
"3043","3043","Light Cult Crypto Club #3043","RE-004853","3001-3100","D:\github\ron-english-nfts\light-cult-crypto-club\images\LCCC-3043.png","29017","images/3001-3100/LCCC-3043.png","LCCC-3043.png","D:\github\ron-english-light-cult-3001-4000\images\3001-3100\LCCC-3043.png","items/lccc-3043.html","https://ronenglish-archive.github.io/ron-english-light-cult-3001-4000/items/lccc-3043.html","https://opensea.io/item/ethereum/0xbe85fbd182af91290be7293438ae67549638189f/3043","OK",""
"3044","3044","Light Cult Crypto Club #3044","RE-004854","3001-3100","D:\github\ron-english-nfts\light-cult-crypto-club\images\LCCC-3044.png","5950","images/3001-3100/LCCC-3044.png","LCCC-3044.png","D:\github\ron-english-light-cult-3001-4000\images\3001-3100\LCCC-3044.png","items/lccc-3044.html","https://ronenglish-archive.github.io/ron-english-light-cult-3001-4000/items/lccc-3044.html","https://opensea.io/item/ethereum/0xbe85fbd182af91290be7293438ae67549638189f/3044","OK",""
"3045","3045","Light Cult Crypto Club #3045","RE-004855","3001-3100","D:\github\ron-english-nfts\light-cult-crypto-club\images\LCCC-3045.png","9323","images/3001-3100/LCCC-3045.png","LCCC-3045.png","D:\github\ron-english-light-cult-3001-4000\images\3001-3100\LCCC-3045.png","items/lccc-3045.html","https://ronenglish-archive.github.io/ron-english-light-cult-3001-4000/items/lccc-3045.html","https://opensea.io/item/ethereum/0xbe85fbd182af91290be7293438ae67549638189f/3045","OK",""
"3046","3046","Light Cult Crypto Club #3046","RE-004856","3001-3100","D:\github\ron-english-nfts\light-cult-crypto-club\images\LCCC-3046.png","8674","images/3001-3100/LCCC-3046.png","LCCC-3046.png","D:\github\ron-english-light-cult-3001-4000\images\3001-3100\LCCC-3046.png","items/lccc-3046.html","https://ronenglish-archive.github.io/ron-english-light-cult-3001-4000/items/lccc-3046.html","https://opensea.io/item/ethereum/0xbe85fbd182af91290be7293438ae67549638189f/3046","OK",""
"3047","3047","Light Cult Crypto Club #3047","RE-004857","3001-3100","D:\github\ron-english-nfts\light-cult-crypto-club\images\LCCC-3047.png","52539","images/3001-3100/LCCC-3047.png","LCCC-3047.png","D:\github\ron-english-light-cult-3001-4000\images\3001-3100\LCCC-3047.png","items/lccc-3047.html","https://ronenglish-archive.github.io/ron-english-light-cult-3001-4000/items/lccc-3047.html","https://opensea.io/item/ethereum/0xbe85fbd182af91290be7293438ae67549638189f/3047","OK",""
"3048","3048","Light Cult Crypto Club #3048","RE-004858","3001-3100","D:\github\ron-english-nfts\light-cult-crypto-club\images\LCCC-3048.png","33772","images/3001-3100/LCCC-3048.png","LCCC-3048.png","D:\github\ron-english-light-cult-3001-4000\images\3001-3100\LCCC-3048.png","items/lccc-3048.html","https://ronenglish-archive.github.io/ron-english-light-cult-3001-4000/items/lccc-3048.html","https://opensea.io/item/ethereum/0xbe85fbd182af91290be7293438ae67549638189f/3048","OK",""
"3049","3049","Light Cult Crypto Club #3049","RE-004859","3001-3100","D:\github\ron-english-nfts\light-cult-crypto-club\images\LCCC-3049.png","51403","images/3001-3100/LCCC-3049.png","LCCC-3049.png","D:\github\ron-english-light-cult-3001-4000\images\3001-3100\LCCC-3049.png","items/lccc-3049.html","https://ronenglish-archive.github.io/ron-english-light-cult-3001-4000/items/lccc-3049.html","https://opensea.io/item/ethereum/0xbe85fbd182af91290be7293438ae67549638189f/3049","OK",""
"3050","3050","Light Cult Crypto Club #3050","RE-004860","3001-3100","D:\github\ron-english-nfts\light-cult-crypto-club\images\LCCC-3050.png","6024","images/3001-3100/LCCC-3050.png","LCCC-3050.png","D:\github\ron-english-light-cult-3001-4000\images\3001-3100\LCCC-3050.png","items/lccc-3050.html","https://ronenglish-archive.github.io/ron-english-light-cult-3001-4000/items/lccc-3050.html","https://opensea.io/item/ethereum/0xbe85fbd182af91290be7293438ae67549638189f/3050","OK",""
"3051","3051","Light Cult Crypto Club #3051","RE-004861","3001-3100","D:\github\ron-english-nfts\light-cult-crypto-club\images\LCCC-3051.png","13730","images/3001-3100/LCCC-3051.png","LCCC-3051.png","D:\github\ron-english-light-cult-3001-4000\images\3001-3100\LCCC-3051.png","items/lccc-3051.html","https://ronenglish-archive.github.io/ron-english-light-cult-3001-4000/items/lccc-3051.html","https://opensea.io/item/ethereum/0xbe85fbd182af91290be7293438ae67549638189f/3051","OK",""
"3052","3052","Light Cult Crypto Club #3052","RE-004862","3001-3100","D:\github\ron-english-nfts\light-cult-crypto-club\images\LCCC-3052.png","31422","images/3001-3100/LCCC-3052.png","LCCC-3052.png","D:\github\ron-english-light-cult-3001-4000\images\3001-3100\LCCC-3052.png","items/lccc-3052.html","https://ronenglish-archive.github.io/ron-english-light-cult-3001-4000/items/lccc-3052.html","https://opensea.io/item/ethereum/0xbe85fbd182af91290be7293438ae67549638189f/3052","OK",""
"3053","3053","Light Cult Crypto Club #3053","RE-004863","3001-3100","D:\github\ron-english-nfts\light-cult-crypto-club\images\LCCC-3053.png","4694","images/3001-3100/LCCC-3053.png","LCCC-3053.png","D:\github\ron-english-light-cult-3001-4000\images\3001-3100\LCCC-3053.png","items/lccc-3053.html","https://ronenglish-archive.github.io/ron-english-light-cult-3001-4000/items/lccc-3053.html","https://opensea.io/item/ethereum/0xbe85fbd182af91290be7293438ae67549638189f/3053","OK",""
"3054","3054","Light Cult Crypto Club #3054","RE-004864","3001-3100","D:\github\ron-english-nfts\light-cult-crypto-club\images\LCCC-3054.png","17337","images/3001-3100/LCCC-3054.png","LCCC-3054.png","D:\github\ron-english-light-cult-3001-4000\images\3001-3100\LCCC-3054.png","items/lccc-3054.html","https://ronenglish-archive.github.io/ron-english-light-cult-3001-4000/items/lccc-3054.html","https://opensea.io/item/ethereum/0xbe85fbd182af91290be7293438ae67549638189f/3054","OK",""
"3055","3055","Light Cult Crypto Club #3055","RE-004865","3001-3100","D:\github\ron-english-nfts\light-cult-crypto-club\images\LCCC-3055.png","23821","images/3001-3100/LCCC-3055.png","LCCC-3055.png","D:\github\ron-english-light-cult-3001-4000\images\3001-3100\LCCC-3055.png","items/lccc-3055.html","https://ronenglish-archive.github.io/ron-english-light-cult-3001-4000/items/lccc-3055.html","https://opensea.io/item/ethereum/0xbe85fbd182af91290be7293438ae67549638189f/3055","OK",""
"3056","3056","Light Cult Crypto Club #3056","RE-004866","3001-3100","D:\github\ron-english-nfts\light-cult-crypto-club\images\LCCC-3056.png","10630","images/3001-3100/LCCC-3056.png","LCCC-3056.png","D:\github\ron-english-light-cult-3001-4000\images\3001-3100\LCCC-3056.png","items/lccc-3056.html","https://ronenglish-archive.github.io/ron-english-light-cult-3001-4000/items/lccc-3056.html","https://opensea.io/item/ethereum/0xbe85fbd182af91290be7293438ae67549638189f/3056","OK",""
"3057","3057","Light Cult Crypto Club #3057","RE-004867","3001-3100","D:\github\ron-english-nfts\light-cult-crypto-club\images\LCCC-3057.png","7595","images/3001-3100/LCCC-3057.png","LCCC-3057.png","D:\github\ron-english-light-cult-3001-4000\images\3001-3100\LCCC-3057.png","items/lccc-3057.html","https://ronenglish-archive.github.io/ron-english-light-cult-3001-4000/items/lccc-3057.html","https://opensea.io/item/ethereum/0xbe85fbd182af91290be7293438ae67549638189f/3057","OK",""
"3058","3058","Light Cult Crypto Club #3058","RE-004868","3001-3100","D:\github\ron-english-nfts\light-cult-crypto-club\images\LCCC-3058.png","10129","images/3001-3100/LCCC-3058.png","LCCC-3058.png","D:\github\ron-english-light-cult-3001-4000\images\3001-3100\LCCC-3058.png","items/lccc-3058.html","https://ronenglish-archive.github.io/ron-english-light-cult-3001-4000/items/lccc-3058.html","https://opensea.io/item/ethereum/0xbe85fbd182af91290be7293438ae67549638189f/3058","OK",""
"3059","3059","Light Cult Crypto Club #3059","RE-004869","3001-3100","D:\github\ron-english-nfts\light-cult-crypto-club\images\LCCC-3059.png","17462","images/3001-3100/LCCC-3059.png","LCCC-3059.png","D:\github\ron-english-light-cult-3001-4000\images\3001-3100\LCCC-3059.png","items/lccc-3059.html","https://ronenglish-archive.github.io/ron-english-light-cult-3001-4000/items/lccc-3059.html","https://opensea.io/item/ethereum/0xbe85fbd182af91290be7293438ae67549638189f/3059","OK",""
"3060","3060","Light Cult Crypto Club #3060","RE-004870","3001-3100","D:\github\ron-english-nfts\light-cult-crypto-club\images\LCCC-3060.png","13361","images/3001-3100/LCCC-3060.png","LCCC-3060.png","D:\github\ron-english-light-cult-3001-4000\images\3001-3100\LCCC-3060.png","items/lccc-3060.html","https://ronenglish-archive.github.io/ron-english-light-cult-3001-4000/items/lccc-3060.html","https://opensea.io/item/ethereum/0xbe85fbd182af91290be7293438ae67549638189f/3060","OK",""
"3061","3061","Light Cult Crypto Club #3061","RE-004871","3001-3100","D:\github\ron-english-nfts\light-cult-crypto-club\images\LCCC-3061.png","10429","images/3001-3100/LCCC-3061.png","LCCC-3061.png","D:\github\ron-english-light-cult-3001-4000\images\3001-3100\LCCC-3061.png","items/lccc-3061.html","https://ronenglish-archive.github.io/ron-english-light-cult-3001-4000/items/lccc-3061.html","https://opensea.io/item/ethereum/0xbe85fbd182af91290be7293438ae67549638189f/3061","OK",""
"3062","3062","Light Cult Crypto Club #3062","RE-004872","3001-3100","D:\github\ron-english-nfts\light-cult-crypto-club\images\LCCC-3062.png","14259","images/3001-3100/LCCC-3062.png","LCCC-3062.png","D:\github\ron-english-light-cult-3001-4000\images\3001-3100\LCCC-3062.png","items/lccc-3062.html","https://ronenglish-archive.github.io/ron-english-light-cult-3001-4000/items/lccc-3062.html","https://opensea.io/item/ethereum/0xbe85fbd182af91290be7293438ae67549638189f/3062","OK",""
"3063","3063","Light Cult Crypto Club #3063","RE-004873","3001-3100","D:\github\ron-english-nfts\light-cult-crypto-club\images\LCCC-3063.png","40780","images/3001-3100/LCCC-3063.png","LCCC-3063.png","D:\github\ron-english-light-cult-3001-4000\images\3001-3100\LCCC-3063.png","items/lccc-3063.html","https://ronenglish-archive.github.io/ron-english-light-cult-3001-4000/items/lccc-3063.html","https://opensea.io/item/ethereum/0xbe85fbd182af91290be7293438ae67549638189f/3063","OK",""
"3064","3064","Light Cult Crypto Club #3064","RE-004874","3001-3100","D:\github\ron-english-nfts\light-cult-crypto-club\images\LCCC-3064.png","40702","images/3001-3100/LCCC-3064.png","LCCC-3064.png","D:\github\ron-english-light-cult-3001-4000\images\3001-3100\LCCC-3064.png","items/lccc-3064.html","https://ronenglish-archive.github.io/ron-english-light-cult-3001-4000/items/lccc-3064.html","https://opensea.io/item/ethereum/0xbe85fbd182af91290be7293438ae67549638189f/3064","OK",""
"3065","3065","Light Cult Crypto Club #3065","RE-004875","3001-3100","D:\github\ron-english-nfts\light-cult-crypto-club\images\LCCC-3065.png","24564","images/3001-3100/LCCC-3065.png","LCCC-3065.png","D:\github\ron-english-light-cult-3001-4000\images\3001-3100\LCCC-3065.png","items/lccc-3065.html","https://ronenglish-archive.github.io/ron-english-light-cult-3001-4000/items/lccc-3065.html","https://opensea.io/item/ethereum/0xbe85fbd182af91290be7293438ae67549638189f/3065","OK",""
"3066","3066","Light Cult Crypto Club #3066","RE-004876","3001-3100","D:\github\ron-english-nfts\light-cult-crypto-club\images\LCCC-3066.png","25481","images/3001-3100/LCCC-3066.png","LCCC-3066.png","D:\github\ron-english-light-cult-3001-4000\images\3001-3100\LCCC-3066.png","items/lccc-3066.html","https://ronenglish-archive.github.io/ron-english-light-cult-3001-4000/items/lccc-3066.html","https://opensea.io/item/ethereum/0xbe85fbd182af91290be7293438ae67549638189f/3066","OK",""
"3067","3067","Light Cult Crypto Club #3067","RE-004877","3001-3100","D:\github\ron-english-nfts\light-cult-crypto-club\images\LCCC-3067.png","27658","images/3001-3100/LCCC-3067.png","LCCC-3067.png","D:\github\ron-english-light-cult-3001-4000\images\3001-3100\LCCC-3067.png","items/lccc-3067.html","https://ronenglish-archive.github.io/ron-english-light-cult-3001-4000/items/lccc-3067.html","https://opensea.io/item/ethereum/0xbe85fbd182af91290be7293438ae67549638189f/3067","OK",""
"3068","3068","Light Cult Crypto Club #3068","RE-004878","3001-3100","D:\github\ron-english-nfts\light-cult-crypto-club\images\LCCC-3068.png","33078","images/3001-3100/LCCC-3068.png","LCCC-3068.png","D:\github\ron-english-light-cult-3001-4000\images\3001-3100\LCCC-3068.png","items/lccc-3068.html","https://ronenglish-archive.github.io/ron-english-light-cult-3001-4000/items/lccc-3068.html","https://opensea.io/item/ethereum/0xbe85fbd182af91290be7293438ae67549638189f/3068","OK",""
"3069","3069","Light Cult Crypto Club #3069","RE-004879","3001-3100","","","","","","items/lccc-3069.html","https://ronenglish-archive.github.io/ron-english-light-cult-3001-4000/items/lccc-3069.html","https://opensea.io/item/ethereum/0xbe85fbd182af91290be7293438ae67549638189f/3069","MISSING SOURCE IMAGE","No source image found for token #3069"
"3070","3070","Light Cult Crypto Club #3070","RE-004880","3001-3100","D:\github\ron-english-nfts\light-cult-crypto-club\images\LCCC-3070.png","27769","images/3001-3100/LCCC-3070.png","LCCC-3070.png","D:\github\ron-english-light-cult-3001-4000\images\3001-3100\LCCC-3070.png","items/lccc-3070.html","https://ronenglish-archive.github.io/ron-english-light-cult-3001-4000/items/lccc-3070.html","https://opensea.io/item/ethereum/0xbe85fbd182af91290be7293438ae67549638189f/3070","OK",""
"3071","3071","Light Cult Crypto Club #3071","RE-004881","3001-3100","D:\github\ron-english-nfts\light-cult-crypto-club\images\LCCC-3071.png","31463","images/3001-3100/LCCC-3071.png","LCCC-3071.png","D:\github\ron-english-light-cult-3001-4000\images\3001-3100\LCCC-3071.png","items/lccc-3071.html","https://ronenglish-archive.github.io/ron-english-light-cult-3001-4000/items/lccc-3071.html","https://opensea.io/item/ethereum/0xbe85fbd182af91290be7293438ae67549638189f/3071","OK",""
"3072","3072","Light Cult Crypto Club #3072","RE-004882","3001-3100","","","","","","items/lccc-3072.html","https://ronenglish-archive.github.io/ron-english-light-cult-3001-4000/items/lccc-3072.html","https://opensea.io/item/ethereum/0xbe85fbd182af91290be7293438ae67549638189f/3072","MISSING SOURCE IMAGE","No source image found for token #3072"
"3073","3073","Light Cult Crypto Club #3073","RE-004883","3001-3100","D:\github\ron-english-nfts\light-cult-crypto-club\images\LCCC-3073.png","22757","images/3001-3100/LCCC-3073.png","LCCC-3073.png","D:\github\ron-english-light-cult-3001-4000\images\3001-3100\LCCC-3073.png","items/lccc-3073.html","https://ronenglish-archive.github.io/ron-english-light-cult-3001-4000/items/lccc-3073.html","https://opensea.io/item/ethereum/0xbe85fbd182af91290be7293438ae67549638189f/3073","OK",""
"3074","3074","Light Cult Crypto Club #3074","RE-004884","3001-3100","D:\github\ron-english-nfts\light-cult-crypto-club\images\LCCC-3074.png","33240","images/3001-3100/LCCC-3074.png","LCCC-3074.png","D:\github\ron-english-light-cult-3001-4000\images\3001-3100\LCCC-3074.png","items/lccc-3074.html","https://ronenglish-archive.github.io/ron-english-light-cult-3001-4000/items/lccc-3074.html","https://opensea.io/item/ethereum/0xbe85fbd182af91290be7293438ae67549638189f/3074","OK",""
"3075","3075","Light Cult Crypto Club #3075","RE-004885","3001-3100","D:\github\ron-english-nfts\light-cult-crypto-club\images\LCCC-3075.png","19554","images/3001-3100/LCCC-3075.png","LCCC-3075.png","D:\github\ron-english-light-cult-3001-4000\images\3001-3100\LCCC-3075.png","items/lccc-3075.html","https://ronenglish-archive.github.io/ron-english-light-cult-3001-4000/items/lccc-3075.html","https://opensea.io/item/ethereum/0xbe85fbd182af91290be7293438ae67549638189f/3075","OK",""
"3076","3076","Light Cult Crypto Club #3076","RE-004886","3001-3100","D:\github\ron-english-nfts\light-cult-crypto-club\images\LCCC-3076.png","20452","images/3001-3100/LCCC-3076.png","LCCC-3076.png","D:\github\ron-english-light-cult-3001-4000\images\3001-3100\LCCC-3076.png","items/lccc-3076.html","https://ronenglish-archive.github.io/ron-english-light-cult-3001-4000/items/lccc-3076.html","https://opensea.io/item/ethereum/0xbe85fbd182af91290be7293438ae67549638189f/3076","OK",""
"3077","3077","Light Cult Crypto Club #3077","RE-004887","3001-3100","D:\github\ron-english-nfts\light-cult-crypto-club\images\LCCC-3077.png","34427","images/3001-3100/LCCC-3077.png","LCCC-3077.png","D:\github\ron-english-light-cult-3001-4000\images\3001-3100\LCCC-3077.png","items/lccc-3077.html","https://ronenglish-archive.github.io/ron-english-light-cult-3001-4000/items/lccc-3077.html","https://opensea.io/item/ethereum/0xbe85fbd182af91290be7293438ae67549638189f/3077","OK",""
"3078","3078","Light Cult Crypto Club #3078","RE-004888","3001-3100","D:\github\ron-english-nfts\light-cult-crypto-club\images\LCCC-3078.png","52069","images/3001-3100/LCCC-3078.png","LCCC-3078.png","D:\github\ron-english-light-cult-3001-4000\images\3001-3100\LCCC-3078.png","items/lccc-3078.html","https://ronenglish-archive.github.io/ron-english-light-cult-3001-4000/items/lccc-3078.html","https://opensea.io/item/ethereum/0xbe85fbd182af91290be7293438ae67549638189f/3078","OK",""
"3079","3079","Light Cult Crypto Club #3079","RE-004889","3001-3100","D:\github\ron-english-nfts\light-cult-crypto-club\images\LCCC-3079.png","20265","images/3001-3100/LCCC-3079.png","LCCC-3079.png","D:\github\ron-english-light-cult-3001-4000\images\3001-3100\LCCC-3079.png","items/lccc-3079.html","https://ronenglish-archive.github.io/ron-english-light-cult-3001-4000/items/lccc-3079.html","https://opensea.io/item/ethereum/0xbe85fbd182af91290be7293438ae67549638189f/3079","OK",""
"3080","3080","Light Cult Crypto Club #3080","RE-004890","3001-3100","","","","","","items/lccc-3080.html","https://ronenglish-archive.github.io/ron-english-light-cult-3001-4000/items/lccc-3080.html","https://opensea.io/item/ethereum/0xbe85fbd182af91290be7293438ae67549638189f/3080","MISSING SOURCE IMAGE","No source image found for token #3080"
"3081","3081","Light Cult Crypto Club #3081","RE-004891","3001-3100","D:\github\ron-english-nfts\light-cult-crypto-club\images\LCCC-3081.png","13537","images/3001-3100/LCCC-3081.png","LCCC-3081.png","D:\github\ron-english-light-cult-3001-4000\images\3001-3100\LCCC-3081.png","items/lccc-3081.html","https://ronenglish-archive.github.io/ron-english-light-cult-3001-4000/items/lccc-3081.html","https://opensea.io/item/ethereum/0xbe85fbd182af91290be7293438ae67549638189f/3081","OK",""
"3082","3082","Light Cult Crypto Club #3082","RE-004892","3001-3100","D:\github\ron-english-nfts\light-cult-crypto-club\images\LCCC-3082.png","33888","images/3001-3100/LCCC-3082.png","LCCC-3082.png","D:\github\ron-english-light-cult-3001-4000\images\3001-3100\LCCC-3082.png","items/lccc-3082.html","https://ronenglish-archive.github.io/ron-english-light-cult-3001-4000/items/lccc-3082.html","https://opensea.io/item/ethereum/0xbe85fbd182af91290be7293438ae67549638189f/3082","OK",""
"3083","3083","Light Cult Crypto Club #3083","RE-004893","3001-3100","D:\github\ron-english-nfts\light-cult-crypto-club\images\LCCC-3083.png","19176","images/3001-3100/LCCC-3083.png","LCCC-3083.png","D:\github\ron-english-light-cult-3001-4000\images\3001-3100\LCCC-3083.png","items/lccc-3083.html","https://ronenglish-archive.github.io/ron-english-light-cult-3001-4000/items/lccc-3083.html","https://opensea.io/item/ethereum/0xbe85fbd182af91290be7293438ae67549638189f/3083","OK",""
"3084","3084","Light Cult Crypto Club #3084","RE-004894","3001-3100","D:\github\ron-english-nfts\light-cult-crypto-club\images\LCCC-3084.png","12050","images/3001-3100/LCCC-3084.png","LCCC-3084.png","D:\github\ron-english-light-cult-3001-4000\images\3001-3100\LCCC-3084.png","items/lccc-3084.html","https://ronenglish-archive.github.io/ron-english-light-cult-3001-4000/items/lccc-3084.html","https://opensea.io/item/ethereum/0xbe85fbd182af91290be7293438ae67549638189f/3084","OK",""
"3085","3085","Light Cult Crypto Club #3085","RE-004895","3001-3100","D:\github\ron-english-nfts\light-cult-crypto-club\images\LCCC-3085.png","18312","images/3001-3100/LCCC-3085.png","LCCC-3085.png","D:\github\ron-english-light-cult-3001-4000\images\3001-3100\LCCC-3085.png","items/lccc-3085.html","https://ronenglish-archive.github.io/ron-english-light-cult-3001-4000/items/lccc-3085.html","https://opensea.io/item/ethereum/0xbe85fbd182af91290be7293438ae67549638189f/3085","OK",""
"3086","3086","Light Cult Crypto Club #3086","RE-004896","3001-3100","D:\github\ron-english-nfts\light-cult-crypto-club\images\LCCC-3086.png","35843","images/3001-3100/LCCC-3086.png","LCCC-3086.png","D:\github\ron-english-light-cult-3001-4000\images\3001-3100\LCCC-3086.png","items/lccc-3086.html","https://ronenglish-archive.github.io/ron-english-light-cult-3001-4000/items/lccc-3086.html","https://opensea.io/item/ethereum/0xbe85fbd182af91290be7293438ae67549638189f/3086","OK",""
"3087","3087","Light Cult Crypto Club #3087","RE-004897","3001-3100","D:\github\ron-english-nfts\light-cult-crypto-club\images\LCCC-3087.png","41115","images/3001-3100/LCCC-3087.png","LCCC-3087.png","D:\github\ron-english-light-cult-3001-4000\images\3001-3100\LCCC-3087.png","items/lccc-3087.html","https://ronenglish-archive.github.io/ron-english-light-cult-3001-4000/items/lccc-3087.html","https://opensea.io/item/ethereum/0xbe85fbd182af91290be7293438ae67549638189f/3087","OK",""
"3088","3088","Light Cult Crypto Club #3088","RE-004898","3001-3100","D:\github\ron-english-nfts\light-cult-crypto-club\images\LCCC-3088.png","42367","images/3001-3100/LCCC-3088.png","LCCC-3088.png","D:\github\ron-english-light-cult-3001-4000\images\3001-3100\LCCC-3088.png","items/lccc-3088.html","https://ronenglish-archive.github.io/ron-english-light-cult-3001-4000/items/lccc-3088.html","https://opensea.io/item/ethereum/0xbe85fbd182af91290be7293438ae67549638189f/3088","OK",""
"3089","3089","Light Cult Crypto Club #3089","RE-004899","3001-3100","D:\github\ron-english-nfts\light-cult-crypto-club\images\LCCC-3089.png","6036","images/3001-3100/LCCC-3089.png","LCCC-3089.png","D:\github\ron-english-light-cult-3001-4000\images\3001-3100\LCCC-3089.png","items/lccc-3089.html","https://ronenglish-archive.github.io/ron-english-light-cult-3001-4000/items/lccc-3089.html","https://opensea.io/item/ethereum/0xbe85fbd182af91290be7293438ae67549638189f/3089","OK",""
"3090","3090","Light Cult Crypto Club #3090","RE-004900","3001-3100","","","","","","items/lccc-3090.html","https://ronenglish-archive.github.io/ron-english-light-cult-3001-4000/items/lccc-3090.html","https://opensea.io/item/ethereum/0xbe85fbd182af91290be7293438ae67549638189f/3090","MISSING SOURCE IMAGE","No source image found for token #3090"
"3091","3091","Light Cult Crypto Club #3091","RE-004901","3001-3100","D:\github\ron-english-nfts\light-cult-crypto-club\images\LCCC-3091.png","28370","images/3001-3100/LCCC-3091.png","LCCC-3091.png","D:\github\ron-english-light-cult-3001-4000\images\3001-3100\LCCC-3091.png","items/lccc-3091.html","https://ronenglish-archive.github.io/ron-english-light-cult-3001-4000/items/lccc-3091.html","https://opensea.io/item/ethereum/0xbe85fbd182af91290be7293438ae67549638189f/3091","OK",""
"3092","3092","Light Cult Crypto Club #3092","RE-004902","3001-3100","D:\github\ron-english-nfts\light-cult-crypto-club\images\LCCC-3092.png","5657","images/3001-3100/LCCC-3092.png","LCCC-3092.png","D:\github\ron-english-light-cult-3001-4000\images\3001-3100\LCCC-3092.png","items/lccc-3092.html","https://ronenglish-archive.github.io/ron-english-light-cult-3001-4000/items/lccc-3092.html","https://opensea.io/item/ethereum/0xbe85fbd182af91290be7293438ae67549638189f/3092","OK",""
"3093","3093","Light Cult Crypto Club #3093","RE-004903","3001-3100","D:\github\ron-english-nfts\light-cult-crypto-club\images\LCCC-3093.png","6733","images/3001-3100/LCCC-3093.png","LCCC-3093.png","D:\github\ron-english-light-cult-3001-4000\images\3001-3100\LCCC-3093.png","items/lccc-3093.html","https://ronenglish-archive.github.io/ron-english-light-cult-3001-4000/items/lccc-3093.html","https://opensea.io/item/ethereum/0xbe85fbd182af91290be7293438ae67549638189f/3093","OK",""
"3094","3094","Light Cult Crypto Club #3094","RE-004904","3001-3100","D:\github\ron-english-nfts\light-cult-crypto-club\images\LCCC-3094.png","30333","images/3001-3100/LCCC-3094.png","LCCC-3094.png","D:\github\ron-english-light-cult-3001-4000\images\3001-3100\LCCC-3094.png","items/lccc-3094.html","https://ronenglish-archive.github.io/ron-english-light-cult-3001-4000/items/lccc-3094.html","https://opensea.io/item/ethereum/0xbe85fbd182af91290be7293438ae67549638189f/3094","OK",""
"3095","3095","Light Cult Crypto Club #3095","RE-004905","3001-3100","D:\github\ron-english-nfts\light-cult-crypto-club\images\LCCC-3095.png","28116","images/3001-3100/LCCC-3095.png","LCCC-3095.png","D:\github\ron-english-light-cult-3001-4000\images\3001-3100\LCCC-3095.png","items/lccc-3095.html","https://ronenglish-archive.github.io/ron-english-light-cult-3001-4000/items/lccc-3095.html","https://opensea.io/item/ethereum/0xbe85fbd182af91290be7293438ae67549638189f/3095","OK",""
"3096","3096","Light Cult Crypto Club #3096","RE-004906","3001-3100","D:\github\ron-english-nfts\light-cult-crypto-club\images\LCCC-3096.png","30173","images/3001-3100/LCCC-3096.png","LCCC-3096.png","D:\github\ron-english-light-cult-3001-4000\images\3001-3100\LCCC-3096.png","items/lccc-3096.html","https://ronenglish-archive.github.io/ron-english-light-cult-3001-4000/items/lccc-3096.html","https://opensea.io/item/ethereum/0xbe85fbd182af91290be7293438ae67549638189f/3096","OK",""
"3097","3097","Light Cult Crypto Club #3097","RE-004907","3001-3100","D:\github\ron-english-nfts\light-cult-crypto-club\images\LCCC-3097.png","27121","images/3001-3100/LCCC-3097.png","LCCC-3097.png","D:\github\ron-english-light-cult-3001-4000\images\3001-3100\LCCC-3097.png","items/lccc-3097.html","https://ronenglish-archive.github.io/ron-english-light-cult-3001-4000/items/lccc-3097.html","https://opensea.io/item/ethereum/0xbe85fbd182af91290be7293438ae67549638189f/3097","OK",""
"3098","3098","Light Cult Crypto Club #3098","RE-004908","3001-3100","D:\github\ron-english-nfts\light-cult-crypto-club\images\LCCC-3098.png","22205","images/3001-3100/LCCC-3098.png","LCCC-3098.png","D:\github\ron-english-light-cult-3001-4000\images\3001-3100\LCCC-3098.png","items/lccc-3098.html","https://ronenglish-archive.github.io/ron-english-light-cult-3001-4000/items/lccc-3098.html","https://opensea.io/item/ethereum/0xbe85fbd182af91290be7293438ae67549638189f/3098","OK",""
"3099","3099","Light Cult Crypto Club #3099","RE-004909","3001-3100","D:\github\ron-english-nfts\light-cult-crypto-club\images\LCCC-3099.png","10812","images/3001-3100/LCCC-3099.png","LCCC-3099.png","D:\github\ron-english-light-cult-3001-4000\images\3001-3100\LCCC-3099.png","items/lccc-3099.html","https://ronenglish-archive.github.io/ron-english-light-cult-3001-4000/items/lccc-3099.html","https://opensea.io/item/ethereum/0xbe85fbd182af91290be7293438ae67549638189f/3099","OK",""
"3100","3100","Light Cult Crypto Club #3100","RE-004910","3001-3100","D:\github\ron-english-nfts\light-cult-crypto-club\images\LCCC-3100.png","14335","images/3001-3100/LCCC-3100.png","LCCC-3100.png","D:\github\ron-english-light-cult-3001-4000\images\3001-3100\LCCC-3100.png","items/lccc-3100.html","https://ronenglish-archive.github.io/ron-english-light-cult-3001-4000/items/lccc-3100.html","https://opensea.io/item/ethereum/0xbe85fbd182af91290be7293438ae67549638189f/3100","OK",""
"3101","3101","Light Cult Crypto Club #3101","RE-004911","3101-3200","","","","","","items/lccc-3101.html","https://ronenglish-archive.github.io/ron-english-light-cult-3001-4000/items/lccc-3101.html","https://opensea.io/item/ethereum/0xbe85fbd182af91290be7293438ae67549638189f/3101","MISSING SOURCE IMAGE","No source image found for token #3101"
"3102","3102","Light Cult Crypto Club #3102","RE-004912","3101-3200","D:\github\ron-english-nfts\light-cult-crypto-club\images\LCCC-3102.png","5318","images/3101-3200/LCCC-3102.png","LCCC-3102.png","D:\github\ron-english-light-cult-3001-4000\images\3101-3200\LCCC-3102.png","items/lccc-3102.html","https://ronenglish-archive.github.io/ron-english-light-cult-3001-4000/items/lccc-3102.html","https://opensea.io/item/ethereum/0xbe85fbd182af91290be7293438ae67549638189f/3102","OK",""
"3103","3103","Light Cult Crypto Club #3103","RE-004913","3101-3200","D:\github\ron-english-nfts\light-cult-crypto-club\images\LCCC-3103.png","4328","images/3101-3200/LCCC-3103.png","LCCC-3103.png","D:\github\ron-english-light-cult-3001-4000\images\3101-3200\LCCC-3103.png","items/lccc-3103.html","https://ronenglish-archive.github.io/ron-english-light-cult-3001-4000/items/lccc-3103.html","https://opensea.io/item/ethereum/0xbe85fbd182af91290be7293438ae67549638189f/3103","OK",""
"3104","3104","Light Cult Crypto Club #3104","RE-004914","3101-3200","D:\github\ron-english-nfts\light-cult-crypto-club\images\LCCC-3104.png","33786","images/3101-3200/LCCC-3104.png","LCCC-3104.png","D:\github\ron-english-light-cult-3001-4000\images\3101-3200\LCCC-3104.png","items/lccc-3104.html","https://ronenglish-archive.github.io/ron-english-light-cult-3001-4000/items/lccc-3104.html","https://opensea.io/item/ethereum/0xbe85fbd182af91290be7293438ae67549638189f/3104","OK",""
"3105","3105","Light Cult Crypto Club #3105","RE-004915","3101-3200","","","","","","items/lccc-3105.html","https://ronenglish-archive.github.io/ron-english-light-cult-3001-4000/items/lccc-3105.html","https://opensea.io/item/ethereum/0xbe85fbd182af91290be7293438ae67549638189f/3105","MISSING SOURCE IMAGE","No source image found for token #3105"
"3106","3106","Light Cult Crypto Club #3106","RE-004916","3101-3200","D:\github\ron-english-nfts\light-cult-crypto-club\images\LCCC-3106.png","13921","images/3101-3200/LCCC-3106.png","LCCC-3106.png","D:\github\ron-english-light-cult-3001-4000\images\3101-3200\LCCC-3106.png","items/lccc-3106.html","https://ronenglish-archive.github.io/ron-english-light-cult-3001-4000/items/lccc-3106.html","https://opensea.io/item/ethereum/0xbe85fbd182af91290be7293438ae67549638189f/3106","OK",""
"3107","3107","Light Cult Crypto Club #3107","RE-004917","3101-3200","D:\github\ron-english-nfts\light-cult-crypto-club\images\LCCC-3107.png","6882","images/3101-3200/LCCC-3107.png","LCCC-3107.png","D:\github\ron-english-light-cult-3001-4000\images\3101-3200\LCCC-3107.png","items/lccc-3107.html","https://ronenglish-archive.github.io/ron-english-light-cult-3001-4000/items/lccc-3107.html","https://opensea.io/item/ethereum/0xbe85fbd182af91290be7293438ae67549638189f/3107","OK",""
"3108","3108","Light Cult Crypto Club #3108","RE-004918","3101-3200","D:\github\ron-english-nfts\light-cult-crypto-club\images\LCCC-3108.png","10727","images/3101-3200/LCCC-3108.png","LCCC-3108.png","D:\github\ron-english-light-cult-3001-4000\images\3101-3200\LCCC-3108.png","items/lccc-3108.html","https://ronenglish-archive.github.io/ron-english-light-cult-3001-4000/items/lccc-3108.html","https://opensea.io/item/ethereum/0xbe85fbd182af91290be7293438ae67549638189f/3108","OK",""
"3109","3109","Light Cult Crypto Club #3109","RE-004919","3101-3200","D:\github\ron-english-nfts\light-cult-crypto-club\images\LCCC-3109.png","20283","images/3101-3200/LCCC-3109.png","LCCC-3109.png","D:\github\ron-english-light-cult-3001-4000\images\3101-3200\LCCC-3109.png","items/lccc-3109.html","https://ronenglish-archive.github.io/ron-english-light-cult-3001-4000/items/lccc-3109.html","https://opensea.io/item/ethereum/0xbe85fbd182af91290be7293438ae67549638189f/3109","OK",""
"3110","3110","Light Cult Crypto Club #3110","RE-004920","3101-3200","D:\github\ron-english-nfts\light-cult-crypto-club\images\LCCC-3110.png","24424","images/3101-3200/LCCC-3110.png","LCCC-3110.png","D:\github\ron-english-light-cult-3001-4000\images\3101-3200\LCCC-3110.png","items/lccc-3110.html","https://ronenglish-archive.github.io/ron-english-light-cult-3001-4000/items/lccc-3110.html","https://opensea.io/item/ethereum/0xbe85fbd182af91290be7293438ae67549638189f/3110","OK",""
"3111","3111","Light Cult Crypto Club #3111","RE-004921","3101-3200","D:\github\ron-english-nfts\light-cult-crypto-club\images\LCCC-3111.png","13568","images/3101-3200/LCCC-3111.png","LCCC-3111.png","D:\github\ron-english-light-cult-3001-4000\images\3101-3200\LCCC-3111.png","items/lccc-3111.html","https://ronenglish-archive.github.io/ron-english-light-cult-3001-4000/items/lccc-3111.html","https://opensea.io/item/ethereum/0xbe85fbd182af91290be7293438ae67549638189f/3111","OK",""
"3112","3112","Light Cult Crypto Club #3112","RE-004922","3101-3200","D:\github\ron-english-nfts\light-cult-crypto-club\images\LCCC-3112.png","29277","images/3101-3200/LCCC-3112.png","LCCC-3112.png","D:\github\ron-english-light-cult-3001-4000\images\3101-3200\LCCC-3112.png","items/lccc-3112.html","https://ronenglish-archive.github.io/ron-english-light-cult-3001-4000/items/lccc-3112.html","https://opensea.io/item/ethereum/0xbe85fbd182af91290be7293438ae67549638189f/3112","OK",""
"3113","3113","Light Cult Crypto Club #3113","RE-004923","3101-3200","D:\github\ron-english-nfts\light-cult-crypto-club\images\LCCC-3113.png","6063","images/3101-3200/LCCC-3113.png","LCCC-3113.png","D:\github\ron-english-light-cult-3001-4000\images\3101-3200\LCCC-3113.png","items/lccc-3113.html","https://ronenglish-archive.github.io/ron-english-light-cult-3001-4000/items/lccc-3113.html","https://opensea.io/item/ethereum/0xbe85fbd182af91290be7293438ae67549638189f/3113","OK",""
"3114","3114","Light Cult Crypto Club #3114","RE-004924","3101-3200","D:\github\ron-english-nfts\light-cult-crypto-club\images\LCCC-3114.png","8038","images/3101-3200/LCCC-3114.png","LCCC-3114.png","D:\github\ron-english-light-cult-3001-4000\images\3101-3200\LCCC-3114.png","items/lccc-3114.html","https://ronenglish-archive.github.io/ron-english-light-cult-3001-4000/items/lccc-3114.html","https://opensea.io/item/ethereum/0xbe85fbd182af91290be7293438ae67549638189f/3114","OK",""
"3115","3115","Light Cult Crypto Club #3115","RE-004925","3101-3200","","","","","","items/lccc-3115.html","https://ronenglish-archive.github.io/ron-english-light-cult-3001-4000/items/lccc-3115.html","https://opensea.io/item/ethereum/0xbe85fbd182af91290be7293438ae67549638189f/3115","MISSING SOURCE IMAGE","No source image found for token #3115"
"3116","3116","Light Cult Crypto Club #3116","RE-004926","3101-3200","D:\github\ron-english-nfts\light-cult-crypto-club\images\LCCC-3116.png","5938","images/3101-3200/LCCC-3116.png","LCCC-3116.png","D:\github\ron-english-light-cult-3001-4000\images\3101-3200\LCCC-3116.png","items/lccc-3116.html","https://ronenglish-archive.github.io/ron-english-light-cult-3001-4000/items/lccc-3116.html","https://opensea.io/item/ethereum/0xbe85fbd182af91290be7293438ae67549638189f/3116","OK",""
"3117","3117","Light Cult Crypto Club #3117","RE-004927","3101-3200","","","","","","items/lccc-3117.html","https://ronenglish-archive.github.io/ron-english-light-cult-3001-4000/items/lccc-3117.html","https://opensea.io/item/ethereum/0xbe85fbd182af91290be7293438ae67549638189f/3117","MISSING SOURCE IMAGE","No source image found for token #3117"
"3118","3118","Light Cult Crypto Club #3118","RE-004928","3101-3200","D:\github\ron-english-nfts\light-cult-crypto-club\images\LCCC-3118.png","28706","images/3101-3200/LCCC-3118.png","LCCC-3118.png","D:\github\ron-english-light-cult-3001-4000\images\3101-3200\LCCC-3118.png","items/lccc-3118.html","https://ronenglish-archive.github.io/ron-english-light-cult-3001-4000/items/lccc-3118.html","https://opensea.io/item/ethereum/0xbe85fbd182af91290be7293438ae67549638189f/3118","OK",""
"3119","3119","Light Cult Crypto Club #3119","RE-004929","3101-3200","D:\github\ron-english-nfts\light-cult-crypto-club\images\LCCC-3119.png","5817","images/3101-3200/LCCC-3119.png","LCCC-3119.png","D:\github\ron-english-light-cult-3001-4000\images\3101-3200\LCCC-3119.png","items/lccc-3119.html","https://ronenglish-archive.github.io/ron-english-light-cult-3001-4000/items/lccc-3119.html","https://opensea.io/item/ethereum/0xbe85fbd182af91290be7293438ae67549638189f/3119","OK",""
"3120","3120","Light Cult Crypto Club #3120","RE-004930","3101-3200","","","","","","items/lccc-3120.html","https://ronenglish-archive.github.io/ron-english-light-cult-3001-4000/items/lccc-3120.html","https://opensea.io/item/ethereum/0xbe85fbd182af91290be7293438ae67549638189f/3120","MISSING SOURCE IMAGE","No source image found for token #3120"
"3121","3121","Light Cult Crypto Club #3121","RE-004931","3101-3200","","","","","","items/lccc-3121.html","https://ronenglish-archive.github.io/ron-english-light-cult-3001-4000/items/lccc-3121.html","https://opensea.io/item/ethereum/0xbe85fbd182af91290be7293438ae67549638189f/3121","MISSING SOURCE IMAGE","No source image found for token #3121"
"3122","3122","Light Cult Crypto Club #3122","RE-004932","3101-3200","","","","","","items/lccc-3122.html","https://ronenglish-archive.github.io/ron-english-light-cult-3001-4000/items/lccc-3122.html","https://opensea.io/item/ethereum/0xbe85fbd182af91290be7293438ae67549638189f/3122","MISSING SOURCE IMAGE","No source image found for token #3122"
"3123","3123","Light Cult Crypto Club #3123","RE-004933","3101-3200","D:\github\ron-english-nfts\light-cult-crypto-club\images\LCCC-3123.png","32551","images/3101-3200/LCCC-3123.png","LCCC-3123.png","D:\github\ron-english-light-cult-3001-4000\images\3101-3200\LCCC-3123.png","items/lccc-3123.html","https://ronenglish-archive.github.io/ron-english-light-cult-3001-4000/items/lccc-3123.html","https://opensea.io/item/ethereum/0xbe85fbd182af91290be7293438ae67549638189f/3123","OK",""
"3124","3124","Light Cult Crypto Club #3124","RE-004934","3101-3200","D:\github\ron-english-nfts\light-cult-crypto-club\images\LCCC-3124.png","10539","images/3101-3200/LCCC-3124.png","LCCC-3124.png","D:\github\ron-english-light-cult-3001-4000\images\3101-3200\LCCC-3124.png","items/lccc-3124.html","https://ronenglish-archive.github.io/ron-english-light-cult-3001-4000/items/lccc-3124.html","https://opensea.io/item/ethereum/0xbe85fbd182af91290be7293438ae67549638189f/3124","OK",""
"3125","3125","Light Cult Crypto Club #3125","RE-004935","3101-3200","D:\github\ron-english-nfts\light-cult-crypto-club\images\LCCC-3125.png","22914","images/3101-3200/LCCC-3125.png","LCCC-3125.png","D:\github\ron-english-light-cult-3001-4000\images\3101-3200\LCCC-3125.png","items/lccc-3125.html","https://ronenglish-archive.github.io/ron-english-light-cult-3001-4000/items/lccc-3125.html","https://opensea.io/item/ethereum/0xbe85fbd182af91290be7293438ae67549638189f/3125","OK",""
"3126","3126","Light Cult Crypto Club #3126","RE-004936","3101-3200","D:\github\ron-english-nfts\light-cult-crypto-club\images\LCCC-3126.png","8612","images/3101-3200/LCCC-3126.png","LCCC-3126.png","D:\github\ron-english-light-cult-3001-4000\images\3101-3200\LCCC-3126.png","items/lccc-3126.html","https://ronenglish-archive.github.io/ron-english-light-cult-3001-4000/items/lccc-3126.html","https://opensea.io/item/ethereum/0xbe85fbd182af91290be7293438ae67549638189f/3126","OK",""
"3127","3127","Light Cult Crypto Club #3127","RE-004937","3101-3200","","","","","","items/lccc-3127.html","https://ronenglish-archive.github.io/ron-english-light-cult-3001-4000/items/lccc-3127.html","https://opensea.io/item/ethereum/0xbe85fbd182af91290be7293438ae67549638189f/3127","MISSING SOURCE IMAGE","No source image found for token #3127"
"3128","3128","Light Cult Crypto Club #3128","RE-004938","3101-3200","D:\github\ron-english-nfts\light-cult-crypto-club\images\LCCC-3128.png","13403","images/3101-3200/LCCC-3128.png","LCCC-3128.png","D:\github\ron-english-light-cult-3001-4000\images\3101-3200\LCCC-3128.png","items/lccc-3128.html","https://ronenglish-archive.github.io/ron-english-light-cult-3001-4000/items/lccc-3128.html","https://opensea.io/item/ethereum/0xbe85fbd182af91290be7293438ae67549638189f/3128","OK",""
"3129","3129","Light Cult Crypto Club #3129","RE-004939","3101-3200","D:\github\ron-english-nfts\light-cult-crypto-club\images\LCCC-3129.png","15165","images/3101-3200/LCCC-3129.png","LCCC-3129.png","D:\github\ron-english-light-cult-3001-4000\images\3101-3200\LCCC-3129.png","items/lccc-3129.html","https://ronenglish-archive.github.io/ron-english-light-cult-3001-4000/items/lccc-3129.html","https://opensea.io/item/ethereum/0xbe85fbd182af91290be7293438ae67549638189f/3129","OK",""
"3130","3130","Light Cult Crypto Club #3130","RE-004940","3101-3200","D:\github\ron-english-nfts\light-cult-crypto-club\images\LCCC-3130.png","26454","images/3101-3200/LCCC-3130.png","LCCC-3130.png","D:\github\ron-english-light-cult-3001-4000\images\3101-3200\LCCC-3130.png","items/lccc-3130.html","https://ronenglish-archive.github.io/ron-english-light-cult-3001-4000/items/lccc-3130.html","https://opensea.io/item/ethereum/0xbe85fbd182af91290be7293438ae67549638189f/3130","OK",""
"3131","3131","Light Cult Crypto Club #3131","RE-004941","3101-3200","D:\github\ron-english-nfts\light-cult-crypto-club\images\LCCC-3131.png","9407","images/3101-3200/LCCC-3131.png","LCCC-3131.png","D:\github\ron-english-light-cult-3001-4000\images\3101-3200\LCCC-3131.png","items/lccc-3131.html","https://ronenglish-archive.github.io/ron-english-light-cult-3001-4000/items/lccc-3131.html","https://opensea.io/item/ethereum/0xbe85fbd182af91290be7293438ae67549638189f/3131","OK",""
"3132","3132","Light Cult Crypto Club #3132","RE-004942","3101-3200","D:\github\ron-english-nfts\light-cult-crypto-club\images\LCCC-3132.png","21443","images/3101-3200/LCCC-3132.png","LCCC-3132.png","D:\github\ron-english-light-cult-3001-4000\images\3101-3200\LCCC-3132.png","items/lccc-3132.html","https://ronenglish-archive.github.io/ron-english-light-cult-3001-4000/items/lccc-3132.html","https://opensea.io/item/ethereum/0xbe85fbd182af91290be7293438ae67549638189f/3132","OK",""
"3133","3133","Light Cult Crypto Club #3133","RE-004943","3101-3200","D:\github\ron-english-nfts\light-cult-crypto-club\images\LCCC-3133.png","11263","images/3101-3200/LCCC-3133.png","LCCC-3133.png","D:\github\ron-english-light-cult-3001-4000\images\3101-3200\LCCC-3133.png","items/lccc-3133.html","https://ronenglish-archive.github.io/ron-english-light-cult-3001-4000/items/lccc-3133.html","https://opensea.io/item/ethereum/0xbe85fbd182af91290be7293438ae67549638189f/3133","OK",""
"3134","3134","Light Cult Crypto Club #3134","RE-004944","3101-3200","D:\github\ron-english-nfts\light-cult-crypto-club\images\LCCC-3134.png","31268","images/3101-3200/LCCC-3134.png","LCCC-3134.png","D:\github\ron-english-light-cult-3001-4000\images\3101-3200\LCCC-3134.png","items/lccc-3134.html","https://ronenglish-archive.github.io/ron-english-light-cult-3001-4000/items/lccc-3134.html","https://opensea.io/item/ethereum/0xbe85fbd182af91290be7293438ae67549638189f/3134","OK",""
"3135","3135","Light Cult Crypto Club #3135","RE-004945","3101-3200","D:\github\ron-english-nfts\light-cult-crypto-club\images\LCCC-3135.png","22379","images/3101-3200/LCCC-3135.png","LCCC-3135.png","D:\github\ron-english-light-cult-3001-4000\images\3101-3200\LCCC-3135.png","items/lccc-3135.html","https://ronenglish-archive.github.io/ron-english-light-cult-3001-4000/items/lccc-3135.html","https://opensea.io/item/ethereum/0xbe85fbd182af91290be7293438ae67549638189f/3135","OK",""
"3136","3136","Light Cult Crypto Club #3136","RE-004946","3101-3200","D:\github\ron-english-nfts\light-cult-crypto-club\images\LCCC-3136.png","24788","images/3101-3200/LCCC-3136.png","LCCC-3136.png","D:\github\ron-english-light-cult-3001-4000\images\3101-3200\LCCC-3136.png","items/lccc-3136.html","https://ronenglish-archive.github.io/ron-english-light-cult-3001-4000/items/lccc-3136.html","https://opensea.io/item/ethereum/0xbe85fbd182af91290be7293438ae67549638189f/3136","OK",""
"3137","3137","Light Cult Crypto Club #3137","RE-004947","3101-3200","D:\github\ron-english-nfts\light-cult-crypto-club\images\LCCC-3137.png","23860","images/3101-3200/LCCC-3137.png","LCCC-3137.png","D:\github\ron-english-light-cult-3001-4000\images\3101-3200\LCCC-3137.png","items/lccc-3137.html","https://ronenglish-archive.github.io/ron-english-light-cult-3001-4000/items/lccc-3137.html","https://opensea.io/item/ethereum/0xbe85fbd182af91290be7293438ae67549638189f/3137","OK",""
"3138","3138","Light Cult Crypto Club #3138","RE-004948","3101-3200","D:\github\ron-english-nfts\light-cult-crypto-club\images\LCCC-3138.png","22884","images/3101-3200/LCCC-3138.png","LCCC-3138.png","D:\github\ron-english-light-cult-3001-4000\images\3101-3200\LCCC-3138.png","items/lccc-3138.html","https://ronenglish-archive.github.io/ron-english-light-cult-3001-4000/items/lccc-3138.html","https://opensea.io/item/ethereum/0xbe85fbd182af91290be7293438ae67549638189f/3138","OK",""
"3139","3139","Light Cult Crypto Club #3139","RE-004949","3101-3200","D:\github\ron-english-nfts\light-cult-crypto-club\images\LCCC-3139.png","9466","images/3101-3200/LCCC-3139.png","LCCC-3139.png","D:\github\ron-english-light-cult-3001-4000\images\3101-3200\LCCC-3139.png","items/lccc-3139.html","https://ronenglish-archive.github.io/ron-english-light-cult-3001-4000/items/lccc-3139.html","https://opensea.io/item/ethereum/0xbe85fbd182af91290be7293438ae67549638189f/3139","OK",""
"3140","3140","Light Cult Crypto Club #3140","RE-004950","3101-3200","D:\github\ron-english-nfts\light-cult-crypto-club\images\LCCC-3140.png","32681","images/3101-3200/LCCC-3140.png","LCCC-3140.png","D:\github\ron-english-light-cult-3001-4000\images\3101-3200\LCCC-3140.png","items/lccc-3140.html","https://ronenglish-archive.github.io/ron-english-light-cult-3001-4000/items/lccc-3140.html","https://opensea.io/item/ethereum/0xbe85fbd182af91290be7293438ae67549638189f/3140","OK",""
"3141","3141","Light Cult Crypto Club #3141","RE-004951","3101-3200","D:\github\ron-english-nfts\light-cult-crypto-club\images\LCCC-3141.png","23456","images/3101-3200/LCCC-3141.png","LCCC-3141.png","D:\github\ron-english-light-cult-3001-4000\images\3101-3200\LCCC-3141.png","items/lccc-3141.html","https://ronenglish-archive.github.io/ron-english-light-cult-3001-4000/items/lccc-3141.html","https://opensea.io/item/ethereum/0xbe85fbd182af91290be7293438ae67549638189f/3141","OK",""
"3142","3142","Light Cult Crypto Club #3142","RE-004952","3101-3200","D:\github\ron-english-nfts\light-cult-crypto-club\images\LCCC-3142.png","8155","images/3101-3200/LCCC-3142.png","LCCC-3142.png","D:\github\ron-english-light-cult-3001-4000\images\3101-3200\LCCC-3142.png","items/lccc-3142.html","https://ronenglish-archive.github.io/ron-english-light-cult-3001-4000/items/lccc-3142.html","https://opensea.io/item/ethereum/0xbe85fbd182af91290be7293438ae67549638189f/3142","OK",""
"3143","3143","Light Cult Crypto Club #3143","RE-004953","3101-3200","D:\github\ron-english-nfts\light-cult-crypto-club\images\LCCC-3143.png","6703","images/3101-3200/LCCC-3143.png","LCCC-3143.png","D:\github\ron-english-light-cult-3001-4000\images\3101-3200\LCCC-3143.png","items/lccc-3143.html","https://ronenglish-archive.github.io/ron-english-light-cult-3001-4000/items/lccc-3143.html","https://opensea.io/item/ethereum/0xbe85fbd182af91290be7293438ae67549638189f/3143","OK",""
"3144","3144","Light Cult Crypto Club #3144","RE-004954","3101-3200","","","","","","items/lccc-3144.html","https://ronenglish-archive.github.io/ron-english-light-cult-3001-4000/items/lccc-3144.html","https://opensea.io/item/ethereum/0xbe85fbd182af91290be7293438ae67549638189f/3144","MISSING SOURCE IMAGE","No source image found for token #3144"
"3145","3145","Light Cult Crypto Club #3145","RE-004955","3101-3200","D:\github\ron-english-nfts\light-cult-crypto-club\images\LCCC-3145.png","5178","images/3101-3200/LCCC-3145.png","LCCC-3145.png","D:\github\ron-english-light-cult-3001-4000\images\3101-3200\LCCC-3145.png","items/lccc-3145.html","https://ronenglish-archive.github.io/ron-english-light-cult-3001-4000/items/lccc-3145.html","https://opensea.io/item/ethereum/0xbe85fbd182af91290be7293438ae67549638189f/3145","OK",""
"3146","3146","Light Cult Crypto Club #3146","RE-004956","3101-3200","D:\github\ron-english-nfts\light-cult-crypto-club\images\LCCC-3146.png","31114","images/3101-3200/LCCC-3146.png","LCCC-3146.png","D:\github\ron-english-light-cult-3001-4000\images\3101-3200\LCCC-3146.png","items/lccc-3146.html","https://ronenglish-archive.github.io/ron-english-light-cult-3001-4000/items/lccc-3146.html","https://opensea.io/item/ethereum/0xbe85fbd182af91290be7293438ae67549638189f/3146","OK",""
"3147","3147","Light Cult Crypto Club #3147","RE-004957","3101-3200","D:\github\ron-english-nfts\light-cult-crypto-club\images\LCCC-3147.png","5754","images/3101-3200/LCCC-3147.png","LCCC-3147.png","D:\github\ron-english-light-cult-3001-4000\images\3101-3200\LCCC-3147.png","items/lccc-3147.html","https://ronenglish-archive.github.io/ron-english-light-cult-3001-4000/items/lccc-3147.html","https://opensea.io/item/ethereum/0xbe85fbd182af91290be7293438ae67549638189f/3147","OK",""
"3148","3148","Light Cult Crypto Club #3148","RE-004958","3101-3200","","","","","","items/lccc-3148.html","https://ronenglish-archive.github.io/ron-english-light-cult-3001-4000/items/lccc-3148.html","https://opensea.io/item/ethereum/0xbe85fbd182af91290be7293438ae67549638189f/3148","MISSING SOURCE IMAGE","No source image found for token #3148"
"3149","3149","Light Cult Crypto Club #3149","RE-004959","3101-3200","D:\github\ron-english-nfts\light-cult-crypto-club\images\LCCC-3149.png","25845","images/3101-3200/LCCC-3149.png","LCCC-3149.png","D:\github\ron-english-light-cult-3001-4000\images\3101-3200\LCCC-3149.png","items/lccc-3149.html","https://ronenglish-archive.github.io/ron-english-light-cult-3001-4000/items/lccc-3149.html","https://opensea.io/item/ethereum/0xbe85fbd182af91290be7293438ae67549638189f/3149","OK",""
"3150","3150","Light Cult Crypto Club #3150","RE-004960","3101-3200","D:\github\ron-english-nfts\light-cult-crypto-club\images\LCCC-3150.png","6846","images/3101-3200/LCCC-3150.png","LCCC-3150.png","D:\github\ron-english-light-cult-3001-4000\images\3101-3200\LCCC-3150.png","items/lccc-3150.html","https://ronenglish-archive.github.io/ron-english-light-cult-3001-4000/items/lccc-3150.html","https://opensea.io/item/ethereum/0xbe85fbd182af91290be7293438ae67549638189f/3150","OK",""
"3151","3151","Light Cult Crypto Club #3151","RE-004961","3101-3200","D:\github\ron-english-nfts\light-cult-crypto-club\images\LCCC-3151.png","7642","images/3101-3200/LCCC-3151.png","LCCC-3151.png","D:\github\ron-english-light-cult-3001-4000\images\3101-3200\LCCC-3151.png","items/lccc-3151.html","https://ronenglish-archive.github.io/ron-english-light-cult-3001-4000/items/lccc-3151.html","https://opensea.io/item/ethereum/0xbe85fbd182af91290be7293438ae67549638189f/3151","OK",""
"3152","3152","Light Cult Crypto Club #3152","RE-004962","3101-3200","D:\github\ron-english-nfts\light-cult-crypto-club\images\LCCC-3152.png","29100","images/3101-3200/LCCC-3152.png","LCCC-3152.png","D:\github\ron-english-light-cult-3001-4000\images\3101-3200\LCCC-3152.png","items/lccc-3152.html","https://ronenglish-archive.github.io/ron-english-light-cult-3001-4000/items/lccc-3152.html","https://opensea.io/item/ethereum/0xbe85fbd182af91290be7293438ae67549638189f/3152","OK",""
"3153","3153","Light Cult Crypto Club #3153","RE-004963","3101-3200","D:\github\ron-english-nfts\light-cult-crypto-club\images\LCCC-3153.png","23719","images/3101-3200/LCCC-3153.png","LCCC-3153.png","D:\github\ron-english-light-cult-3001-4000\images\3101-3200\LCCC-3153.png","items/lccc-3153.html","https://ronenglish-archive.github.io/ron-english-light-cult-3001-4000/items/lccc-3153.html","https://opensea.io/item/ethereum/0xbe85fbd182af91290be7293438ae67549638189f/3153","OK",""
"3154","3154","Light Cult Crypto Club #3154","RE-004964","3101-3200","D:\github\ron-english-nfts\light-cult-crypto-club\images\LCCC-3154.png","5912","images/3101-3200/LCCC-3154.png","LCCC-3154.png","D:\github\ron-english-light-cult-3001-4000\images\3101-3200\LCCC-3154.png","items/lccc-3154.html","https://ronenglish-archive.github.io/ron-english-light-cult-3001-4000/items/lccc-3154.html","https://opensea.io/item/ethereum/0xbe85fbd182af91290be7293438ae67549638189f/3154","OK",""
"3155","3155","Light Cult Crypto Club #3155","RE-004965","3101-3200","D:\github\ron-english-nfts\light-cult-crypto-club\images\LCCC-3155.png","7148","images/3101-3200/LCCC-3155.png","LCCC-3155.png","D:\github\ron-english-light-cult-3001-4000\images\3101-3200\LCCC-3155.png","items/lccc-3155.html","https://ronenglish-archive.github.io/ron-english-light-cult-3001-4000/items/lccc-3155.html","https://opensea.io/item/ethereum/0xbe85fbd182af91290be7293438ae67549638189f/3155","OK",""
"3156","3156","Light Cult Crypto Club #3156","RE-004966","3101-3200","D:\github\ron-english-nfts\light-cult-crypto-club\images\LCCC-3156.png","25403","images/3101-3200/LCCC-3156.png","LCCC-3156.png","D:\github\ron-english-light-cult-3001-4000\images\3101-3200\LCCC-3156.png","items/lccc-3156.html","https://ronenglish-archive.github.io/ron-english-light-cult-3001-4000/items/lccc-3156.html","https://opensea.io/item/ethereum/0xbe85fbd182af91290be7293438ae67549638189f/3156","OK",""
"3157","3157","Light Cult Crypto Club #3157","RE-004967","3101-3200","D:\github\ron-english-nfts\light-cult-crypto-club\images\LCCC-3157.png","32411","images/3101-3200/LCCC-3157.png","LCCC-3157.png","D:\github\ron-english-light-cult-3001-4000\images\3101-3200\LCCC-3157.png","items/lccc-3157.html","https://ronenglish-archive.github.io/ron-english-light-cult-3001-4000/items/lccc-3157.html","https://opensea.io/item/ethereum/0xbe85fbd182af91290be7293438ae67549638189f/3157","OK",""
"3158","3158","Light Cult Crypto Club #3158","RE-004968","3101-3200","D:\github\ron-english-nfts\light-cult-crypto-club\images\LCCC-3158.png","5402","images/3101-3200/LCCC-3158.png","LCCC-3158.png","D:\github\ron-english-light-cult-3001-4000\images\3101-3200\LCCC-3158.png","items/lccc-3158.html","https://ronenglish-archive.github.io/ron-english-light-cult-3001-4000/items/lccc-3158.html","https://opensea.io/item/ethereum/0xbe85fbd182af91290be7293438ae67549638189f/3158","OK",""
"3159","3159","Light Cult Crypto Club #3159","RE-004969","3101-3200","D:\github\ron-english-nfts\light-cult-crypto-club\images\LCCC-3159.png","8813","images/3101-3200/LCCC-3159.png","LCCC-3159.png","D:\github\ron-english-light-cult-3001-4000\images\3101-3200\LCCC-3159.png","items/lccc-3159.html","https://ronenglish-archive.github.io/ron-english-light-cult-3001-4000/items/lccc-3159.html","https://opensea.io/item/ethereum/0xbe85fbd182af91290be7293438ae67549638189f/3159","OK",""
"3160","3160","Light Cult Crypto Club #3160","RE-004970","3101-3200","","","","","","items/lccc-3160.html","https://ronenglish-archive.github.io/ron-english-light-cult-3001-4000/items/lccc-3160.html","https://opensea.io/item/ethereum/0xbe85fbd182af91290be7293438ae67549638189f/3160","MISSING SOURCE IMAGE","No source image found for token #3160"
"3161","3161","Light Cult Crypto Club #3161","RE-004971","3101-3200","D:\github\ron-english-nfts\light-cult-crypto-club\images\LCCC-3161.png","37271","images/3101-3200/LCCC-3161.png","LCCC-3161.png","D:\github\ron-english-light-cult-3001-4000\images\3101-3200\LCCC-3161.png","items/lccc-3161.html","https://ronenglish-archive.github.io/ron-english-light-cult-3001-4000/items/lccc-3161.html","https://opensea.io/item/ethereum/0xbe85fbd182af91290be7293438ae67549638189f/3161","OK",""
"3162","3162","Light Cult Crypto Club #3162","RE-004972","3101-3200","D:\github\ron-english-nfts\light-cult-crypto-club\images\LCCC-3162.png","43396","images/3101-3200/LCCC-3162.png","LCCC-3162.png","D:\github\ron-english-light-cult-3001-4000\images\3101-3200\LCCC-3162.png","items/lccc-3162.html","https://ronenglish-archive.github.io/ron-english-light-cult-3001-4000/items/lccc-3162.html","https://opensea.io/item/ethereum/0xbe85fbd182af91290be7293438ae67549638189f/3162","OK",""
"3163","3163","Light Cult Crypto Club #3163","RE-004973","3101-3200","D:\github\ron-english-nfts\light-cult-crypto-club\images\LCCC-3163.png","18747","images/3101-3200/LCCC-3163.png","LCCC-3163.png","D:\github\ron-english-light-cult-3001-4000\images\3101-3200\LCCC-3163.png","items/lccc-3163.html","https://ronenglish-archive.github.io/ron-english-light-cult-3001-4000/items/lccc-3163.html","https://opensea.io/item/ethereum/0xbe85fbd182af91290be7293438ae67549638189f/3163","OK",""
"3164","3164","Light Cult Crypto Club #3164","RE-004974","3101-3200","D:\github\ron-english-nfts\light-cult-crypto-club\images\LCCC-3164.png","21340","images/3101-3200/LCCC-3164.png","LCCC-3164.png","D:\github\ron-english-light-cult-3001-4000\images\3101-3200\LCCC-3164.png","items/lccc-3164.html","https://ronenglish-archive.github.io/ron-english-light-cult-3001-4000/items/lccc-3164.html","https://opensea.io/item/ethereum/0xbe85fbd182af91290be7293438ae67549638189f/3164","OK",""
"3165","3165","Light Cult Crypto Club #3165","RE-004975","3101-3200","D:\github\ron-english-nfts\light-cult-crypto-club\images\LCCC-3165.png","20135","images/3101-3200/LCCC-3165.png","LCCC-3165.png","D:\github\ron-english-light-cult-3001-4000\images\3101-3200\LCCC-3165.png","items/lccc-3165.html","https://ronenglish-archive.github.io/ron-english-light-cult-3001-4000/items/lccc-3165.html","https://opensea.io/item/ethereum/0xbe85fbd182af91290be7293438ae67549638189f/3165","OK",""
"3166","3166","Light Cult Crypto Club #3166","RE-004976","3101-3200","D:\github\ron-english-nfts\light-cult-crypto-club\images\LCCC-3166.png","4160","images/3101-3200/LCCC-3166.png","LCCC-3166.png","D:\github\ron-english-light-cult-3001-4000\images\3101-3200\LCCC-3166.png","items/lccc-3166.html","https://ronenglish-archive.github.io/ron-english-light-cult-3001-4000/items/lccc-3166.html","https://opensea.io/item/ethereum/0xbe85fbd182af91290be7293438ae67549638189f/3166","OK",""
"3167","3167","Light Cult Crypto Club #3167","RE-004977","3101-3200","D:\github\ron-english-nfts\light-cult-crypto-club\images\LCCC-3167.png","13434","images/3101-3200/LCCC-3167.png","LCCC-3167.png","D:\github\ron-english-light-cult-3001-4000\images\3101-3200\LCCC-3167.png","items/lccc-3167.html","https://ronenglish-archive.github.io/ron-english-light-cult-3001-4000/items/lccc-3167.html","https://opensea.io/item/ethereum/0xbe85fbd182af91290be7293438ae67549638189f/3167","OK",""
"3168","3168","Light Cult Crypto Club #3168","RE-004978","3101-3200","D:\github\ron-english-nfts\light-cult-crypto-club\images\LCCC-3168.png","8178","images/3101-3200/LCCC-3168.png","LCCC-3168.png","D:\github\ron-english-light-cult-3001-4000\images\3101-3200\LCCC-3168.png","items/lccc-3168.html","https://ronenglish-archive.github.io/ron-english-light-cult-3001-4000/items/lccc-3168.html","https://opensea.io/item/ethereum/0xbe85fbd182af91290be7293438ae67549638189f/3168","OK",""
"3169","3169","Light Cult Crypto Club #3169","RE-004979","3101-3200","D:\github\ron-english-nfts\light-cult-crypto-club\images\LCCC-3169.png","28056","images/3101-3200/LCCC-3169.png","LCCC-3169.png","D:\github\ron-english-light-cult-3001-4000\images\3101-3200\LCCC-3169.png","items/lccc-3169.html","https://ronenglish-archive.github.io/ron-english-light-cult-3001-4000/items/lccc-3169.html","https://opensea.io/item/ethereum/0xbe85fbd182af91290be7293438ae67549638189f/3169","OK",""
"3170","3170","Light Cult Crypto Club #3170","RE-004980","3101-3200","","","","","","items/lccc-3170.html","https://ronenglish-archive.github.io/ron-english-light-cult-3001-4000/items/lccc-3170.html","https://opensea.io/item/ethereum/0xbe85fbd182af91290be7293438ae67549638189f/3170","MISSING SOURCE IMAGE","No source image found for token #3170"
"3171","3171","Light Cult Crypto Club #3171","RE-004981","3101-3200","D:\github\ron-english-nfts\light-cult-crypto-club\images\LCCC-3171.png","6512","images/3101-3200/LCCC-3171.png","LCCC-3171.png","D:\github\ron-english-light-cult-3001-4000\images\3101-3200\LCCC-3171.png","items/lccc-3171.html","https://ronenglish-archive.github.io/ron-english-light-cult-3001-4000/items/lccc-3171.html","https://opensea.io/item/ethereum/0xbe85fbd182af91290be7293438ae67549638189f/3171","OK",""
"3172","3172","Light Cult Crypto Club #3172","RE-004982","3101-3200","D:\github\ron-english-nfts\light-cult-crypto-club\images\LCCC-3172.png","32097","images/3101-3200/LCCC-3172.png","LCCC-3172.png","D:\github\ron-english-light-cult-3001-4000\images\3101-3200\LCCC-3172.png","items/lccc-3172.html","https://ronenglish-archive.github.io/ron-english-light-cult-3001-4000/items/lccc-3172.html","https://opensea.io/item/ethereum/0xbe85fbd182af91290be7293438ae67549638189f/3172","OK",""
"3173","3173","Light Cult Crypto Club #3173","RE-004983","3101-3200","D:\github\ron-english-nfts\light-cult-crypto-club\images\LCCC-3173.png","11583","images/3101-3200/LCCC-3173.png","LCCC-3173.png","D:\github\ron-english-light-cult-3001-4000\images\3101-3200\LCCC-3173.png","items/lccc-3173.html","https://ronenglish-archive.github.io/ron-english-light-cult-3001-4000/items/lccc-3173.html","https://opensea.io/item/ethereum/0xbe85fbd182af91290be7293438ae67549638189f/3173","OK",""
"3174","3174","Light Cult Crypto Club #3174","RE-004984","3101-3200","D:\github\ron-english-nfts\light-cult-crypto-club\images\LCCC-3174.png","24934","images/3101-3200/LCCC-3174.png","LCCC-3174.png","D:\github\ron-english-light-cult-3001-4000\images\3101-3200\LCCC-3174.png","items/lccc-3174.html","https://ronenglish-archive.github.io/ron-english-light-cult-3001-4000/items/lccc-3174.html","https://opensea.io/item/ethereum/0xbe85fbd182af91290be7293438ae67549638189f/3174","OK",""
"3175","3175","Light Cult Crypto Club #3175","RE-004985","3101-3200","D:\github\ron-english-nfts\light-cult-crypto-club\images\LCCC-3175.png","32297","images/3101-3200/LCCC-3175.png","LCCC-3175.png","D:\github\ron-english-light-cult-3001-4000\images\3101-3200\LCCC-3175.png","items/lccc-3175.html","https://ronenglish-archive.github.io/ron-english-light-cult-3001-4000/items/lccc-3175.html","https://opensea.io/item/ethereum/0xbe85fbd182af91290be7293438ae67549638189f/3175","OK",""
"3176","3176","Light Cult Crypto Club #3176","RE-004986","3101-3200","D:\github\ron-english-nfts\light-cult-crypto-club\images\LCCC-3176.png","10257","images/3101-3200/LCCC-3176.png","LCCC-3176.png","D:\github\ron-english-light-cult-3001-4000\images\3101-3200\LCCC-3176.png","items/lccc-3176.html","https://ronenglish-archive.github.io/ron-english-light-cult-3001-4000/items/lccc-3176.html","https://opensea.io/item/ethereum/0xbe85fbd182af91290be7293438ae67549638189f/3176","OK",""
"3177","3177","Light Cult Crypto Club #3177","RE-004987","3101-3200","D:\github\ron-english-nfts\light-cult-crypto-club\images\LCCC-3177.png","10218","images/3101-3200/LCCC-3177.png","LCCC-3177.png","D:\github\ron-english-light-cult-3001-4000\images\3101-3200\LCCC-3177.png","items/lccc-3177.html","https://ronenglish-archive.github.io/ron-english-light-cult-3001-4000/items/lccc-3177.html","https://opensea.io/item/ethereum/0xbe85fbd182af91290be7293438ae67549638189f/3177","OK",""
"3178","3178","Light Cult Crypto Club #3178","RE-004988","3101-3200","D:\github\ron-english-nfts\light-cult-crypto-club\images\LCCC-3178.png","31848","images/3101-3200/LCCC-3178.png","LCCC-3178.png","D:\github\ron-english-light-cult-3001-4000\images\3101-3200\LCCC-3178.png","items/lccc-3178.html","https://ronenglish-archive.github.io/ron-english-light-cult-3001-4000/items/lccc-3178.html","https://opensea.io/item/ethereum/0xbe85fbd182af91290be7293438ae67549638189f/3178","OK",""
"3179","3179","Light Cult Crypto Club #3179","RE-004989","3101-3200","D:\github\ron-english-nfts\light-cult-crypto-club\images\LCCC-3179.png","9405","images/3101-3200/LCCC-3179.png","LCCC-3179.png","D:\github\ron-english-light-cult-3001-4000\images\3101-3200\LCCC-3179.png","items/lccc-3179.html","https://ronenglish-archive.github.io/ron-english-light-cult-3001-4000/items/lccc-3179.html","https://opensea.io/item/ethereum/0xbe85fbd182af91290be7293438ae67549638189f/3179","OK",""
"3180","3180","Light Cult Crypto Club #3180","RE-004990","3101-3200","","","","","","items/lccc-3180.html","https://ronenglish-archive.github.io/ron-english-light-cult-3001-4000/items/lccc-3180.html","https://opensea.io/item/ethereum/0xbe85fbd182af91290be7293438ae67549638189f/3180","MISSING SOURCE IMAGE","No source image found for token #3180"
"3181","3181","Light Cult Crypto Club #3181","RE-004991","3101-3200","D:\github\ron-english-nfts\light-cult-crypto-club\images\LCCC-3181.png","30598","images/3101-3200/LCCC-3181.png","LCCC-3181.png","D:\github\ron-english-light-cult-3001-4000\images\3101-3200\LCCC-3181.png","items/lccc-3181.html","https://ronenglish-archive.github.io/ron-english-light-cult-3001-4000/items/lccc-3181.html","https://opensea.io/item/ethereum/0xbe85fbd182af91290be7293438ae67549638189f/3181","OK",""
"3182","3182","Light Cult Crypto Club #3182","RE-004992","3101-3200","D:\github\ron-english-nfts\light-cult-crypto-club\images\LCCC-3182.png","30477","images/3101-3200/LCCC-3182.png","LCCC-3182.png","D:\github\ron-english-light-cult-3001-4000\images\3101-3200\LCCC-3182.png","items/lccc-3182.html","https://ronenglish-archive.github.io/ron-english-light-cult-3001-4000/items/lccc-3182.html","https://opensea.io/item/ethereum/0xbe85fbd182af91290be7293438ae67549638189f/3182","OK",""
"3183","3183","Light Cult Crypto Club #3183","RE-004993","3101-3200","D:\github\ron-english-nfts\light-cult-crypto-club\images\LCCC-3183.png","4908","images/3101-3200/LCCC-3183.png","LCCC-3183.png","D:\github\ron-english-light-cult-3001-4000\images\3101-3200\LCCC-3183.png","items/lccc-3183.html","https://ronenglish-archive.github.io/ron-english-light-cult-3001-4000/items/lccc-3183.html","https://opensea.io/item/ethereum/0xbe85fbd182af91290be7293438ae67549638189f/3183","OK",""
"3184","3184","Light Cult Crypto Club #3184","RE-004994","3101-3200","D:\github\ron-english-nfts\light-cult-crypto-club\images\LCCC-3184.png","8866","images/3101-3200/LCCC-3184.png","LCCC-3184.png","D:\github\ron-english-light-cult-3001-4000\images\3101-3200\LCCC-3184.png","items/lccc-3184.html","https://ronenglish-archive.github.io/ron-english-light-cult-3001-4000/items/lccc-3184.html","https://opensea.io/item/ethereum/0xbe85fbd182af91290be7293438ae67549638189f/3184","OK",""
"3185","3185","Light Cult Crypto Club #3185","RE-004995","3101-3200","","","","","","items/lccc-3185.html","https://ronenglish-archive.github.io/ron-english-light-cult-3001-4000/items/lccc-3185.html","https://opensea.io/item/ethereum/0xbe85fbd182af91290be7293438ae67549638189f/3185","MISSING SOURCE IMAGE","No source image found for token #3185"
"3186","3186","Light Cult Crypto Club #3186","RE-004996","3101-3200","D:\github\ron-english-nfts\light-cult-crypto-club\images\LCCC-3186.png","26685","images/3101-3200/LCCC-3186.png","LCCC-3186.png","D:\github\ron-english-light-cult-3001-4000\images\3101-3200\LCCC-3186.png","items/lccc-3186.html","https://ronenglish-archive.github.io/ron-english-light-cult-3001-4000/items/lccc-3186.html","https://opensea.io/item/ethereum/0xbe85fbd182af91290be7293438ae67549638189f/3186","OK",""
"3187","3187","Light Cult Crypto Club #3187","RE-004997","3101-3200","D:\github\ron-english-nfts\light-cult-crypto-club\images\LCCC-3187.png","21689","images/3101-3200/LCCC-3187.png","LCCC-3187.png","D:\github\ron-english-light-cult-3001-4000\images\3101-3200\LCCC-3187.png","items/lccc-3187.html","https://ronenglish-archive.github.io/ron-english-light-cult-3001-4000/items/lccc-3187.html","https://opensea.io/item/ethereum/0xbe85fbd182af91290be7293438ae67549638189f/3187","OK",""
"3188","3188","Light Cult Crypto Club #3188","RE-004998","3101-3200","D:\github\ron-english-nfts\light-cult-crypto-club\images\LCCC-3188.png","16541","images/3101-3200/LCCC-3188.png","LCCC-3188.png","D:\github\ron-english-light-cult-3001-4000\images\3101-3200\LCCC-3188.png","items/lccc-3188.html","https://ronenglish-archive.github.io/ron-english-light-cult-3001-4000/items/lccc-3188.html","https://opensea.io/item/ethereum/0xbe85fbd182af91290be7293438ae67549638189f/3188","OK",""
"3189","3189","Light Cult Crypto Club #3189","RE-004999","3101-3200","","","","","","items/lccc-3189.html","https://ronenglish-archive.github.io/ron-english-light-cult-3001-4000/items/lccc-3189.html","https://opensea.io/item/ethereum/0xbe85fbd182af91290be7293438ae67549638189f/3189","MISSING SOURCE IMAGE","No source image found for token #3189"
"3190","3190","Light Cult Crypto Club #3190","RE-005000","3101-3200","D:\github\ron-english-nfts\light-cult-crypto-club\images\LCCC-3190.png","26468","images/3101-3200/LCCC-3190.png","LCCC-3190.png","D:\github\ron-english-light-cult-3001-4000\images\3101-3200\LCCC-3190.png","items/lccc-3190.html","https://ronenglish-archive.github.io/ron-english-light-cult-3001-4000/items/lccc-3190.html","https://opensea.io/item/ethereum/0xbe85fbd182af91290be7293438ae67549638189f/3190","OK",""
"3191","3191","Light Cult Crypto Club #3191","RE-005001","3101-3200","D:\github\ron-english-nfts\light-cult-crypto-club\images\LCCC-3191.png","39062","images/3101-3200/LCCC-3191.png","LCCC-3191.png","D:\github\ron-english-light-cult-3001-4000\images\3101-3200\LCCC-3191.png","items/lccc-3191.html","https://ronenglish-archive.github.io/ron-english-light-cult-3001-4000/items/lccc-3191.html","https://opensea.io/item/ethereum/0xbe85fbd182af91290be7293438ae67549638189f/3191","OK",""
"3192","3192","Light Cult Crypto Club #3192","RE-005002","3101-3200","D:\github\ron-english-nfts\light-cult-crypto-club\images\LCCC-3192.png","35212","images/3101-3200/LCCC-3192.png","LCCC-3192.png","D:\github\ron-english-light-cult-3001-4000\images\3101-3200\LCCC-3192.png","items/lccc-3192.html","https://ronenglish-archive.github.io/ron-english-light-cult-3001-4000/items/lccc-3192.html","https://opensea.io/item/ethereum/0xbe85fbd182af91290be7293438ae67549638189f/3192","OK",""
"3193","3193","Light Cult Crypto Club #3193","RE-005003","3101-3200","D:\github\ron-english-nfts\light-cult-crypto-club\images\LCCC-3193.png","35158","images/3101-3200/LCCC-3193.png","LCCC-3193.png","D:\github\ron-english-light-cult-3001-4000\images\3101-3200\LCCC-3193.png","items/lccc-3193.html","https://ronenglish-archive.github.io/ron-english-light-cult-3001-4000/items/lccc-3193.html","https://opensea.io/item/ethereum/0xbe85fbd182af91290be7293438ae67549638189f/3193","OK",""
"3194","3194","Light Cult Crypto Club #3194","RE-005004","3101-3200","D:\github\ron-english-nfts\light-cult-crypto-club\images\LCCC-3194.png","22544","images/3101-3200/LCCC-3194.png","LCCC-3194.png","D:\github\ron-english-light-cult-3001-4000\images\3101-3200\LCCC-3194.png","items/lccc-3194.html","https://ronenglish-archive.github.io/ron-english-light-cult-3001-4000/items/lccc-3194.html","https://opensea.io/item/ethereum/0xbe85fbd182af91290be7293438ae67549638189f/3194","OK",""
"3195","3195","Light Cult Crypto Club #3195","RE-005005","3101-3200","","","","","","items/lccc-3195.html","https://ronenglish-archive.github.io/ron-english-light-cult-3001-4000/items/lccc-3195.html","https://opensea.io/item/ethereum/0xbe85fbd182af91290be7293438ae67549638189f/3195","MISSING SOURCE IMAGE","No source image found for token #3195"
"3196","3196","Light Cult Crypto Club #3196","RE-005006","3101-3200","D:\github\ron-english-nfts\light-cult-crypto-club\images\LCCC-3196.png","4692","images/3101-3200/LCCC-3196.png","LCCC-3196.png","D:\github\ron-english-light-cult-3001-4000\images\3101-3200\LCCC-3196.png","items/lccc-3196.html","https://ronenglish-archive.github.io/ron-english-light-cult-3001-4000/items/lccc-3196.html","https://opensea.io/item/ethereum/0xbe85fbd182af91290be7293438ae67549638189f/3196","OK",""
"3197","3197","Light Cult Crypto Club #3197","RE-005007","3101-3200","D:\github\ron-english-nfts\light-cult-crypto-club\images\LCCC-3197.png","29477","images/3101-3200/LCCC-3197.png","LCCC-3197.png","D:\github\ron-english-light-cult-3001-4000\images\3101-3200\LCCC-3197.png","items/lccc-3197.html","https://ronenglish-archive.github.io/ron-english-light-cult-3001-4000/items/lccc-3197.html","https://opensea.io/item/ethereum/0xbe85fbd182af91290be7293438ae67549638189f/3197","OK",""
"3198","3198","Light Cult Crypto Club #3198","RE-005008","3101-3200","D:\github\ron-english-nfts\light-cult-crypto-club\images\LCCC-3198.png","13950","images/3101-3200/LCCC-3198.png","LCCC-3198.png","D:\github\ron-english-light-cult-3001-4000\images\3101-3200\LCCC-3198.png","items/lccc-3198.html","https://ronenglish-archive.github.io/ron-english-light-cult-3001-4000/items/lccc-3198.html","https://opensea.io/item/ethereum/0xbe85fbd182af91290be7293438ae67549638189f/3198","OK",""
"3199","3199","Light Cult Crypto Club #3199","RE-005009","3101-3200","D:\github\ron-english-nfts\light-cult-crypto-club\images\LCCC-3199.png","19265","images/3101-3200/LCCC-3199.png","LCCC-3199.png","D:\github\ron-english-light-cult-3001-4000\images\3101-3200\LCCC-3199.png","items/lccc-3199.html","https://ronenglish-archive.github.io/ron-english-light-cult-3001-4000/items/lccc-3199.html","https://opensea.io/item/ethereum/0xbe85fbd182af91290be7293438ae67549638189f/3199","OK",""
"3200","3200","Light Cult Crypto Club #3200","RE-005010","3101-3200","","","","","","items/lccc-3200.html","https://ronenglish-archive.github.io/ron-english-light-cult-3001-4000/items/lccc-3200.html","https://opensea.io/item/ethereum/0xbe85fbd182af91290be7293438ae67549638189f/3200","MISSING SOURCE IMAGE","No source image found for token #3200"
"3201","3201","Light Cult Crypto Club #3201","RE-005011","3201-3300","D:\github\ron-english-nfts\light-cult-crypto-club\images\LCCC-3201.png","10184","images/3201-3300/LCCC-3201.png","LCCC-3201.png","D:\github\ron-english-light-cult-3001-4000\images\3201-3300\LCCC-3201.png","items/lccc-3201.html","https://ronenglish-archive.github.io/ron-english-light-cult-3001-4000/items/lccc-3201.html","https://opensea.io/item/ethereum/0xbe85fbd182af91290be7293438ae67549638189f/3201","OK",""
"3202","3202","Light Cult Crypto Club #3202","RE-005012","3201-3300","D:\github\ron-english-nfts\light-cult-crypto-club\images\LCCC-3202.png","13026","images/3201-3300/LCCC-3202.png","LCCC-3202.png","D:\github\ron-english-light-cult-3001-4000\images\3201-3300\LCCC-3202.png","items/lccc-3202.html","https://ronenglish-archive.github.io/ron-english-light-cult-3001-4000/items/lccc-3202.html","https://opensea.io/item/ethereum/0xbe85fbd182af91290be7293438ae67549638189f/3202","OK",""
"3203","3203","Light Cult Crypto Club #3203","RE-005013","3201-3300","D:\github\ron-english-nfts\light-cult-crypto-club\images\LCCC-3203.png","5750","images/3201-3300/LCCC-3203.png","LCCC-3203.png","D:\github\ron-english-light-cult-3001-4000\images\3201-3300\LCCC-3203.png","items/lccc-3203.html","https://ronenglish-archive.github.io/ron-english-light-cult-3001-4000/items/lccc-3203.html","https://opensea.io/item/ethereum/0xbe85fbd182af91290be7293438ae67549638189f/3203","OK",""
"3204","3204","Light Cult Crypto Club #3204","RE-005014","3201-3300","D:\github\ron-english-nfts\light-cult-crypto-club\images\LCCC-3204.png","6663","images/3201-3300/LCCC-3204.png","LCCC-3204.png","D:\github\ron-english-light-cult-3001-4000\images\3201-3300\LCCC-3204.png","items/lccc-3204.html","https://ronenglish-archive.github.io/ron-english-light-cult-3001-4000/items/lccc-3204.html","https://opensea.io/item/ethereum/0xbe85fbd182af91290be7293438ae67549638189f/3204","OK",""
"3205","3205","Light Cult Crypto Club #3205","RE-005015","3201-3300","D:\github\ron-english-nfts\light-cult-crypto-club\images\LCCC-3205.png","5166","images/3201-3300/LCCC-3205.png","LCCC-3205.png","D:\github\ron-english-light-cult-3001-4000\images\3201-3300\LCCC-3205.png","items/lccc-3205.html","https://ronenglish-archive.github.io/ron-english-light-cult-3001-4000/items/lccc-3205.html","https://opensea.io/item/ethereum/0xbe85fbd182af91290be7293438ae67549638189f/3205","OK",""
"3206","3206","Light Cult Crypto Club #3206","RE-005016","3201-3300","D:\github\ron-english-nfts\light-cult-crypto-club\images\LCCC-3206.png","27862","images/3201-3300/LCCC-3206.png","LCCC-3206.png","D:\github\ron-english-light-cult-3001-4000\images\3201-3300\LCCC-3206.png","items/lccc-3206.html","https://ronenglish-archive.github.io/ron-english-light-cult-3001-4000/items/lccc-3206.html","https://opensea.io/item/ethereum/0xbe85fbd182af91290be7293438ae67549638189f/3206","OK",""
"3207","3207","Light Cult Crypto Club #3207","RE-005017","3201-3300","D:\github\ron-english-nfts\light-cult-crypto-club\images\LCCC-3207.png","18204","images/3201-3300/LCCC-3207.png","LCCC-3207.png","D:\github\ron-english-light-cult-3001-4000\images\3201-3300\LCCC-3207.png","items/lccc-3207.html","https://ronenglish-archive.github.io/ron-english-light-cult-3001-4000/items/lccc-3207.html","https://opensea.io/item/ethereum/0xbe85fbd182af91290be7293438ae67549638189f/3207","OK",""
"3208","3208","Light Cult Crypto Club #3208","RE-005018","3201-3300","D:\github\ron-english-nfts\light-cult-crypto-club\images\LCCC-3208.png","32713","images/3201-3300/LCCC-3208.png","LCCC-3208.png","D:\github\ron-english-light-cult-3001-4000\images\3201-3300\LCCC-3208.png","items/lccc-3208.html","https://ronenglish-archive.github.io/ron-english-light-cult-3001-4000/items/lccc-3208.html","https://opensea.io/item/ethereum/0xbe85fbd182af91290be7293438ae67549638189f/3208","OK",""
"3209","3209","Light Cult Crypto Club #3209","RE-005019","3201-3300","D:\github\ron-english-nfts\light-cult-crypto-club\images\LCCC-3209.png","8370","images/3201-3300/LCCC-3209.png","LCCC-3209.png","D:\github\ron-english-light-cult-3001-4000\images\3201-3300\LCCC-3209.png","items/lccc-3209.html","https://ronenglish-archive.github.io/ron-english-light-cult-3001-4000/items/lccc-3209.html","https://opensea.io/item/ethereum/0xbe85fbd182af91290be7293438ae67549638189f/3209","OK",""
"3210","3210","Light Cult Crypto Club #3210","RE-005020","3201-3300","D:\github\ron-english-nfts\light-cult-crypto-club\images\LCCC-3210.png","32856","images/3201-3300/LCCC-3210.png","LCCC-3210.png","D:\github\ron-english-light-cult-3001-4000\images\3201-3300\LCCC-3210.png","items/lccc-3210.html","https://ronenglish-archive.github.io/ron-english-light-cult-3001-4000/items/lccc-3210.html","https://opensea.io/item/ethereum/0xbe85fbd182af91290be7293438ae67549638189f/3210","OK",""
"3211","3211","Light Cult Crypto Club #3211","RE-005021","3201-3300","D:\github\ron-english-nfts\light-cult-crypto-club\images\LCCC-3211.png","26516","images/3201-3300/LCCC-3211.png","LCCC-3211.png","D:\github\ron-english-light-cult-3001-4000\images\3201-3300\LCCC-3211.png","items/lccc-3211.html","https://ronenglish-archive.github.io/ron-english-light-cult-3001-4000/items/lccc-3211.html","https://opensea.io/item/ethereum/0xbe85fbd182af91290be7293438ae67549638189f/3211","OK",""
"3212","3212","Light Cult Crypto Club #3212","RE-005022","3201-3300","D:\github\ron-english-nfts\light-cult-crypto-club\images\LCCC-3212.png","25401","images/3201-3300/LCCC-3212.png","LCCC-3212.png","D:\github\ron-english-light-cult-3001-4000\images\3201-3300\LCCC-3212.png","items/lccc-3212.html","https://ronenglish-archive.github.io/ron-english-light-cult-3001-4000/items/lccc-3212.html","https://opensea.io/item/ethereum/0xbe85fbd182af91290be7293438ae67549638189f/3212","OK",""
"3213","3213","Light Cult Crypto Club #3213","RE-005023","3201-3300","D:\github\ron-english-nfts\light-cult-crypto-club\images\LCCC-3213.png","4412","images/3201-3300/LCCC-3213.png","LCCC-3213.png","D:\github\ron-english-light-cult-3001-4000\images\3201-3300\LCCC-3213.png","items/lccc-3213.html","https://ronenglish-archive.github.io/ron-english-light-cult-3001-4000/items/lccc-3213.html","https://opensea.io/item/ethereum/0xbe85fbd182af91290be7293438ae67549638189f/3213","OK",""
"3214","3214","Light Cult Crypto Club #3214","RE-005024","3201-3300","D:\github\ron-english-nfts\light-cult-crypto-club\images\LCCC-3214.png","18897","images/3201-3300/LCCC-3214.png","LCCC-3214.png","D:\github\ron-english-light-cult-3001-4000\images\3201-3300\LCCC-3214.png","items/lccc-3214.html","https://ronenglish-archive.github.io/ron-english-light-cult-3001-4000/items/lccc-3214.html","https://opensea.io/item/ethereum/0xbe85fbd182af91290be7293438ae67549638189f/3214","OK",""
"3215","3215","Light Cult Crypto Club #3215","RE-005025","3201-3300","D:\github\ron-english-nfts\light-cult-crypto-club\images\LCCC-3215.png","16251","images/3201-3300/LCCC-3215.png","LCCC-3215.png","D:\github\ron-english-light-cult-3001-4000\images\3201-3300\LCCC-3215.png","items/lccc-3215.html","https://ronenglish-archive.github.io/ron-english-light-cult-3001-4000/items/lccc-3215.html","https://opensea.io/item/ethereum/0xbe85fbd182af91290be7293438ae67549638189f/3215","OK",""
"3216","3216","Light Cult Crypto Club #3216","RE-005026","3201-3300","D:\github\ron-english-nfts\light-cult-crypto-club\images\LCCC-3216.png","11461","images/3201-3300/LCCC-3216.png","LCCC-3216.png","D:\github\ron-english-light-cult-3001-4000\images\3201-3300\LCCC-3216.png","items/lccc-3216.html","https://ronenglish-archive.github.io/ron-english-light-cult-3001-4000/items/lccc-3216.html","https://opensea.io/item/ethereum/0xbe85fbd182af91290be7293438ae67549638189f/3216","OK",""
"3217","3217","Light Cult Crypto Club #3217","RE-005027","3201-3300","D:\github\ron-english-nfts\light-cult-crypto-club\images\LCCC-3217.png","26840","images/3201-3300/LCCC-3217.png","LCCC-3217.png","D:\github\ron-english-light-cult-3001-4000\images\3201-3300\LCCC-3217.png","items/lccc-3217.html","https://ronenglish-archive.github.io/ron-english-light-cult-3001-4000/items/lccc-3217.html","https://opensea.io/item/ethereum/0xbe85fbd182af91290be7293438ae67549638189f/3217","OK",""
"3218","3218","Light Cult Crypto Club #3218","RE-005028","3201-3300","D:\github\ron-english-nfts\light-cult-crypto-club\images\LCCC-3218.png","30114","images/3201-3300/LCCC-3218.png","LCCC-3218.png","D:\github\ron-english-light-cult-3001-4000\images\3201-3300\LCCC-3218.png","items/lccc-3218.html","https://ronenglish-archive.github.io/ron-english-light-cult-3001-4000/items/lccc-3218.html","https://opensea.io/item/ethereum/0xbe85fbd182af91290be7293438ae67549638189f/3218","OK",""
"3219","3219","Light Cult Crypto Club #3219","RE-005029","3201-3300","D:\github\ron-english-nfts\light-cult-crypto-club\images\LCCC-3219.png","21236","images/3201-3300/LCCC-3219.png","LCCC-3219.png","D:\github\ron-english-light-cult-3001-4000\images\3201-3300\LCCC-3219.png","items/lccc-3219.html","https://ronenglish-archive.github.io/ron-english-light-cult-3001-4000/items/lccc-3219.html","https://opensea.io/item/ethereum/0xbe85fbd182af91290be7293438ae67549638189f/3219","OK",""
"3220","3220","Light Cult Crypto Club #3220","RE-005030","3201-3300","D:\github\ron-english-nfts\light-cult-crypto-club\images\LCCC-3220.png","28324","images/3201-3300/LCCC-3220.png","LCCC-3220.png","D:\github\ron-english-light-cult-3001-4000\images\3201-3300\LCCC-3220.png","items/lccc-3220.html","https://ronenglish-archive.github.io/ron-english-light-cult-3001-4000/items/lccc-3220.html","https://opensea.io/item/ethereum/0xbe85fbd182af91290be7293438ae67549638189f/3220","OK",""
"3221","3221","Light Cult Crypto Club #3221","RE-005031","3201-3300","D:\github\ron-english-nfts\light-cult-crypto-club\images\LCCC-3221.png","11372","images/3201-3300/LCCC-3221.png","LCCC-3221.png","D:\github\ron-english-light-cult-3001-4000\images\3201-3300\LCCC-3221.png","items/lccc-3221.html","https://ronenglish-archive.github.io/ron-english-light-cult-3001-4000/items/lccc-3221.html","https://opensea.io/item/ethereum/0xbe85fbd182af91290be7293438ae67549638189f/3221","OK",""
"3222","3222","Light Cult Crypto Club #3222","RE-005032","3201-3300","D:\github\ron-english-nfts\light-cult-crypto-club\images\LCCC-3222.png","40143","images/3201-3300/LCCC-3222.png","LCCC-3222.png","D:\github\ron-english-light-cult-3001-4000\images\3201-3300\LCCC-3222.png","items/lccc-3222.html","https://ronenglish-archive.github.io/ron-english-light-cult-3001-4000/items/lccc-3222.html","https://opensea.io/item/ethereum/0xbe85fbd182af91290be7293438ae67549638189f/3222","OK",""
"3223","3223","Light Cult Crypto Club #3223","RE-005033","3201-3300","D:\github\ron-english-nfts\light-cult-crypto-club\images\LCCC-3223.png","36141","images/3201-3300/LCCC-3223.png","LCCC-3223.png","D:\github\ron-english-light-cult-3001-4000\images\3201-3300\LCCC-3223.png","items/lccc-3223.html","https://ronenglish-archive.github.io/ron-english-light-cult-3001-4000/items/lccc-3223.html","https://opensea.io/item/ethereum/0xbe85fbd182af91290be7293438ae67549638189f/3223","OK",""
"3224","3224","Light Cult Crypto Club #3224","RE-005034","3201-3300","D:\github\ron-english-nfts\light-cult-crypto-club\images\LCCC-3224.png","26887","images/3201-3300/LCCC-3224.png","LCCC-3224.png","D:\github\ron-english-light-cult-3001-4000\images\3201-3300\LCCC-3224.png","items/lccc-3224.html","https://ronenglish-archive.github.io/ron-english-light-cult-3001-4000/items/lccc-3224.html","https://opensea.io/item/ethereum/0xbe85fbd182af91290be7293438ae67549638189f/3224","OK",""
"3225","3225","Light Cult Crypto Club #3225","RE-005035","3201-3300","D:\github\ron-english-nfts\light-cult-crypto-club\images\LCCC-3225.png","16125","images/3201-3300/LCCC-3225.png","LCCC-3225.png","D:\github\ron-english-light-cult-3001-4000\images\3201-3300\LCCC-3225.png","items/lccc-3225.html","https://ronenglish-archive.github.io/ron-english-light-cult-3001-4000/items/lccc-3225.html","https://opensea.io/item/ethereum/0xbe85fbd182af91290be7293438ae67549638189f/3225","OK",""
"3226","3226","Light Cult Crypto Club #3226","RE-005036","3201-3300","D:\github\ron-english-nfts\light-cult-crypto-club\images\LCCC-3226.png","8393","images/3201-3300/LCCC-3226.png","LCCC-3226.png","D:\github\ron-english-light-cult-3001-4000\images\3201-3300\LCCC-3226.png","items/lccc-3226.html","https://ronenglish-archive.github.io/ron-english-light-cult-3001-4000/items/lccc-3226.html","https://opensea.io/item/ethereum/0xbe85fbd182af91290be7293438ae67549638189f/3226","OK",""
"3227","3227","Light Cult Crypto Club #3227","RE-005037","3201-3300","D:\github\ron-english-nfts\light-cult-crypto-club\images\LCCC-3227.png","20792","images/3201-3300/LCCC-3227.png","LCCC-3227.png","D:\github\ron-english-light-cult-3001-4000\images\3201-3300\LCCC-3227.png","items/lccc-3227.html","https://ronenglish-archive.github.io/ron-english-light-cult-3001-4000/items/lccc-3227.html","https://opensea.io/item/ethereum/0xbe85fbd182af91290be7293438ae67549638189f/3227","OK",""
"3228","3228","Light Cult Crypto Club #3228","RE-005038","3201-3300","","","","","","items/lccc-3228.html","https://ronenglish-archive.github.io/ron-english-light-cult-3001-4000/items/lccc-3228.html","https://opensea.io/item/ethereum/0xbe85fbd182af91290be7293438ae67549638189f/3228","MISSING SOURCE IMAGE","No source image found for token #3228"
"3229","3229","Light Cult Crypto Club #3229","RE-005039","3201-3300","D:\github\ron-english-nfts\light-cult-crypto-club\images\LCCC-3229.png","32435","images/3201-3300/LCCC-3229.png","LCCC-3229.png","D:\github\ron-english-light-cult-3001-4000\images\3201-3300\LCCC-3229.png","items/lccc-3229.html","https://ronenglish-archive.github.io/ron-english-light-cult-3001-4000/items/lccc-3229.html","https://opensea.io/item/ethereum/0xbe85fbd182af91290be7293438ae67549638189f/3229","OK",""
"3230","3230","Light Cult Crypto Club #3230","RE-005040","3201-3300","D:\github\ron-english-nfts\light-cult-crypto-club\images\LCCC-3230.png","13525","images/3201-3300/LCCC-3230.png","LCCC-3230.png","D:\github\ron-english-light-cult-3001-4000\images\3201-3300\LCCC-3230.png","items/lccc-3230.html","https://ronenglish-archive.github.io/ron-english-light-cult-3001-4000/items/lccc-3230.html","https://opensea.io/item/ethereum/0xbe85fbd182af91290be7293438ae67549638189f/3230","OK",""
"3231","3231","Light Cult Crypto Club #3231","RE-005041","3201-3300","D:\github\ron-english-nfts\light-cult-crypto-club\images\LCCC-3231.png","22365","images/3201-3300/LCCC-3231.png","LCCC-3231.png","D:\github\ron-english-light-cult-3001-4000\images\3201-3300\LCCC-3231.png","items/lccc-3231.html","https://ronenglish-archive.github.io/ron-english-light-cult-3001-4000/items/lccc-3231.html","https://opensea.io/item/ethereum/0xbe85fbd182af91290be7293438ae67549638189f/3231","OK",""
"3232","3232","Light Cult Crypto Club #3232","RE-005042","3201-3300","D:\github\ron-english-nfts\light-cult-crypto-club\images\LCCC-3232.png","5264","images/3201-3300/LCCC-3232.png","LCCC-3232.png","D:\github\ron-english-light-cult-3001-4000\images\3201-3300\LCCC-3232.png","items/lccc-3232.html","https://ronenglish-archive.github.io/ron-english-light-cult-3001-4000/items/lccc-3232.html","https://opensea.io/item/ethereum/0xbe85fbd182af91290be7293438ae67549638189f/3232","OK",""
"3233","3233","Light Cult Crypto Club #3233","RE-005043","3201-3300","D:\github\ron-english-nfts\light-cult-crypto-club\images\LCCC-3233.png","9486","images/3201-3300/LCCC-3233.png","LCCC-3233.png","D:\github\ron-english-light-cult-3001-4000\images\3201-3300\LCCC-3233.png","items/lccc-3233.html","https://ronenglish-archive.github.io/ron-english-light-cult-3001-4000/items/lccc-3233.html","https://opensea.io/item/ethereum/0xbe85fbd182af91290be7293438ae67549638189f/3233","OK",""
"3234","3234","Light Cult Crypto Club #3234","RE-005044","3201-3300","D:\github\ron-english-nfts\light-cult-crypto-club\images\LCCC-3234.png","18434","images/3201-3300/LCCC-3234.png","LCCC-3234.png","D:\github\ron-english-light-cult-3001-4000\images\3201-3300\LCCC-3234.png","items/lccc-3234.html","https://ronenglish-archive.github.io/ron-english-light-cult-3001-4000/items/lccc-3234.html","https://opensea.io/item/ethereum/0xbe85fbd182af91290be7293438ae67549638189f/3234","OK",""
"3235","3235","Light Cult Crypto Club #3235","RE-005045","3201-3300","D:\github\ron-english-nfts\light-cult-crypto-club\images\LCCC-3235.png","17625","images/3201-3300/LCCC-3235.png","LCCC-3235.png","D:\github\ron-english-light-cult-3001-4000\images\3201-3300\LCCC-3235.png","items/lccc-3235.html","https://ronenglish-archive.github.io/ron-english-light-cult-3001-4000/items/lccc-3235.html","https://opensea.io/item/ethereum/0xbe85fbd182af91290be7293438ae67549638189f/3235","OK",""
"3236","3236","Light Cult Crypto Club #3236","RE-005046","3201-3300","D:\github\ron-english-nfts\light-cult-crypto-club\images\LCCC-3236.png","28322","images/3201-3300/LCCC-3236.png","LCCC-3236.png","D:\github\ron-english-light-cult-3001-4000\images\3201-3300\LCCC-3236.png","items/lccc-3236.html","https://ronenglish-archive.github.io/ron-english-light-cult-3001-4000/items/lccc-3236.html","https://opensea.io/item/ethereum/0xbe85fbd182af91290be7293438ae67549638189f/3236","OK",""
"3237","3237","Light Cult Crypto Club #3237","RE-005047","3201-3300","D:\github\ron-english-nfts\light-cult-crypto-club\images\LCCC-3237.png","7335","images/3201-3300/LCCC-3237.png","LCCC-3237.png","D:\github\ron-english-light-cult-3001-4000\images\3201-3300\LCCC-3237.png","items/lccc-3237.html","https://ronenglish-archive.github.io/ron-english-light-cult-3001-4000/items/lccc-3237.html","https://opensea.io/item/ethereum/0xbe85fbd182af91290be7293438ae67549638189f/3237","OK",""
"3238","3238","Light Cult Crypto Club #3238","RE-005048","3201-3300","D:\github\ron-english-nfts\light-cult-crypto-club\images\LCCC-3238.png","29121","images/3201-3300/LCCC-3238.png","LCCC-3238.png","D:\github\ron-english-light-cult-3001-4000\images\3201-3300\LCCC-3238.png","items/lccc-3238.html","https://ronenglish-archive.github.io/ron-english-light-cult-3001-4000/items/lccc-3238.html","https://opensea.io/item/ethereum/0xbe85fbd182af91290be7293438ae67549638189f/3238","OK",""
"3239","3239","Light Cult Crypto Club #3239","RE-005049","3201-3300","D:\github\ron-english-nfts\light-cult-crypto-club\images\LCCC-3239.png","9800","images/3201-3300/LCCC-3239.png","LCCC-3239.png","D:\github\ron-english-light-cult-3001-4000\images\3201-3300\LCCC-3239.png","items/lccc-3239.html","https://ronenglish-archive.github.io/ron-english-light-cult-3001-4000/items/lccc-3239.html","https://opensea.io/item/ethereum/0xbe85fbd182af91290be7293438ae67549638189f/3239","OK",""
"3240","3240","Light Cult Crypto Club #3240","RE-005050","3201-3300","D:\github\ron-english-nfts\light-cult-crypto-club\images\LCCC-3240.png","32794","images/3201-3300/LCCC-3240.png","LCCC-3240.png","D:\github\ron-english-light-cult-3001-4000\images\3201-3300\LCCC-3240.png","items/lccc-3240.html","https://ronenglish-archive.github.io/ron-english-light-cult-3001-4000/items/lccc-3240.html","https://opensea.io/item/ethereum/0xbe85fbd182af91290be7293438ae67549638189f/3240","OK",""
"3241","3241","Light Cult Crypto Club #3241","RE-005051","3201-3300","D:\github\ron-english-nfts\light-cult-crypto-club\images\LCCC-3241.png","6184","images/3201-3300/LCCC-3241.png","LCCC-3241.png","D:\github\ron-english-light-cult-3001-4000\images\3201-3300\LCCC-3241.png","items/lccc-3241.html","https://ronenglish-archive.github.io/ron-english-light-cult-3001-4000/items/lccc-3241.html","https://opensea.io/item/ethereum/0xbe85fbd182af91290be7293438ae67549638189f/3241","OK",""
"3242","3242","Light Cult Crypto Club #3242","RE-005052","3201-3300","D:\github\ron-english-nfts\light-cult-crypto-club\images\LCCC-3242.png","9689","images/3201-3300/LCCC-3242.png","LCCC-3242.png","D:\github\ron-english-light-cult-3001-4000\images\3201-3300\LCCC-3242.png","items/lccc-3242.html","https://ronenglish-archive.github.io/ron-english-light-cult-3001-4000/items/lccc-3242.html","https://opensea.io/item/ethereum/0xbe85fbd182af91290be7293438ae67549638189f/3242","OK",""
"3243","3243","Light Cult Crypto Club #3243","RE-005053","3201-3300","D:\github\ron-english-nfts\light-cult-crypto-club\images\LCCC-3243.png","30847","images/3201-3300/LCCC-3243.png","LCCC-3243.png","D:\github\ron-english-light-cult-3001-4000\images\3201-3300\LCCC-3243.png","items/lccc-3243.html","https://ronenglish-archive.github.io/ron-english-light-cult-3001-4000/items/lccc-3243.html","https://opensea.io/item/ethereum/0xbe85fbd182af91290be7293438ae67549638189f/3243","OK",""
"3244","3244","Light Cult Crypto Club #3244","RE-005054","3201-3300","D:\github\ron-english-nfts\light-cult-crypto-club\images\LCCC-3244.png","4609","images/3201-3300/LCCC-3244.png","LCCC-3244.png","D:\github\ron-english-light-cult-3001-4000\images\3201-3300\LCCC-3244.png","items/lccc-3244.html","https://ronenglish-archive.github.io/ron-english-light-cult-3001-4000/items/lccc-3244.html","https://opensea.io/item/ethereum/0xbe85fbd182af91290be7293438ae67549638189f/3244","OK",""
"3245","3245","Light Cult Crypto Club #3245","RE-005055","3201-3300","D:\github\ron-english-nfts\light-cult-crypto-club\images\LCCC-3245.png","32404","images/3201-3300/LCCC-3245.png","LCCC-3245.png","D:\github\ron-english-light-cult-3001-4000\images\3201-3300\LCCC-3245.png","items/lccc-3245.html","https://ronenglish-archive.github.io/ron-english-light-cult-3001-4000/items/lccc-3245.html","https://opensea.io/item/ethereum/0xbe85fbd182af91290be7293438ae67549638189f/3245","OK",""
"3246","3246","Light Cult Crypto Club #3246","RE-005056","3201-3300","D:\github\ron-english-nfts\light-cult-crypto-club\images\LCCC-3246.png","9403","images/3201-3300/LCCC-3246.png","LCCC-3246.png","D:\github\ron-english-light-cult-3001-4000\images\3201-3300\LCCC-3246.png","items/lccc-3246.html","https://ronenglish-archive.github.io/ron-english-light-cult-3001-4000/items/lccc-3246.html","https://opensea.io/item/ethereum/0xbe85fbd182af91290be7293438ae67549638189f/3246","OK",""
"3247","3247","Light Cult Crypto Club #3247","RE-005057","3201-3300","D:\github\ron-english-nfts\light-cult-crypto-club\images\LCCC-3247.png","13007","images/3201-3300/LCCC-3247.png","LCCC-3247.png","D:\github\ron-english-light-cult-3001-4000\images\3201-3300\LCCC-3247.png","items/lccc-3247.html","https://ronenglish-archive.github.io/ron-english-light-cult-3001-4000/items/lccc-3247.html","https://opensea.io/item/ethereum/0xbe85fbd182af91290be7293438ae67549638189f/3247","OK",""
"3248","3248","Light Cult Crypto Club #3248","RE-005058","3201-3300","D:\github\ron-english-nfts\light-cult-crypto-club\images\LCCC-3248.png","3481","images/3201-3300/LCCC-3248.png","LCCC-3248.png","D:\github\ron-english-light-cult-3001-4000\images\3201-3300\LCCC-3248.png","items/lccc-3248.html","https://ronenglish-archive.github.io/ron-english-light-cult-3001-4000/items/lccc-3248.html","https://opensea.io/item/ethereum/0xbe85fbd182af91290be7293438ae67549638189f/3248","OK",""
"3249","3249","Light Cult Crypto Club #3249","RE-005059","3201-3300","D:\github\ron-english-nfts\light-cult-crypto-club\images\LCCC-3249.png","47540","images/3201-3300/LCCC-3249.png","LCCC-3249.png","D:\github\ron-english-light-cult-3001-4000\images\3201-3300\LCCC-3249.png","items/lccc-3249.html","https://ronenglish-archive.github.io/ron-english-light-cult-3001-4000/items/lccc-3249.html","https://opensea.io/item/ethereum/0xbe85fbd182af91290be7293438ae67549638189f/3249","OK",""
"3250","3250","Light Cult Crypto Club #3250","RE-005060","3201-3300","D:\github\ron-english-nfts\light-cult-crypto-club\images\LCCC-3250.png","23685","images/3201-3300/LCCC-3250.png","LCCC-3250.png","D:\github\ron-english-light-cult-3001-4000\images\3201-3300\LCCC-3250.png","items/lccc-3250.html","https://ronenglish-archive.github.io/ron-english-light-cult-3001-4000/items/lccc-3250.html","https://opensea.io/item/ethereum/0xbe85fbd182af91290be7293438ae67549638189f/3250","OK",""
"3251","3251","Light Cult Crypto Club #3251","RE-005061","3201-3300","D:\github\ron-english-nfts\light-cult-crypto-club\images\LCCC-3251.png","14475","images/3201-3300/LCCC-3251.png","LCCC-3251.png","D:\github\ron-english-light-cult-3001-4000\images\3201-3300\LCCC-3251.png","items/lccc-3251.html","https://ronenglish-archive.github.io/ron-english-light-cult-3001-4000/items/lccc-3251.html","https://opensea.io/item/ethereum/0xbe85fbd182af91290be7293438ae67549638189f/3251","OK",""
"3252","3252","Light Cult Crypto Club #3252","RE-005062","3201-3300","D:\github\ron-english-nfts\light-cult-crypto-club\images\LCCC-3252.png","12584","images/3201-3300/LCCC-3252.png","LCCC-3252.png","D:\github\ron-english-light-cult-3001-4000\images\3201-3300\LCCC-3252.png","items/lccc-3252.html","https://ronenglish-archive.github.io/ron-english-light-cult-3001-4000/items/lccc-3252.html","https://opensea.io/item/ethereum/0xbe85fbd182af91290be7293438ae67549638189f/3252","OK",""
"3253","3253","Light Cult Crypto Club #3253","RE-005063","3201-3300","D:\github\ron-english-nfts\light-cult-crypto-club\images\LCCC-3253.png","20432","images/3201-3300/LCCC-3253.png","LCCC-3253.png","D:\github\ron-english-light-cult-3001-4000\images\3201-3300\LCCC-3253.png","items/lccc-3253.html","https://ronenglish-archive.github.io/ron-english-light-cult-3001-4000/items/lccc-3253.html","https://opensea.io/item/ethereum/0xbe85fbd182af91290be7293438ae67549638189f/3253","OK",""
"3254","3254","Light Cult Crypto Club #3254","RE-005064","3201-3300","D:\github\ron-english-nfts\light-cult-crypto-club\images\LCCC-3254.png","6153","images/3201-3300/LCCC-3254.png","LCCC-3254.png","D:\github\ron-english-light-cult-3001-4000\images\3201-3300\LCCC-3254.png","items/lccc-3254.html","https://ronenglish-archive.github.io/ron-english-light-cult-3001-4000/items/lccc-3254.html","https://opensea.io/item/ethereum/0xbe85fbd182af91290be7293438ae67549638189f/3254","OK",""
"3255","3255","Light Cult Crypto Club #3255","RE-005065","3201-3300","D:\github\ron-english-nfts\light-cult-crypto-club\images\LCCC-3255.png","23421","images/3201-3300/LCCC-3255.png","LCCC-3255.png","D:\github\ron-english-light-cult-3001-4000\images\3201-3300\LCCC-3255.png","items/lccc-3255.html","https://ronenglish-archive.github.io/ron-english-light-cult-3001-4000/items/lccc-3255.html","https://opensea.io/item/ethereum/0xbe85fbd182af91290be7293438ae67549638189f/3255","OK",""
"3256","3256","Light Cult Crypto Club #3256","RE-005066","3201-3300","D:\github\ron-english-nfts\light-cult-crypto-club\images\LCCC-3256.png","6632","images/3201-3300/LCCC-3256.png","LCCC-3256.png","D:\github\ron-english-light-cult-3001-4000\images\3201-3300\LCCC-3256.png","items/lccc-3256.html","https://ronenglish-archive.github.io/ron-english-light-cult-3001-4000/items/lccc-3256.html","https://opensea.io/item/ethereum/0xbe85fbd182af91290be7293438ae67549638189f/3256","OK",""
"3257","3257","Light Cult Crypto Club #3257","RE-005067","3201-3300","D:\github\ron-english-nfts\light-cult-crypto-club\images\LCCC-3257.png","14221","images/3201-3300/LCCC-3257.png","LCCC-3257.png","D:\github\ron-english-light-cult-3001-4000\images\3201-3300\LCCC-3257.png","items/lccc-3257.html","https://ronenglish-archive.github.io/ron-english-light-cult-3001-4000/items/lccc-3257.html","https://opensea.io/item/ethereum/0xbe85fbd182af91290be7293438ae67549638189f/3257","OK",""
"3258","3258","Light Cult Crypto Club #3258","RE-005068","3201-3300","D:\github\ron-english-nfts\light-cult-crypto-club\images\LCCC-3258.png","18488","images/3201-3300/LCCC-3258.png","LCCC-3258.png","D:\github\ron-english-light-cult-3001-4000\images\3201-3300\LCCC-3258.png","items/lccc-3258.html","https://ronenglish-archive.github.io/ron-english-light-cult-3001-4000/items/lccc-3258.html","https://opensea.io/item/ethereum/0xbe85fbd182af91290be7293438ae67549638189f/3258","OK",""
"3259","3259","Light Cult Crypto Club #3259","RE-005069","3201-3300","D:\github\ron-english-nfts\light-cult-crypto-club\images\LCCC-3259.png","14429","images/3201-3300/LCCC-3259.png","LCCC-3259.png","D:\github\ron-english-light-cult-3001-4000\images\3201-3300\LCCC-3259.png","items/lccc-3259.html","https://ronenglish-archive.github.io/ron-english-light-cult-3001-4000/items/lccc-3259.html","https://opensea.io/item/ethereum/0xbe85fbd182af91290be7293438ae67549638189f/3259","OK",""
"3260","3260","Light Cult Crypto Club #3260","RE-005070","3201-3300","D:\github\ron-english-nfts\light-cult-crypto-club\images\LCCC-3260.png","21490","images/3201-3300/LCCC-3260.png","LCCC-3260.png","D:\github\ron-english-light-cult-3001-4000\images\3201-3300\LCCC-3260.png","items/lccc-3260.html","https://ronenglish-archive.github.io/ron-english-light-cult-3001-4000/items/lccc-3260.html","https://opensea.io/item/ethereum/0xbe85fbd182af91290be7293438ae67549638189f/3260","OK",""
"3261","3261","Light Cult Crypto Club #3261","RE-005071","3201-3300","D:\github\ron-english-nfts\light-cult-crypto-club\images\LCCC-3261.png","5667","images/3201-3300/LCCC-3261.png","LCCC-3261.png","D:\github\ron-english-light-cult-3001-4000\images\3201-3300\LCCC-3261.png","items/lccc-3261.html","https://ronenglish-archive.github.io/ron-english-light-cult-3001-4000/items/lccc-3261.html","https://opensea.io/item/ethereum/0xbe85fbd182af91290be7293438ae67549638189f/3261","OK",""
"3262","3262","Light Cult Crypto Club #3262","RE-005072","3201-3300","D:\github\ron-english-nfts\light-cult-crypto-club\images\LCCC-3262.png","13866","images/3201-3300/LCCC-3262.png","LCCC-3262.png","D:\github\ron-english-light-cult-3001-4000\images\3201-3300\LCCC-3262.png","items/lccc-3262.html","https://ronenglish-archive.github.io/ron-english-light-cult-3001-4000/items/lccc-3262.html","https://opensea.io/item/ethereum/0xbe85fbd182af91290be7293438ae67549638189f/3262","OK",""
"3263","3263","Light Cult Crypto Club #3263","RE-005073","3201-3300","D:\github\ron-english-nfts\light-cult-crypto-club\images\LCCC-3263.png","20243","images/3201-3300/LCCC-3263.png","LCCC-3263.png","D:\github\ron-english-light-cult-3001-4000\images\3201-3300\LCCC-3263.png","items/lccc-3263.html","https://ronenglish-archive.github.io/ron-english-light-cult-3001-4000/items/lccc-3263.html","https://opensea.io/item/ethereum/0xbe85fbd182af91290be7293438ae67549638189f/3263","OK",""
"3264","3264","Light Cult Crypto Club #3264","RE-005074","3201-3300","D:\github\ron-english-nfts\light-cult-crypto-club\images\LCCC-3264.png","14367","images/3201-3300/LCCC-3264.png","LCCC-3264.png","D:\github\ron-english-light-cult-3001-4000\images\3201-3300\LCCC-3264.png","items/lccc-3264.html","https://ronenglish-archive.github.io/ron-english-light-cult-3001-4000/items/lccc-3264.html","https://opensea.io/item/ethereum/0xbe85fbd182af91290be7293438ae67549638189f/3264","OK",""
"3265","3265","Light Cult Crypto Club #3265","RE-005075","3201-3300","D:\github\ron-english-nfts\light-cult-crypto-club\images\LCCC-3265.png","11521","images/3201-3300/LCCC-3265.png","LCCC-3265.png","D:\github\ron-english-light-cult-3001-4000\images\3201-3300\LCCC-3265.png","items/lccc-3265.html","https://ronenglish-archive.github.io/ron-english-light-cult-3001-4000/items/lccc-3265.html","https://opensea.io/item/ethereum/0xbe85fbd182af91290be7293438ae67549638189f/3265","OK",""
"3266","3266","Light Cult Crypto Club #3266","RE-005076","3201-3300","","","","","","items/lccc-3266.html","https://ronenglish-archive.github.io/ron-english-light-cult-3001-4000/items/lccc-3266.html","https://opensea.io/item/ethereum/0xbe85fbd182af91290be7293438ae67549638189f/3266","MISSING SOURCE IMAGE","No source image found for token #3266"
"3267","3267","Light Cult Crypto Club #3267","RE-005077","3201-3300","D:\github\ron-english-nfts\light-cult-crypto-club\images\LCCC-3267.png","34967","images/3201-3300/LCCC-3267.png","LCCC-3267.png","D:\github\ron-english-light-cult-3001-4000\images\3201-3300\LCCC-3267.png","items/lccc-3267.html","https://ronenglish-archive.github.io/ron-english-light-cult-3001-4000/items/lccc-3267.html","https://opensea.io/item/ethereum/0xbe85fbd182af91290be7293438ae67549638189f/3267","OK",""
"3268","3268","Light Cult Crypto Club #3268","RE-005078","3201-3300","","","","","","items/lccc-3268.html","https://ronenglish-archive.github.io/ron-english-light-cult-3001-4000/items/lccc-3268.html","https://opensea.io/item/ethereum/0xbe85fbd182af91290be7293438ae67549638189f/3268","MISSING SOURCE IMAGE","No source image found for token #3268"
"3269","3269","Light Cult Crypto Club #3269","RE-005079","3201-3300","D:\github\ron-english-nfts\light-cult-crypto-club\images\LCCC-3269.png","14510","images/3201-3300/LCCC-3269.png","LCCC-3269.png","D:\github\ron-english-light-cult-3001-4000\images\3201-3300\LCCC-3269.png","items/lccc-3269.html","https://ronenglish-archive.github.io/ron-english-light-cult-3001-4000/items/lccc-3269.html","https://opensea.io/item/ethereum/0xbe85fbd182af91290be7293438ae67549638189f/3269","OK",""
"3270","3270","Light Cult Crypto Club #3270","RE-005080","3201-3300","D:\github\ron-english-nfts\light-cult-crypto-club\images\LCCC-3270.png","32504","images/3201-3300/LCCC-3270.png","LCCC-3270.png","D:\github\ron-english-light-cult-3001-4000\images\3201-3300\LCCC-3270.png","items/lccc-3270.html","https://ronenglish-archive.github.io/ron-english-light-cult-3001-4000/items/lccc-3270.html","https://opensea.io/item/ethereum/0xbe85fbd182af91290be7293438ae67549638189f/3270","OK",""
"3271","3271","Light Cult Crypto Club #3271","RE-005081","3201-3300","","","","","","items/lccc-3271.html","https://ronenglish-archive.github.io/ron-english-light-cult-3001-4000/items/lccc-3271.html","https://opensea.io/item/ethereum/0xbe85fbd182af91290be7293438ae67549638189f/3271","MISSING SOURCE IMAGE","No source image found for token #3271"
"3272","3272","Light Cult Crypto Club #3272","RE-005082","3201-3300","D:\github\ron-english-nfts\light-cult-crypto-club\images\LCCC-3272.png","10707","images/3201-3300/LCCC-3272.png","LCCC-3272.png","D:\github\ron-english-light-cult-3001-4000\images\3201-3300\LCCC-3272.png","items/lccc-3272.html","https://ronenglish-archive.github.io/ron-english-light-cult-3001-4000/items/lccc-3272.html","https://opensea.io/item/ethereum/0xbe85fbd182af91290be7293438ae67549638189f/3272","OK",""
"3273","3273","Light Cult Crypto Club #3273","RE-005083","3201-3300","D:\github\ron-english-nfts\light-cult-crypto-club\images\LCCC-3273.png","3197","images/3201-3300/LCCC-3273.png","LCCC-3273.png","D:\github\ron-english-light-cult-3001-4000\images\3201-3300\LCCC-3273.png","items/lccc-3273.html","https://ronenglish-archive.github.io/ron-english-light-cult-3001-4000/items/lccc-3273.html","https://opensea.io/item/ethereum/0xbe85fbd182af91290be7293438ae67549638189f/3273","OK",""
"3274","3274","Light Cult Crypto Club #3274","RE-005084","3201-3300","D:\github\ron-english-nfts\light-cult-crypto-club\images\LCCC-3274.png","19258","images/3201-3300/LCCC-3274.png","LCCC-3274.png","D:\github\ron-english-light-cult-3001-4000\images\3201-3300\LCCC-3274.png","items/lccc-3274.html","https://ronenglish-archive.github.io/ron-english-light-cult-3001-4000/items/lccc-3274.html","https://opensea.io/item/ethereum/0xbe85fbd182af91290be7293438ae67549638189f/3274","OK",""
"3275","3275","Light Cult Crypto Club #3275","RE-005085","3201-3300","D:\github\ron-english-nfts\light-cult-crypto-club\images\LCCC-3275.png","35461","images/3201-3300/LCCC-3275.png","LCCC-3275.png","D:\github\ron-english-light-cult-3001-4000\images\3201-3300\LCCC-3275.png","items/lccc-3275.html","https://ronenglish-archive.github.io/ron-english-light-cult-3001-4000/items/lccc-3275.html","https://opensea.io/item/ethereum/0xbe85fbd182af91290be7293438ae67549638189f/3275","OK",""
"3276","3276","Light Cult Crypto Club #3276","RE-005086","3201-3300","D:\github\ron-english-nfts\light-cult-crypto-club\images\LCCC-3276.png","35516","images/3201-3300/LCCC-3276.png","LCCC-3276.png","D:\github\ron-english-light-cult-3001-4000\images\3201-3300\LCCC-3276.png","items/lccc-3276.html","https://ronenglish-archive.github.io/ron-english-light-cult-3001-4000/items/lccc-3276.html","https://opensea.io/item/ethereum/0xbe85fbd182af91290be7293438ae67549638189f/3276","OK",""
"3277","3277","Light Cult Crypto Club #3277","RE-005087","3201-3300","D:\github\ron-english-nfts\light-cult-crypto-club\images\LCCC-3277.png","14264","images/3201-3300/LCCC-3277.png","LCCC-3277.png","D:\github\ron-english-light-cult-3001-4000\images\3201-3300\LCCC-3277.png","items/lccc-3277.html","https://ronenglish-archive.github.io/ron-english-light-cult-3001-4000/items/lccc-3277.html","https://opensea.io/item/ethereum/0xbe85fbd182af91290be7293438ae67549638189f/3277","OK",""
"3278","3278","Light Cult Crypto Club #3278","RE-005088","3201-3300","D:\github\ron-english-nfts\light-cult-crypto-club\images\LCCC-3278.png","14919","images/3201-3300/LCCC-3278.png","LCCC-3278.png","D:\github\ron-english-light-cult-3001-4000\images\3201-3300\LCCC-3278.png","items/lccc-3278.html","https://ronenglish-archive.github.io/ron-english-light-cult-3001-4000/items/lccc-3278.html","https://opensea.io/item/ethereum/0xbe85fbd182af91290be7293438ae67549638189f/3278","OK",""
"3279","3279","Light Cult Crypto Club #3279","RE-005089","3201-3300","D:\github\ron-english-nfts\light-cult-crypto-club\images\LCCC-3279.png","14449","images/3201-3300/LCCC-3279.png","LCCC-3279.png","D:\github\ron-english-light-cult-3001-4000\images\3201-3300\LCCC-3279.png","items/lccc-3279.html","https://ronenglish-archive.github.io/ron-english-light-cult-3001-4000/items/lccc-3279.html","https://opensea.io/item/ethereum/0xbe85fbd182af91290be7293438ae67549638189f/3279","OK",""
"3280","3280","Light Cult Crypto Club #3280","RE-005090","3201-3300","D:\github\ron-english-nfts\light-cult-crypto-club\images\LCCC-3280.png","15801","images/3201-3300/LCCC-3280.png","LCCC-3280.png","D:\github\ron-english-light-cult-3001-4000\images\3201-3300\LCCC-3280.png","items/lccc-3280.html","https://ronenglish-archive.github.io/ron-english-light-cult-3001-4000/items/lccc-3280.html","https://opensea.io/item/ethereum/0xbe85fbd182af91290be7293438ae67549638189f/3280","OK",""
"3281","3281","Light Cult Crypto Club #3281","RE-005091","3201-3300","D:\github\ron-english-nfts\light-cult-crypto-club\images\LCCC-3281.png","27284","images/3201-3300/LCCC-3281.png","LCCC-3281.png","D:\github\ron-english-light-cult-3001-4000\images\3201-3300\LCCC-3281.png","items/lccc-3281.html","https://ronenglish-archive.github.io/ron-english-light-cult-3001-4000/items/lccc-3281.html","https://opensea.io/item/ethereum/0xbe85fbd182af91290be7293438ae67549638189f/3281","OK",""
"3282","3282","Light Cult Crypto Club #3282","RE-005092","3201-3300","D:\github\ron-english-nfts\light-cult-crypto-club\images\LCCC-3282.png","31376","images/3201-3300/LCCC-3282.png","LCCC-3282.png","D:\github\ron-english-light-cult-3001-4000\images\3201-3300\LCCC-3282.png","items/lccc-3282.html","https://ronenglish-archive.github.io/ron-english-light-cult-3001-4000/items/lccc-3282.html","https://opensea.io/item/ethereum/0xbe85fbd182af91290be7293438ae67549638189f/3282","OK",""
"3283","3283","Light Cult Crypto Club #3283","RE-005093","3201-3300","D:\github\ron-english-nfts\light-cult-crypto-club\images\LCCC-3283.png","9615","images/3201-3300/LCCC-3283.png","LCCC-3283.png","D:\github\ron-english-light-cult-3001-4000\images\3201-3300\LCCC-3283.png","items/lccc-3283.html","https://ronenglish-archive.github.io/ron-english-light-cult-3001-4000/items/lccc-3283.html","https://opensea.io/item/ethereum/0xbe85fbd182af91290be7293438ae67549638189f/3283","OK",""
"3284","3284","Light Cult Crypto Club #3284","RE-005094","3201-3300","D:\github\ron-english-nfts\light-cult-crypto-club\images\LCCC-3284.png","7116","images/3201-3300/LCCC-3284.png","LCCC-3284.png","D:\github\ron-english-light-cult-3001-4000\images\3201-3300\LCCC-3284.png","items/lccc-3284.html","https://ronenglish-archive.github.io/ron-english-light-cult-3001-4000/items/lccc-3284.html","https://opensea.io/item/ethereum/0xbe85fbd182af91290be7293438ae67549638189f/3284","OK",""
"3285","3285","Light Cult Crypto Club #3285","RE-005095","3201-3300","D:\github\ron-english-nfts\light-cult-crypto-club\images\LCCC-3285.png","6848","images/3201-3300/LCCC-3285.png","LCCC-3285.png","D:\github\ron-english-light-cult-3001-4000\images\3201-3300\LCCC-3285.png","items/lccc-3285.html","https://ronenglish-archive.github.io/ron-english-light-cult-3001-4000/items/lccc-3285.html","https://opensea.io/item/ethereum/0xbe85fbd182af91290be7293438ae67549638189f/3285","OK",""
"3286","3286","Light Cult Crypto Club #3286","RE-005096","3201-3300","D:\github\ron-english-nfts\light-cult-crypto-club\images\LCCC-3286.png","16699","images/3201-3300/LCCC-3286.png","LCCC-3286.png","D:\github\ron-english-light-cult-3001-4000\images\3201-3300\LCCC-3286.png","items/lccc-3286.html","https://ronenglish-archive.github.io/ron-english-light-cult-3001-4000/items/lccc-3286.html","https://opensea.io/item/ethereum/0xbe85fbd182af91290be7293438ae67549638189f/3286","OK",""
"3287","3287","Light Cult Crypto Club #3287","RE-005097","3201-3300","D:\github\ron-english-nfts\light-cult-crypto-club\images\LCCC-3287.png","21904","images/3201-3300/LCCC-3287.png","LCCC-3287.png","D:\github\ron-english-light-cult-3001-4000\images\3201-3300\LCCC-3287.png","items/lccc-3287.html","https://ronenglish-archive.github.io/ron-english-light-cult-3001-4000/items/lccc-3287.html","https://opensea.io/item/ethereum/0xbe85fbd182af91290be7293438ae67549638189f/3287","OK",""
"3288","3288","Light Cult Crypto Club #3288","RE-005098","3201-3300","D:\github\ron-english-nfts\light-cult-crypto-club\images\LCCC-3288.png","13457","images/3201-3300/LCCC-3288.png","LCCC-3288.png","D:\github\ron-english-light-cult-3001-4000\images\3201-3300\LCCC-3288.png","items/lccc-3288.html","https://ronenglish-archive.github.io/ron-english-light-cult-3001-4000/items/lccc-3288.html","https://opensea.io/item/ethereum/0xbe85fbd182af91290be7293438ae67549638189f/3288","OK",""
"3289","3289","Light Cult Crypto Club #3289","RE-005099","3201-3300","D:\github\ron-english-nfts\light-cult-crypto-club\images\LCCC-3289.png","30607","images/3201-3300/LCCC-3289.png","LCCC-3289.png","D:\github\ron-english-light-cult-3001-4000\images\3201-3300\LCCC-3289.png","items/lccc-3289.html","https://ronenglish-archive.github.io/ron-english-light-cult-3001-4000/items/lccc-3289.html","https://opensea.io/item/ethereum/0xbe85fbd182af91290be7293438ae67549638189f/3289","OK",""
"3290","3290","Light Cult Crypto Club #3290","RE-005100","3201-3300","D:\github\ron-english-nfts\light-cult-crypto-club\images\LCCC-3290.png","33942","images/3201-3300/LCCC-3290.png","LCCC-3290.png","D:\github\ron-english-light-cult-3001-4000\images\3201-3300\LCCC-3290.png","items/lccc-3290.html","https://ronenglish-archive.github.io/ron-english-light-cult-3001-4000/items/lccc-3290.html","https://opensea.io/item/ethereum/0xbe85fbd182af91290be7293438ae67549638189f/3290","OK",""
"3291","3291","Light Cult Crypto Club #3291","RE-005101","3201-3300","D:\github\ron-english-nfts\light-cult-crypto-club\images\LCCC-3291.png","14994","images/3201-3300/LCCC-3291.png","LCCC-3291.png","D:\github\ron-english-light-cult-3001-4000\images\3201-3300\LCCC-3291.png","items/lccc-3291.html","https://ronenglish-archive.github.io/ron-english-light-cult-3001-4000/items/lccc-3291.html","https://opensea.io/item/ethereum/0xbe85fbd182af91290be7293438ae67549638189f/3291","OK",""
"3292","3292","Light Cult Crypto Club #3292","RE-005102","3201-3300","D:\github\ron-english-nfts\light-cult-crypto-club\images\LCCC-3292.png","9732","images/3201-3300/LCCC-3292.png","LCCC-3292.png","D:\github\ron-english-light-cult-3001-4000\images\3201-3300\LCCC-3292.png","items/lccc-3292.html","https://ronenglish-archive.github.io/ron-english-light-cult-3001-4000/items/lccc-3292.html","https://opensea.io/item/ethereum/0xbe85fbd182af91290be7293438ae67549638189f/3292","OK",""
"3293","3293","Light Cult Crypto Club #3293","RE-005103","3201-3300","D:\github\ron-english-nfts\light-cult-crypto-club\images\LCCC-3293.png","38580","images/3201-3300/LCCC-3293.png","LCCC-3293.png","D:\github\ron-english-light-cult-3001-4000\images\3201-3300\LCCC-3293.png","items/lccc-3293.html","https://ronenglish-archive.github.io/ron-english-light-cult-3001-4000/items/lccc-3293.html","https://opensea.io/item/ethereum/0xbe85fbd182af91290be7293438ae67549638189f/3293","OK",""
"3294","3294","Light Cult Crypto Club #3294","RE-005104","3201-3300","D:\github\ron-english-nfts\light-cult-crypto-club\images\LCCC-3294.png","21121","images/3201-3300/LCCC-3294.png","LCCC-3294.png","D:\github\ron-english-light-cult-3001-4000\images\3201-3300\LCCC-3294.png","items/lccc-3294.html","https://ronenglish-archive.github.io/ron-english-light-cult-3001-4000/items/lccc-3294.html","https://opensea.io/item/ethereum/0xbe85fbd182af91290be7293438ae67549638189f/3294","OK",""
"3295","3295","Light Cult Crypto Club #3295","RE-005105","3201-3300","D:\github\ron-english-nfts\light-cult-crypto-club\images\LCCC-3295.png","31487","images/3201-3300/LCCC-3295.png","LCCC-3295.png","D:\github\ron-english-light-cult-3001-4000\images\3201-3300\LCCC-3295.png","items/lccc-3295.html","https://ronenglish-archive.github.io/ron-english-light-cult-3001-4000/items/lccc-3295.html","https://opensea.io/item/ethereum/0xbe85fbd182af91290be7293438ae67549638189f/3295","OK",""
"3296","3296","Light Cult Crypto Club #3296","RE-005106","3201-3300","D:\github\ron-english-nfts\light-cult-crypto-club\images\LCCC-3296.png","25162","images/3201-3300/LCCC-3296.png","LCCC-3296.png","D:\github\ron-english-light-cult-3001-4000\images\3201-3300\LCCC-3296.png","items/lccc-3296.html","https://ronenglish-archive.github.io/ron-english-light-cult-3001-4000/items/lccc-3296.html","https://opensea.io/item/ethereum/0xbe85fbd182af91290be7293438ae67549638189f/3296","OK",""
"3297","3297","Light Cult Crypto Club #3297","RE-005107","3201-3300","D:\github\ron-english-nfts\light-cult-crypto-club\images\LCCC-3297.png","17972","images/3201-3300/LCCC-3297.png","LCCC-3297.png","D:\github\ron-english-light-cult-3001-4000\images\3201-3300\LCCC-3297.png","items/lccc-3297.html","https://ronenglish-archive.github.io/ron-english-light-cult-3001-4000/items/lccc-3297.html","https://opensea.io/item/ethereum/0xbe85fbd182af91290be7293438ae67549638189f/3297","OK",""
"3298","3298","Light Cult Crypto Club #3298","RE-005108","3201-3300","D:\github\ron-english-nfts\light-cult-crypto-club\images\LCCC-3298.png","4891","images/3201-3300/LCCC-3298.png","LCCC-3298.png","D:\github\ron-english-light-cult-3001-4000\images\3201-3300\LCCC-3298.png","items/lccc-3298.html","https://ronenglish-archive.github.io/ron-english-light-cult-3001-4000/items/lccc-3298.html","https://opensea.io/item/ethereum/0xbe85fbd182af91290be7293438ae67549638189f/3298","OK",""
"3299","3299","Light Cult Crypto Club #3299","RE-005109","3201-3300","D:\github\ron-english-nfts\light-cult-crypto-club\images\LCCC-3299.png","10372","images/3201-3300/LCCC-3299.png","LCCC-3299.png","D:\github\ron-english-light-cult-3001-4000\images\3201-3300\LCCC-3299.png","items/lccc-3299.html","https://ronenglish-archive.github.io/ron-english-light-cult-3001-4000/items/lccc-3299.html","https://opensea.io/item/ethereum/0xbe85fbd182af91290be7293438ae67549638189f/3299","OK",""
"3300","3300","Light Cult Crypto Club #3300","RE-005110","3201-3300","","","","","","items/lccc-3300.html","https://ronenglish-archive.github.io/ron-english-light-cult-3001-4000/items/lccc-3300.html","https://opensea.io/item/ethereum/0xbe85fbd182af91290be7293438ae67549638189f/3300","MISSING SOURCE IMAGE","No source image found for token #3300"
"3301","3301","Light Cult Crypto Club #3301","RE-005111","3301-3400","","","","","","items/lccc-3301.html","https://ronenglish-archive.github.io/ron-english-light-cult-3001-4000/items/lccc-3301.html","https://opensea.io/item/ethereum/0xbe85fbd182af91290be7293438ae67549638189f/3301","MISSING SOURCE IMAGE","No source image found for token #3301"
"3302","3302","Light Cult Crypto Club #3302","RE-005112","3301-3400","D:\github\ron-english-nfts\light-cult-crypto-club\images\LCCC-3302.png","27431","images/3301-3400/LCCC-3302.png","LCCC-3302.png","D:\github\ron-english-light-cult-3001-4000\images\3301-3400\LCCC-3302.png","items/lccc-3302.html","https://ronenglish-archive.github.io/ron-english-light-cult-3001-4000/items/lccc-3302.html","https://opensea.io/item/ethereum/0xbe85fbd182af91290be7293438ae67549638189f/3302","OK",""
"3303","3303","Light Cult Crypto Club #3303","RE-005113","3301-3400","D:\github\ron-english-nfts\light-cult-crypto-club\images\LCCC-3303.png","37072","images/3301-3400/LCCC-3303.png","LCCC-3303.png","D:\github\ron-english-light-cult-3001-4000\images\3301-3400\LCCC-3303.png","items/lccc-3303.html","https://ronenglish-archive.github.io/ron-english-light-cult-3001-4000/items/lccc-3303.html","https://opensea.io/item/ethereum/0xbe85fbd182af91290be7293438ae67549638189f/3303","OK",""
"3304","3304","Light Cult Crypto Club #3304","RE-005114","3301-3400","D:\github\ron-english-nfts\light-cult-crypto-club\images\LCCC-3304.png","17290","images/3301-3400/LCCC-3304.png","LCCC-3304.png","D:\github\ron-english-light-cult-3001-4000\images\3301-3400\LCCC-3304.png","items/lccc-3304.html","https://ronenglish-archive.github.io/ron-english-light-cult-3001-4000/items/lccc-3304.html","https://opensea.io/item/ethereum/0xbe85fbd182af91290be7293438ae67549638189f/3304","OK",""
"3305","3305","Light Cult Crypto Club #3305","RE-005115","3301-3400","D:\github\ron-english-nfts\light-cult-crypto-club\images\LCCC-3305.png","12641","images/3301-3400/LCCC-3305.png","LCCC-3305.png","D:\github\ron-english-light-cult-3001-4000\images\3301-3400\LCCC-3305.png","items/lccc-3305.html","https://ronenglish-archive.github.io/ron-english-light-cult-3001-4000/items/lccc-3305.html","https://opensea.io/item/ethereum/0xbe85fbd182af91290be7293438ae67549638189f/3305","OK",""
"3306","3306","Light Cult Crypto Club #3306","RE-005116","3301-3400","D:\github\ron-english-nfts\light-cult-crypto-club\images\LCCC-3306.png","30654","images/3301-3400/LCCC-3306.png","LCCC-3306.png","D:\github\ron-english-light-cult-3001-4000\images\3301-3400\LCCC-3306.png","items/lccc-3306.html","https://ronenglish-archive.github.io/ron-english-light-cult-3001-4000/items/lccc-3306.html","https://opensea.io/item/ethereum/0xbe85fbd182af91290be7293438ae67549638189f/3306","OK",""
"3307","3307","Light Cult Crypto Club #3307","RE-005117","3301-3400","D:\github\ron-english-nfts\light-cult-crypto-club\images\LCCC-3307.png","19996","images/3301-3400/LCCC-3307.png","LCCC-3307.png","D:\github\ron-english-light-cult-3001-4000\images\3301-3400\LCCC-3307.png","items/lccc-3307.html","https://ronenglish-archive.github.io/ron-english-light-cult-3001-4000/items/lccc-3307.html","https://opensea.io/item/ethereum/0xbe85fbd182af91290be7293438ae67549638189f/3307","OK",""
"3308","3308","Light Cult Crypto Club #3308","RE-005118","3301-3400","D:\github\ron-english-nfts\light-cult-crypto-club\images\LCCC-3308.png","39446","images/3301-3400/LCCC-3308.png","LCCC-3308.png","D:\github\ron-english-light-cult-3001-4000\images\3301-3400\LCCC-3308.png","items/lccc-3308.html","https://ronenglish-archive.github.io/ron-english-light-cult-3001-4000/items/lccc-3308.html","https://opensea.io/item/ethereum/0xbe85fbd182af91290be7293438ae67549638189f/3308","OK",""
"3309","3309","Light Cult Crypto Club #3309","RE-005119","3301-3400","","","","","","items/lccc-3309.html","https://ronenglish-archive.github.io/ron-english-light-cult-3001-4000/items/lccc-3309.html","https://opensea.io/item/ethereum/0xbe85fbd182af91290be7293438ae67549638189f/3309","MISSING SOURCE IMAGE","No source image found for token #3309"
"3310","3310","Light Cult Crypto Club #3310","RE-005120","3301-3400","D:\github\ron-english-nfts\light-cult-crypto-club\images\LCCC-3310.png","24165","images/3301-3400/LCCC-3310.png","LCCC-3310.png","D:\github\ron-english-light-cult-3001-4000\images\3301-3400\LCCC-3310.png","items/lccc-3310.html","https://ronenglish-archive.github.io/ron-english-light-cult-3001-4000/items/lccc-3310.html","https://opensea.io/item/ethereum/0xbe85fbd182af91290be7293438ae67549638189f/3310","OK",""
"3311","3311","Light Cult Crypto Club #3311","RE-005121","3301-3400","D:\github\ron-english-nfts\light-cult-crypto-club\images\LCCC-3311.png","32196","images/3301-3400/LCCC-3311.png","LCCC-3311.png","D:\github\ron-english-light-cult-3001-4000\images\3301-3400\LCCC-3311.png","items/lccc-3311.html","https://ronenglish-archive.github.io/ron-english-light-cult-3001-4000/items/lccc-3311.html","https://opensea.io/item/ethereum/0xbe85fbd182af91290be7293438ae67549638189f/3311","OK",""
"3312","3312","Light Cult Crypto Club #3312","RE-005122","3301-3400","D:\github\ron-english-nfts\light-cult-crypto-club\images\LCCC-3312.png","17219","images/3301-3400/LCCC-3312.png","LCCC-3312.png","D:\github\ron-english-light-cult-3001-4000\images\3301-3400\LCCC-3312.png","items/lccc-3312.html","https://ronenglish-archive.github.io/ron-english-light-cult-3001-4000/items/lccc-3312.html","https://opensea.io/item/ethereum/0xbe85fbd182af91290be7293438ae67549638189f/3312","OK",""
"3313","3313","Light Cult Crypto Club #3313","RE-005123","3301-3400","D:\github\ron-english-nfts\light-cult-crypto-club\images\LCCC-3313.png","5705","images/3301-3400/LCCC-3313.png","LCCC-3313.png","D:\github\ron-english-light-cult-3001-4000\images\3301-3400\LCCC-3313.png","items/lccc-3313.html","https://ronenglish-archive.github.io/ron-english-light-cult-3001-4000/items/lccc-3313.html","https://opensea.io/item/ethereum/0xbe85fbd182af91290be7293438ae67549638189f/3313","OK",""
"3314","3314","Light Cult Crypto Club #3314","RE-005124","3301-3400","D:\github\ron-english-nfts\light-cult-crypto-club\images\LCCC-3314.png","13426","images/3301-3400/LCCC-3314.png","LCCC-3314.png","D:\github\ron-english-light-cult-3001-4000\images\3301-3400\LCCC-3314.png","items/lccc-3314.html","https://ronenglish-archive.github.io/ron-english-light-cult-3001-4000/items/lccc-3314.html","https://opensea.io/item/ethereum/0xbe85fbd182af91290be7293438ae67549638189f/3314","OK",""
"3315","3315","Light Cult Crypto Club #3315","RE-005125","3301-3400","D:\github\ron-english-nfts\light-cult-crypto-club\images\LCCC-3315.png","28350","images/3301-3400/LCCC-3315.png","LCCC-3315.png","D:\github\ron-english-light-cult-3001-4000\images\3301-3400\LCCC-3315.png","items/lccc-3315.html","https://ronenglish-archive.github.io/ron-english-light-cult-3001-4000/items/lccc-3315.html","https://opensea.io/item/ethereum/0xbe85fbd182af91290be7293438ae67549638189f/3315","OK",""
"3316","3316","Light Cult Crypto Club #3316","RE-005126","3301-3400","D:\github\ron-english-nfts\light-cult-crypto-club\images\LCCC-3316.png","30655","images/3301-3400/LCCC-3316.png","LCCC-3316.png","D:\github\ron-english-light-cult-3001-4000\images\3301-3400\LCCC-3316.png","items/lccc-3316.html","https://ronenglish-archive.github.io/ron-english-light-cult-3001-4000/items/lccc-3316.html","https://opensea.io/item/ethereum/0xbe85fbd182af91290be7293438ae67549638189f/3316","OK",""
"3317","3317","Light Cult Crypto Club #3317","RE-005127","3301-3400","D:\github\ron-english-nfts\light-cult-crypto-club\images\LCCC-3317.png","32092","images/3301-3400/LCCC-3317.png","LCCC-3317.png","D:\github\ron-english-light-cult-3001-4000\images\3301-3400\LCCC-3317.png","items/lccc-3317.html","https://ronenglish-archive.github.io/ron-english-light-cult-3001-4000/items/lccc-3317.html","https://opensea.io/item/ethereum/0xbe85fbd182af91290be7293438ae67549638189f/3317","OK",""
"3318","3318","Light Cult Crypto Club #3318","RE-005128","3301-3400","D:\github\ron-english-nfts\light-cult-crypto-club\images\LCCC-3318.png","12116","images/3301-3400/LCCC-3318.png","LCCC-3318.png","D:\github\ron-english-light-cult-3001-4000\images\3301-3400\LCCC-3318.png","items/lccc-3318.html","https://ronenglish-archive.github.io/ron-english-light-cult-3001-4000/items/lccc-3318.html","https://opensea.io/item/ethereum/0xbe85fbd182af91290be7293438ae67549638189f/3318","OK",""
"3319","3319","Light Cult Crypto Club #3319","RE-005129","3301-3400","D:\github\ron-english-nfts\light-cult-crypto-club\images\LCCC-3319.png","30316","images/3301-3400/LCCC-3319.png","LCCC-3319.png","D:\github\ron-english-light-cult-3001-4000\images\3301-3400\LCCC-3319.png","items/lccc-3319.html","https://ronenglish-archive.github.io/ron-english-light-cult-3001-4000/items/lccc-3319.html","https://opensea.io/item/ethereum/0xbe85fbd182af91290be7293438ae67549638189f/3319","OK",""
"3320","3320","Light Cult Crypto Club #3320","RE-005130","3301-3400","D:\github\ron-english-nfts\light-cult-crypto-club\images\LCCC-3320.png","9661","images/3301-3400/LCCC-3320.png","LCCC-3320.png","D:\github\ron-english-light-cult-3001-4000\images\3301-3400\LCCC-3320.png","items/lccc-3320.html","https://ronenglish-archive.github.io/ron-english-light-cult-3001-4000/items/lccc-3320.html","https://opensea.io/item/ethereum/0xbe85fbd182af91290be7293438ae67549638189f/3320","OK",""
"3321","3321","Light Cult Crypto Club #3321","RE-005131","3301-3400","D:\github\ron-english-nfts\light-cult-crypto-club\images\LCCC-3321.png","35203","images/3301-3400/LCCC-3321.png","LCCC-3321.png","D:\github\ron-english-light-cult-3001-4000\images\3301-3400\LCCC-3321.png","items/lccc-3321.html","https://ronenglish-archive.github.io/ron-english-light-cult-3001-4000/items/lccc-3321.html","https://opensea.io/item/ethereum/0xbe85fbd182af91290be7293438ae67549638189f/3321","OK",""
"3322","3322","Light Cult Crypto Club #3322","RE-005132","3301-3400","","","","","","items/lccc-3322.html","https://ronenglish-archive.github.io/ron-english-light-cult-3001-4000/items/lccc-3322.html","https://opensea.io/item/ethereum/0xbe85fbd182af91290be7293438ae67549638189f/3322","MISSING SOURCE IMAGE","No source image found for token #3322"
"3323","3323","Light Cult Crypto Club #3323","RE-005133","3301-3400","D:\github\ron-english-nfts\light-cult-crypto-club\images\LCCC-3323.png","22344","images/3301-3400/LCCC-3323.png","LCCC-3323.png","D:\github\ron-english-light-cult-3001-4000\images\3301-3400\LCCC-3323.png","items/lccc-3323.html","https://ronenglish-archive.github.io/ron-english-light-cult-3001-4000/items/lccc-3323.html","https://opensea.io/item/ethereum/0xbe85fbd182af91290be7293438ae67549638189f/3323","OK",""
"3324","3324","Light Cult Crypto Club #3324","RE-005134","3301-3400","D:\github\ron-english-nfts\light-cult-crypto-club\images\LCCC-3324.png","20468","images/3301-3400/LCCC-3324.png","LCCC-3324.png","D:\github\ron-english-light-cult-3001-4000\images\3301-3400\LCCC-3324.png","items/lccc-3324.html","https://ronenglish-archive.github.io/ron-english-light-cult-3001-4000/items/lccc-3324.html","https://opensea.io/item/ethereum/0xbe85fbd182af91290be7293438ae67549638189f/3324","OK",""
"3325","3325","Light Cult Crypto Club #3325","RE-005135","3301-3400","D:\github\ron-english-nfts\light-cult-crypto-club\images\LCCC-3325.png","11900","images/3301-3400/LCCC-3325.png","LCCC-3325.png","D:\github\ron-english-light-cult-3001-4000\images\3301-3400\LCCC-3325.png","items/lccc-3325.html","https://ronenglish-archive.github.io/ron-english-light-cult-3001-4000/items/lccc-3325.html","https://opensea.io/item/ethereum/0xbe85fbd182af91290be7293438ae67549638189f/3325","OK",""
"3326","3326","Light Cult Crypto Club #3326","RE-005136","3301-3400","D:\github\ron-english-nfts\light-cult-crypto-club\images\LCCC-3326.png","29208","images/3301-3400/LCCC-3326.png","LCCC-3326.png","D:\github\ron-english-light-cult-3001-4000\images\3301-3400\LCCC-3326.png","items/lccc-3326.html","https://ronenglish-archive.github.io/ron-english-light-cult-3001-4000/items/lccc-3326.html","https://opensea.io/item/ethereum/0xbe85fbd182af91290be7293438ae67549638189f/3326","OK",""
"3327","3327","Light Cult Crypto Club #3327","RE-005137","3301-3400","D:\github\ron-english-nfts\light-cult-crypto-club\images\LCCC-3327.png","9087","images/3301-3400/LCCC-3327.png","LCCC-3327.png","D:\github\ron-english-light-cult-3001-4000\images\3301-3400\LCCC-3327.png","items/lccc-3327.html","https://ronenglish-archive.github.io/ron-english-light-cult-3001-4000/items/lccc-3327.html","https://opensea.io/item/ethereum/0xbe85fbd182af91290be7293438ae67549638189f/3327","OK",""
"3328","3328","Light Cult Crypto Club #3328","RE-005138","3301-3400","D:\github\ron-english-nfts\light-cult-crypto-club\images\LCCC-3328.png","33895","images/3301-3400/LCCC-3328.png","LCCC-3328.png","D:\github\ron-english-light-cult-3001-4000\images\3301-3400\LCCC-3328.png","items/lccc-3328.html","https://ronenglish-archive.github.io/ron-english-light-cult-3001-4000/items/lccc-3328.html","https://opensea.io/item/ethereum/0xbe85fbd182af91290be7293438ae67549638189f/3328","OK",""
"3329","3329","Light Cult Crypto Club #3329","RE-005139","3301-3400","D:\github\ron-english-nfts\light-cult-crypto-club\images\LCCC-3329.png","55060","images/3301-3400/LCCC-3329.png","LCCC-3329.png","D:\github\ron-english-light-cult-3001-4000\images\3301-3400\LCCC-3329.png","items/lccc-3329.html","https://ronenglish-archive.github.io/ron-english-light-cult-3001-4000/items/lccc-3329.html","https://opensea.io/item/ethereum/0xbe85fbd182af91290be7293438ae67549638189f/3329","OK",""
"3330","3330","Light Cult Crypto Club #3330","RE-005140","3301-3400","D:\github\ron-english-nfts\light-cult-crypto-club\images\LCCC-3330.png","34684","images/3301-3400/LCCC-3330.png","LCCC-3330.png","D:\github\ron-english-light-cult-3001-4000\images\3301-3400\LCCC-3330.png","items/lccc-3330.html","https://ronenglish-archive.github.io/ron-english-light-cult-3001-4000/items/lccc-3330.html","https://opensea.io/item/ethereum/0xbe85fbd182af91290be7293438ae67549638189f/3330","OK",""
"3331","3331","Light Cult Crypto Club #3331","RE-005141","3301-3400","D:\github\ron-english-nfts\light-cult-crypto-club\images\LCCC-3331.png","7877","images/3301-3400/LCCC-3331.png","LCCC-3331.png","D:\github\ron-english-light-cult-3001-4000\images\3301-3400\LCCC-3331.png","items/lccc-3331.html","https://ronenglish-archive.github.io/ron-english-light-cult-3001-4000/items/lccc-3331.html","https://opensea.io/item/ethereum/0xbe85fbd182af91290be7293438ae67549638189f/3331","OK",""
"3332","3332","Light Cult Crypto Club #3332","RE-005142","3301-3400","D:\github\ron-english-nfts\light-cult-crypto-club\images\LCCC-3332.png","24960","images/3301-3400/LCCC-3332.png","LCCC-3332.png","D:\github\ron-english-light-cult-3001-4000\images\3301-3400\LCCC-3332.png","items/lccc-3332.html","https://ronenglish-archive.github.io/ron-english-light-cult-3001-4000/items/lccc-3332.html","https://opensea.io/item/ethereum/0xbe85fbd182af91290be7293438ae67549638189f/3332","OK",""
"3333","3333","Light Cult Crypto Club #3333","RE-005143","3301-3400","D:\github\ron-english-nfts\light-cult-crypto-club\images\LCCC-3333.png","19605","images/3301-3400/LCCC-3333.png","LCCC-3333.png","D:\github\ron-english-light-cult-3001-4000\images\3301-3400\LCCC-3333.png","items/lccc-3333.html","https://ronenglish-archive.github.io/ron-english-light-cult-3001-4000/items/lccc-3333.html","https://opensea.io/item/ethereum/0xbe85fbd182af91290be7293438ae67549638189f/3333","OK",""
"3334","3334","Light Cult Crypto Club #3334","RE-005144","3301-3400","D:\github\ron-english-nfts\light-cult-crypto-club\images\LCCC-3334.png","3428","images/3301-3400/LCCC-3334.png","LCCC-3334.png","D:\github\ron-english-light-cult-3001-4000\images\3301-3400\LCCC-3334.png","items/lccc-3334.html","https://ronenglish-archive.github.io/ron-english-light-cult-3001-4000/items/lccc-3334.html","https://opensea.io/item/ethereum/0xbe85fbd182af91290be7293438ae67549638189f/3334","OK",""
"3335","3335","Light Cult Crypto Club #3335","RE-005145","3301-3400","D:\github\ron-english-nfts\light-cult-crypto-club\images\LCCC-3335.png","5770","images/3301-3400/LCCC-3335.png","LCCC-3335.png","D:\github\ron-english-light-cult-3001-4000\images\3301-3400\LCCC-3335.png","items/lccc-3335.html","https://ronenglish-archive.github.io/ron-english-light-cult-3001-4000/items/lccc-3335.html","https://opensea.io/item/ethereum/0xbe85fbd182af91290be7293438ae67549638189f/3335","OK",""
"3336","3336","Light Cult Crypto Club #3336","RE-005146","3301-3400","D:\github\ron-english-nfts\light-cult-crypto-club\images\LCCC-3336.png","31778","images/3301-3400/LCCC-3336.png","LCCC-3336.png","D:\github\ron-english-light-cult-3001-4000\images\3301-3400\LCCC-3336.png","items/lccc-3336.html","https://ronenglish-archive.github.io/ron-english-light-cult-3001-4000/items/lccc-3336.html","https://opensea.io/item/ethereum/0xbe85fbd182af91290be7293438ae67549638189f/3336","OK",""
"3337","3337","Light Cult Crypto Club #3337","RE-005147","3301-3400","D:\github\ron-english-nfts\light-cult-crypto-club\images\LCCC-3337.png","12006","images/3301-3400/LCCC-3337.png","LCCC-3337.png","D:\github\ron-english-light-cult-3001-4000\images\3301-3400\LCCC-3337.png","items/lccc-3337.html","https://ronenglish-archive.github.io/ron-english-light-cult-3001-4000/items/lccc-3337.html","https://opensea.io/item/ethereum/0xbe85fbd182af91290be7293438ae67549638189f/3337","OK",""
"3338","3338","Light Cult Crypto Club #3338","RE-005148","3301-3400","D:\github\ron-english-nfts\light-cult-crypto-club\images\LCCC-3338.png","18200","images/3301-3400/LCCC-3338.png","LCCC-3338.png","D:\github\ron-english-light-cult-3001-4000\images\3301-3400\LCCC-3338.png","items/lccc-3338.html","https://ronenglish-archive.github.io/ron-english-light-cult-3001-4000/items/lccc-3338.html","https://opensea.io/item/ethereum/0xbe85fbd182af91290be7293438ae67549638189f/3338","OK",""
"3339","3339","Light Cult Crypto Club #3339","RE-005149","3301-3400","D:\github\ron-english-nfts\light-cult-crypto-club\images\LCCC-3339.png","8273","images/3301-3400/LCCC-3339.png","LCCC-3339.png","D:\github\ron-english-light-cult-3001-4000\images\3301-3400\LCCC-3339.png","items/lccc-3339.html","https://ronenglish-archive.github.io/ron-english-light-cult-3001-4000/items/lccc-3339.html","https://opensea.io/item/ethereum/0xbe85fbd182af91290be7293438ae67549638189f/3339","OK",""
"3340","3340","Light Cult Crypto Club #3340","RE-005150","3301-3400","D:\github\ron-english-nfts\light-cult-crypto-club\images\LCCC-3340.png","9134","images/3301-3400/LCCC-3340.png","LCCC-3340.png","D:\github\ron-english-light-cult-3001-4000\images\3301-3400\LCCC-3340.png","items/lccc-3340.html","https://ronenglish-archive.github.io/ron-english-light-cult-3001-4000/items/lccc-3340.html","https://opensea.io/item/ethereum/0xbe85fbd182af91290be7293438ae67549638189f/3340","OK",""
"3341","3341","Light Cult Crypto Club #3341","RE-005151","3301-3400","D:\github\ron-english-nfts\light-cult-crypto-club\images\LCCC-3341.png","10294","images/3301-3400/LCCC-3341.png","LCCC-3341.png","D:\github\ron-english-light-cult-3001-4000\images\3301-3400\LCCC-3341.png","items/lccc-3341.html","https://ronenglish-archive.github.io/ron-english-light-cult-3001-4000/items/lccc-3341.html","https://opensea.io/item/ethereum/0xbe85fbd182af91290be7293438ae67549638189f/3341","OK",""
"3342","3342","Light Cult Crypto Club #3342","RE-005152","3301-3400","D:\github\ron-english-nfts\light-cult-crypto-club\images\LCCC-3342.png","13170","images/3301-3400/LCCC-3342.png","LCCC-3342.png","D:\github\ron-english-light-cult-3001-4000\images\3301-3400\LCCC-3342.png","items/lccc-3342.html","https://ronenglish-archive.github.io/ron-english-light-cult-3001-4000/items/lccc-3342.html","https://opensea.io/item/ethereum/0xbe85fbd182af91290be7293438ae67549638189f/3342","OK",""
"3343","3343","Light Cult Crypto Club #3343","RE-005153","3301-3400","","","","","","items/lccc-3343.html","https://ronenglish-archive.github.io/ron-english-light-cult-3001-4000/items/lccc-3343.html","https://opensea.io/item/ethereum/0xbe85fbd182af91290be7293438ae67549638189f/3343","MISSING SOURCE IMAGE","No source image found for token #3343"
"3344","3344","Light Cult Crypto Club #3344","RE-005154","3301-3400","D:\github\ron-english-nfts\light-cult-crypto-club\images\LCCC-3344.png","13957","images/3301-3400/LCCC-3344.png","LCCC-3344.png","D:\github\ron-english-light-cult-3001-4000\images\3301-3400\LCCC-3344.png","items/lccc-3344.html","https://ronenglish-archive.github.io/ron-english-light-cult-3001-4000/items/lccc-3344.html","https://opensea.io/item/ethereum/0xbe85fbd182af91290be7293438ae67549638189f/3344","OK",""
"3345","3345","Light Cult Crypto Club #3345","RE-005155","3301-3400","","","","","","items/lccc-3345.html","https://ronenglish-archive.github.io/ron-english-light-cult-3001-4000/items/lccc-3345.html","https://opensea.io/item/ethereum/0xbe85fbd182af91290be7293438ae67549638189f/3345","MISSING SOURCE IMAGE","No source image found for token #3345"
"3346","3346","Light Cult Crypto Club #3346","RE-005156","3301-3400","D:\github\ron-english-nfts\light-cult-crypto-club\images\LCCC-3346.png","12698","images/3301-3400/LCCC-3346.png","LCCC-3346.png","D:\github\ron-english-light-cult-3001-4000\images\3301-3400\LCCC-3346.png","items/lccc-3346.html","https://ronenglish-archive.github.io/ron-english-light-cult-3001-4000/items/lccc-3346.html","https://opensea.io/item/ethereum/0xbe85fbd182af91290be7293438ae67549638189f/3346","OK",""
"3347","3347","Light Cult Crypto Club #3347","RE-005157","3301-3400","","","","","","items/lccc-3347.html","https://ronenglish-archive.github.io/ron-english-light-cult-3001-4000/items/lccc-3347.html","https://opensea.io/item/ethereum/0xbe85fbd182af91290be7293438ae67549638189f/3347","MISSING SOURCE IMAGE","No source image found for token #3347"
"3348","3348","Light Cult Crypto Club #3348","RE-005158","3301-3400","D:\github\ron-english-nfts\light-cult-crypto-club\images\LCCC-3348.png","18326","images/3301-3400/LCCC-3348.png","LCCC-3348.png","D:\github\ron-english-light-cult-3001-4000\images\3301-3400\LCCC-3348.png","items/lccc-3348.html","https://ronenglish-archive.github.io/ron-english-light-cult-3001-4000/items/lccc-3348.html","https://opensea.io/item/ethereum/0xbe85fbd182af91290be7293438ae67549638189f/3348","OK",""
"3349","3349","Light Cult Crypto Club #3349","RE-005159","3301-3400","D:\github\ron-english-nfts\light-cult-crypto-club\images\LCCC-3349.png","29292","images/3301-3400/LCCC-3349.png","LCCC-3349.png","D:\github\ron-english-light-cult-3001-4000\images\3301-3400\LCCC-3349.png","items/lccc-3349.html","https://ronenglish-archive.github.io/ron-english-light-cult-3001-4000/items/lccc-3349.html","https://opensea.io/item/ethereum/0xbe85fbd182af91290be7293438ae67549638189f/3349","OK",""
"3350","3350","Light Cult Crypto Club #3350","RE-005160","3301-3400","D:\github\ron-english-nfts\light-cult-crypto-club\images\LCCC-3350.png","14911","images/3301-3400/LCCC-3350.png","LCCC-3350.png","D:\github\ron-english-light-cult-3001-4000\images\3301-3400\LCCC-3350.png","items/lccc-3350.html","https://ronenglish-archive.github.io/ron-english-light-cult-3001-4000/items/lccc-3350.html","https://opensea.io/item/ethereum/0xbe85fbd182af91290be7293438ae67549638189f/3350","OK",""
"3351","3351","Light Cult Crypto Club #3351","RE-005161","3301-3400","D:\github\ron-english-nfts\light-cult-crypto-club\images\LCCC-3351.png","31494","images/3301-3400/LCCC-3351.png","LCCC-3351.png","D:\github\ron-english-light-cult-3001-4000\images\3301-3400\LCCC-3351.png","items/lccc-3351.html","https://ronenglish-archive.github.io/ron-english-light-cult-3001-4000/items/lccc-3351.html","https://opensea.io/item/ethereum/0xbe85fbd182af91290be7293438ae67549638189f/3351","OK",""
"3352","3352","Light Cult Crypto Club #3352","RE-005162","3301-3400","D:\github\ron-english-nfts\light-cult-crypto-club\images\LCCC-3352.png","32770","images/3301-3400/LCCC-3352.png","LCCC-3352.png","D:\github\ron-english-light-cult-3001-4000\images\3301-3400\LCCC-3352.png","items/lccc-3352.html","https://ronenglish-archive.github.io/ron-english-light-cult-3001-4000/items/lccc-3352.html","https://opensea.io/item/ethereum/0xbe85fbd182af91290be7293438ae67549638189f/3352","OK",""
"3353","3353","Light Cult Crypto Club #3353","RE-005163","3301-3400","D:\github\ron-english-nfts\light-cult-crypto-club\images\LCCC-3353.png","25975","images/3301-3400/LCCC-3353.png","LCCC-3353.png","D:\github\ron-english-light-cult-3001-4000\images\3301-3400\LCCC-3353.png","items/lccc-3353.html","https://ronenglish-archive.github.io/ron-english-light-cult-3001-4000/items/lccc-3353.html","https://opensea.io/item/ethereum/0xbe85fbd182af91290be7293438ae67549638189f/3353","OK",""
"3354","3354","Light Cult Crypto Club #3354","RE-005164","3301-3400","D:\github\ron-english-nfts\light-cult-crypto-club\images\LCCC-3354.png","15140","images/3301-3400/LCCC-3354.png","LCCC-3354.png","D:\github\ron-english-light-cult-3001-4000\images\3301-3400\LCCC-3354.png","items/lccc-3354.html","https://ronenglish-archive.github.io/ron-english-light-cult-3001-4000/items/lccc-3354.html","https://opensea.io/item/ethereum/0xbe85fbd182af91290be7293438ae67549638189f/3354","OK",""
"3355","3355","Light Cult Crypto Club #3355","RE-005165","3301-3400","D:\github\ron-english-nfts\light-cult-crypto-club\images\LCCC-3355.png","11400","images/3301-3400/LCCC-3355.png","LCCC-3355.png","D:\github\ron-english-light-cult-3001-4000\images\3301-3400\LCCC-3355.png","items/lccc-3355.html","https://ronenglish-archive.github.io/ron-english-light-cult-3001-4000/items/lccc-3355.html","https://opensea.io/item/ethereum/0xbe85fbd182af91290be7293438ae67549638189f/3355","OK",""
"3356","3356","Light Cult Crypto Club #3356","RE-005166","3301-3400","D:\github\ron-english-nfts\light-cult-crypto-club\images\LCCC-3356.png","4095","images/3301-3400/LCCC-3356.png","LCCC-3356.png","D:\github\ron-english-light-cult-3001-4000\images\3301-3400\LCCC-3356.png","items/lccc-3356.html","https://ronenglish-archive.github.io/ron-english-light-cult-3001-4000/items/lccc-3356.html","https://opensea.io/item/ethereum/0xbe85fbd182af91290be7293438ae67549638189f/3356","OK",""
"3357","3357","Light Cult Crypto Club #3357","RE-005167","3301-3400","D:\github\ron-english-nfts\light-cult-crypto-club\images\LCCC-3357.png","35147","images/3301-3400/LCCC-3357.png","LCCC-3357.png","D:\github\ron-english-light-cult-3001-4000\images\3301-3400\LCCC-3357.png","items/lccc-3357.html","https://ronenglish-archive.github.io/ron-english-light-cult-3001-4000/items/lccc-3357.html","https://opensea.io/item/ethereum/0xbe85fbd182af91290be7293438ae67549638189f/3357","OK",""
"3358","3358","Light Cult Crypto Club #3358","RE-005168","3301-3400","D:\github\ron-english-nfts\light-cult-crypto-club\images\LCCC-3358.png","44848","images/3301-3400/LCCC-3358.png","LCCC-3358.png","D:\github\ron-english-light-cult-3001-4000\images\3301-3400\LCCC-3358.png","items/lccc-3358.html","https://ronenglish-archive.github.io/ron-english-light-cult-3001-4000/items/lccc-3358.html","https://opensea.io/item/ethereum/0xbe85fbd182af91290be7293438ae67549638189f/3358","OK",""
"3359","3359","Light Cult Crypto Club #3359","RE-005169","3301-3400","","","","","","items/lccc-3359.html","https://ronenglish-archive.github.io/ron-english-light-cult-3001-4000/items/lccc-3359.html","https://opensea.io/item/ethereum/0xbe85fbd182af91290be7293438ae67549638189f/3359","MISSING SOURCE IMAGE","No source image found for token #3359"
"3360","3360","Light Cult Crypto Club #3360","RE-005170","3301-3400","D:\github\ron-english-nfts\light-cult-crypto-club\images\LCCC-3360.png","30064","images/3301-3400/LCCC-3360.png","LCCC-3360.png","D:\github\ron-english-light-cult-3001-4000\images\3301-3400\LCCC-3360.png","items/lccc-3360.html","https://ronenglish-archive.github.io/ron-english-light-cult-3001-4000/items/lccc-3360.html","https://opensea.io/item/ethereum/0xbe85fbd182af91290be7293438ae67549638189f/3360","OK",""
"3361","3361","Light Cult Crypto Club #3361","RE-005171","3301-3400","D:\github\ron-english-nfts\light-cult-crypto-club\images\LCCC-3361.png","1889","images/3301-3400/LCCC-3361.png","LCCC-3361.png","D:\github\ron-english-light-cult-3001-4000\images\3301-3400\LCCC-3361.png","items/lccc-3361.html","https://ronenglish-archive.github.io/ron-english-light-cult-3001-4000/items/lccc-3361.html","https://opensea.io/item/ethereum/0xbe85fbd182af91290be7293438ae67549638189f/3361","OK",""
"3362","3362","Light Cult Crypto Club #3362","RE-005172","3301-3400","D:\github\ron-english-nfts\light-cult-crypto-club\images\LCCC-3362.png","6045","images/3301-3400/LCCC-3362.png","LCCC-3362.png","D:\github\ron-english-light-cult-3001-4000\images\3301-3400\LCCC-3362.png","items/lccc-3362.html","https://ronenglish-archive.github.io/ron-english-light-cult-3001-4000/items/lccc-3362.html","https://opensea.io/item/ethereum/0xbe85fbd182af91290be7293438ae67549638189f/3362","OK",""
"3363","3363","Light Cult Crypto Club #3363","RE-005173","3301-3400","D:\github\ron-english-nfts\light-cult-crypto-club\images\LCCC-3363.png","6865","images/3301-3400/LCCC-3363.png","LCCC-3363.png","D:\github\ron-english-light-cult-3001-4000\images\3301-3400\LCCC-3363.png","items/lccc-3363.html","https://ronenglish-archive.github.io/ron-english-light-cult-3001-4000/items/lccc-3363.html","https://opensea.io/item/ethereum/0xbe85fbd182af91290be7293438ae67549638189f/3363","OK",""
"3364","3364","Light Cult Crypto Club #3364","RE-005174","3301-3400","D:\github\ron-english-nfts\light-cult-crypto-club\images\LCCC-3364.png","15605","images/3301-3400/LCCC-3364.png","LCCC-3364.png","D:\github\ron-english-light-cult-3001-4000\images\3301-3400\LCCC-3364.png","items/lccc-3364.html","https://ronenglish-archive.github.io/ron-english-light-cult-3001-4000/items/lccc-3364.html","https://opensea.io/item/ethereum/0xbe85fbd182af91290be7293438ae67549638189f/3364","OK",""
"3365","3365","Light Cult Crypto Club #3365","RE-005175","3301-3400","","","","","","items/lccc-3365.html","https://ronenglish-archive.github.io/ron-english-light-cult-3001-4000/items/lccc-3365.html","https://opensea.io/item/ethereum/0xbe85fbd182af91290be7293438ae67549638189f/3365","MISSING SOURCE IMAGE","No source image found for token #3365"
"3366","3366","Light Cult Crypto Club #3366","RE-005176","3301-3400","D:\github\ron-english-nfts\light-cult-crypto-club\images\LCCC-3366.png","23529","images/3301-3400/LCCC-3366.png","LCCC-3366.png","D:\github\ron-english-light-cult-3001-4000\images\3301-3400\LCCC-3366.png","items/lccc-3366.html","https://ronenglish-archive.github.io/ron-english-light-cult-3001-4000/items/lccc-3366.html","https://opensea.io/item/ethereum/0xbe85fbd182af91290be7293438ae67549638189f/3366","OK",""
"3367","3367","Light Cult Crypto Club #3367","RE-005177","3301-3400","D:\github\ron-english-nfts\light-cult-crypto-club\images\LCCC-3367.png","35354","images/3301-3400/LCCC-3367.png","LCCC-3367.png","D:\github\ron-english-light-cult-3001-4000\images\3301-3400\LCCC-3367.png","items/lccc-3367.html","https://ronenglish-archive.github.io/ron-english-light-cult-3001-4000/items/lccc-3367.html","https://opensea.io/item/ethereum/0xbe85fbd182af91290be7293438ae67549638189f/3367","OK",""
"3368","3368","Light Cult Crypto Club #3368","RE-005178","3301-3400","D:\github\ron-english-nfts\light-cult-crypto-club\images\LCCC-3368.png","3643","images/3301-3400/LCCC-3368.png","LCCC-3368.png","D:\github\ron-english-light-cult-3001-4000\images\3301-3400\LCCC-3368.png","items/lccc-3368.html","https://ronenglish-archive.github.io/ron-english-light-cult-3001-4000/items/lccc-3368.html","https://opensea.io/item/ethereum/0xbe85fbd182af91290be7293438ae67549638189f/3368","OK",""
"3369","3369","Light Cult Crypto Club #3369","RE-005179","3301-3400","","","","","","items/lccc-3369.html","https://ronenglish-archive.github.io/ron-english-light-cult-3001-4000/items/lccc-3369.html","https://opensea.io/item/ethereum/0xbe85fbd182af91290be7293438ae67549638189f/3369","MISSING SOURCE IMAGE","No source image found for token #3369"
"3370","3370","Light Cult Crypto Club #3370","RE-005180","3301-3400","D:\github\ron-english-nfts\light-cult-crypto-club\images\LCCC-3370.png","24194","images/3301-3400/LCCC-3370.png","LCCC-3370.png","D:\github\ron-english-light-cult-3001-4000\images\3301-3400\LCCC-3370.png","items/lccc-3370.html","https://ronenglish-archive.github.io/ron-english-light-cult-3001-4000/items/lccc-3370.html","https://opensea.io/item/ethereum/0xbe85fbd182af91290be7293438ae67549638189f/3370","OK",""
"3371","3371","Light Cult Crypto Club #3371","RE-005181","3301-3400","D:\github\ron-english-nfts\light-cult-crypto-club\images\LCCC-3371.png","28677","images/3301-3400/LCCC-3371.png","LCCC-3371.png","D:\github\ron-english-light-cult-3001-4000\images\3301-3400\LCCC-3371.png","items/lccc-3371.html","https://ronenglish-archive.github.io/ron-english-light-cult-3001-4000/items/lccc-3371.html","https://opensea.io/item/ethereum/0xbe85fbd182af91290be7293438ae67549638189f/3371","OK",""
"3372","3372","Light Cult Crypto Club #3372","RE-005182","3301-3400","","","","","","items/lccc-3372.html","https://ronenglish-archive.github.io/ron-english-light-cult-3001-4000/items/lccc-3372.html","https://opensea.io/item/ethereum/0xbe85fbd182af91290be7293438ae67549638189f/3372","MISSING SOURCE IMAGE","No source image found for token #3372"
"3373","3373","Light Cult Crypto Club #3373","RE-005183","3301-3400","D:\github\ron-english-nfts\light-cult-crypto-club\images\LCCC-3373.png","30305","images/3301-3400/LCCC-3373.png","LCCC-3373.png","D:\github\ron-english-light-cult-3001-4000\images\3301-3400\LCCC-3373.png","items/lccc-3373.html","https://ronenglish-archive.github.io/ron-english-light-cult-3001-4000/items/lccc-3373.html","https://opensea.io/item/ethereum/0xbe85fbd182af91290be7293438ae67549638189f/3373","OK",""
"3374","3374","Light Cult Crypto Club #3374","RE-005184","3301-3400","","","","","","items/lccc-3374.html","https://ronenglish-archive.github.io/ron-english-light-cult-3001-4000/items/lccc-3374.html","https://opensea.io/item/ethereum/0xbe85fbd182af91290be7293438ae67549638189f/3374","MISSING SOURCE IMAGE","No source image found for token #3374"
"3375","3375","Light Cult Crypto Club #3375","RE-005185","3301-3400","D:\github\ron-english-nfts\light-cult-crypto-club\images\LCCC-3375.png","25326","images/3301-3400/LCCC-3375.png","LCCC-3375.png","D:\github\ron-english-light-cult-3001-4000\images\3301-3400\LCCC-3375.png","items/lccc-3375.html","https://ronenglish-archive.github.io/ron-english-light-cult-3001-4000/items/lccc-3375.html","https://opensea.io/item/ethereum/0xbe85fbd182af91290be7293438ae67549638189f/3375","OK",""
"3376","3376","Light Cult Crypto Club #3376","RE-005186","3301-3400","D:\github\ron-english-nfts\light-cult-crypto-club\images\LCCC-3376.png","20741","images/3301-3400/LCCC-3376.png","LCCC-3376.png","D:\github\ron-english-light-cult-3001-4000\images\3301-3400\LCCC-3376.png","items/lccc-3376.html","https://ronenglish-archive.github.io/ron-english-light-cult-3001-4000/items/lccc-3376.html","https://opensea.io/item/ethereum/0xbe85fbd182af91290be7293438ae67549638189f/3376","OK",""
"3377","3377","Light Cult Crypto Club #3377","RE-005187","3301-3400","D:\github\ron-english-nfts\light-cult-crypto-club\images\LCCC-3377.png","7906","images/3301-3400/LCCC-3377.png","LCCC-3377.png","D:\github\ron-english-light-cult-3001-4000\images\3301-3400\LCCC-3377.png","items/lccc-3377.html","https://ronenglish-archive.github.io/ron-english-light-cult-3001-4000/items/lccc-3377.html","https://opensea.io/item/ethereum/0xbe85fbd182af91290be7293438ae67549638189f/3377","OK",""
"3378","3378","Light Cult Crypto Club #3378","RE-005188","3301-3400","","","","","","items/lccc-3378.html","https://ronenglish-archive.github.io/ron-english-light-cult-3001-4000/items/lccc-3378.html","https://opensea.io/item/ethereum/0xbe85fbd182af91290be7293438ae67549638189f/3378","MISSING SOURCE IMAGE","No source image found for token #3378"
"3379","3379","Light Cult Crypto Club #3379","RE-005189","3301-3400","D:\github\ron-english-nfts\light-cult-crypto-club\images\LCCC-3379.png","19393","images/3301-3400/LCCC-3379.png","LCCC-3379.png","D:\github\ron-english-light-cult-3001-4000\images\3301-3400\LCCC-3379.png","items/lccc-3379.html","https://ronenglish-archive.github.io/ron-english-light-cult-3001-4000/items/lccc-3379.html","https://opensea.io/item/ethereum/0xbe85fbd182af91290be7293438ae67549638189f/3379","OK",""
"3380","3380","Light Cult Crypto Club #3380","RE-005190","3301-3400","","","","","","items/lccc-3380.html","https://ronenglish-archive.github.io/ron-english-light-cult-3001-4000/items/lccc-3380.html","https://opensea.io/item/ethereum/0xbe85fbd182af91290be7293438ae67549638189f/3380","MISSING SOURCE IMAGE","No source image found for token #3380"
"3381","3381","Light Cult Crypto Club #3381","RE-005191","3301-3400","D:\github\ron-english-nfts\light-cult-crypto-club\images\LCCC-3381.png","14636","images/3301-3400/LCCC-3381.png","LCCC-3381.png","D:\github\ron-english-light-cult-3001-4000\images\3301-3400\LCCC-3381.png","items/lccc-3381.html","https://ronenglish-archive.github.io/ron-english-light-cult-3001-4000/items/lccc-3381.html","https://opensea.io/item/ethereum/0xbe85fbd182af91290be7293438ae67549638189f/3381","OK",""
"3382","3382","Light Cult Crypto Club #3382","RE-005192","3301-3400","D:\github\ron-english-nfts\light-cult-crypto-club\images\LCCC-3382.png","10811","images/3301-3400/LCCC-3382.png","LCCC-3382.png","D:\github\ron-english-light-cult-3001-4000\images\3301-3400\LCCC-3382.png","items/lccc-3382.html","https://ronenglish-archive.github.io/ron-english-light-cult-3001-4000/items/lccc-3382.html","https://opensea.io/item/ethereum/0xbe85fbd182af91290be7293438ae67549638189f/3382","OK",""
"3383","3383","Light Cult Crypto Club #3383","RE-005193","3301-3400","D:\github\ron-english-nfts\light-cult-crypto-club\images\LCCC-3383.png","19146","images/3301-3400/LCCC-3383.png","LCCC-3383.png","D:\github\ron-english-light-cult-3001-4000\images\3301-3400\LCCC-3383.png","items/lccc-3383.html","https://ronenglish-archive.github.io/ron-english-light-cult-3001-4000/items/lccc-3383.html","https://opensea.io/item/ethereum/0xbe85fbd182af91290be7293438ae67549638189f/3383","OK",""
"3384","3384","Light Cult Crypto Club #3384","RE-005194","3301-3400","","","","","","items/lccc-3384.html","https://ronenglish-archive.github.io/ron-english-light-cult-3001-4000/items/lccc-3384.html","https://opensea.io/item/ethereum/0xbe85fbd182af91290be7293438ae67549638189f/3384","MISSING SOURCE IMAGE","No source image found for token #3384"
"3385","3385","Light Cult Crypto Club #3385","RE-005195","3301-3400","D:\github\ron-english-nfts\light-cult-crypto-club\images\LCCC-3385.png","25699","images/3301-3400/LCCC-3385.png","LCCC-3385.png","D:\github\ron-english-light-cult-3001-4000\images\3301-3400\LCCC-3385.png","items/lccc-3385.html","https://ronenglish-archive.github.io/ron-english-light-cult-3001-4000/items/lccc-3385.html","https://opensea.io/item/ethereum/0xbe85fbd182af91290be7293438ae67549638189f/3385","OK",""
"3386","3386","Light Cult Crypto Club #3386","RE-005196","3301-3400","D:\github\ron-english-nfts\light-cult-crypto-club\images\LCCC-3386.png","8760","images/3301-3400/LCCC-3386.png","LCCC-3386.png","D:\github\ron-english-light-cult-3001-4000\images\3301-3400\LCCC-3386.png","items/lccc-3386.html","https://ronenglish-archive.github.io/ron-english-light-cult-3001-4000/items/lccc-3386.html","https://opensea.io/item/ethereum/0xbe85fbd182af91290be7293438ae67549638189f/3386","OK",""
"3387","3387","Light Cult Crypto Club #3387","RE-005197","3301-3400","D:\github\ron-english-nfts\light-cult-crypto-club\images\LCCC-3387.png","11875","images/3301-3400/LCCC-3387.png","LCCC-3387.png","D:\github\ron-english-light-cult-3001-4000\images\3301-3400\LCCC-3387.png","items/lccc-3387.html","https://ronenglish-archive.github.io/ron-english-light-cult-3001-4000/items/lccc-3387.html","https://opensea.io/item/ethereum/0xbe85fbd182af91290be7293438ae67549638189f/3387","OK",""
"3388","3388","Light Cult Crypto Club #3388","RE-005198","3301-3400","D:\github\ron-english-nfts\light-cult-crypto-club\images\LCCC-3388.png","8318","images/3301-3400/LCCC-3388.png","LCCC-3388.png","D:\github\ron-english-light-cult-3001-4000\images\3301-3400\LCCC-3388.png","items/lccc-3388.html","https://ronenglish-archive.github.io/ron-english-light-cult-3001-4000/items/lccc-3388.html","https://opensea.io/item/ethereum/0xbe85fbd182af91290be7293438ae67549638189f/3388","OK",""
"3389","3389","Light Cult Crypto Club #3389","RE-005199","3301-3400","D:\github\ron-english-nfts\light-cult-crypto-club\images\LCCC-3389.png","21052","images/3301-3400/LCCC-3389.png","LCCC-3389.png","D:\github\ron-english-light-cult-3001-4000\images\3301-3400\LCCC-3389.png","items/lccc-3389.html","https://ronenglish-archive.github.io/ron-english-light-cult-3001-4000/items/lccc-3389.html","https://opensea.io/item/ethereum/0xbe85fbd182af91290be7293438ae67549638189f/3389","OK",""
"3390","3390","Light Cult Crypto Club #3390","RE-005200","3301-3400","D:\github\ron-english-nfts\light-cult-crypto-club\images\LCCC-3390.png","32474","images/3301-3400/LCCC-3390.png","LCCC-3390.png","D:\github\ron-english-light-cult-3001-4000\images\3301-3400\LCCC-3390.png","items/lccc-3390.html","https://ronenglish-archive.github.io/ron-english-light-cult-3001-4000/items/lccc-3390.html","https://opensea.io/item/ethereum/0xbe85fbd182af91290be7293438ae67549638189f/3390","OK",""
"3391","3391","Light Cult Crypto Club #3391","RE-005201","3301-3400","D:\github\ron-english-nfts\light-cult-crypto-club\images\LCCC-3391.png","8160","images/3301-3400/LCCC-3391.png","LCCC-3391.png","D:\github\ron-english-light-cult-3001-4000\images\3301-3400\LCCC-3391.png","items/lccc-3391.html","https://ronenglish-archive.github.io/ron-english-light-cult-3001-4000/items/lccc-3391.html","https://opensea.io/item/ethereum/0xbe85fbd182af91290be7293438ae67549638189f/3391","OK",""
"3392","3392","Light Cult Crypto Club #3392","RE-005202","3301-3400","D:\github\ron-english-nfts\light-cult-crypto-club\images\LCCC-3392.png","23310","images/3301-3400/LCCC-3392.png","LCCC-3392.png","D:\github\ron-english-light-cult-3001-4000\images\3301-3400\LCCC-3392.png","items/lccc-3392.html","https://ronenglish-archive.github.io/ron-english-light-cult-3001-4000/items/lccc-3392.html","https://opensea.io/item/ethereum/0xbe85fbd182af91290be7293438ae67549638189f/3392","OK",""
"3393","3393","Light Cult Crypto Club #3393","RE-005203","3301-3400","D:\github\ron-english-nfts\light-cult-crypto-club\images\LCCC-3393.png","17624","images/3301-3400/LCCC-3393.png","LCCC-3393.png","D:\github\ron-english-light-cult-3001-4000\images\3301-3400\LCCC-3393.png","items/lccc-3393.html","https://ronenglish-archive.github.io/ron-english-light-cult-3001-4000/items/lccc-3393.html","https://opensea.io/item/ethereum/0xbe85fbd182af91290be7293438ae67549638189f/3393","OK",""
"3394","3394","Light Cult Crypto Club #3394","RE-005204","3301-3400","D:\github\ron-english-nfts\light-cult-crypto-club\images\LCCC-3394.png","28749","images/3301-3400/LCCC-3394.png","LCCC-3394.png","D:\github\ron-english-light-cult-3001-4000\images\3301-3400\LCCC-3394.png","items/lccc-3394.html","https://ronenglish-archive.github.io/ron-english-light-cult-3001-4000/items/lccc-3394.html","https://opensea.io/item/ethereum/0xbe85fbd182af91290be7293438ae67549638189f/3394","OK",""
"3395","3395","Light Cult Crypto Club #3395","RE-005205","3301-3400","D:\github\ron-english-nfts\light-cult-crypto-club\images\LCCC-3395.png","28544","images/3301-3400/LCCC-3395.png","LCCC-3395.png","D:\github\ron-english-light-cult-3001-4000\images\3301-3400\LCCC-3395.png","items/lccc-3395.html","https://ronenglish-archive.github.io/ron-english-light-cult-3001-4000/items/lccc-3395.html","https://opensea.io/item/ethereum/0xbe85fbd182af91290be7293438ae67549638189f/3395","OK",""
"3396","3396","Light Cult Crypto Club #3396","RE-005206","3301-3400","","","","","","items/lccc-3396.html","https://ronenglish-archive.github.io/ron-english-light-cult-3001-4000/items/lccc-3396.html","https://opensea.io/item/ethereum/0xbe85fbd182af91290be7293438ae67549638189f/3396","MISSING SOURCE IMAGE","No source image found for token #3396"
"3397","3397","Light Cult Crypto Club #3397","RE-005207","3301-3400","D:\github\ron-english-nfts\light-cult-crypto-club\images\LCCC-3397.png","23582","images/3301-3400/LCCC-3397.png","LCCC-3397.png","D:\github\ron-english-light-cult-3001-4000\images\3301-3400\LCCC-3397.png","items/lccc-3397.html","https://ronenglish-archive.github.io/ron-english-light-cult-3001-4000/items/lccc-3397.html","https://opensea.io/item/ethereum/0xbe85fbd182af91290be7293438ae67549638189f/3397","OK",""
"3398","3398","Light Cult Crypto Club #3398","RE-005208","3301-3400","D:\github\ron-english-nfts\light-cult-crypto-club\images\LCCC-3398.png","5430","images/3301-3400/LCCC-3398.png","LCCC-3398.png","D:\github\ron-english-light-cult-3001-4000\images\3301-3400\LCCC-3398.png","items/lccc-3398.html","https://ronenglish-archive.github.io/ron-english-light-cult-3001-4000/items/lccc-3398.html","https://opensea.io/item/ethereum/0xbe85fbd182af91290be7293438ae67549638189f/3398","OK",""
"3399","3399","Light Cult Crypto Club #3399","RE-005209","3301-3400","D:\github\ron-english-nfts\light-cult-crypto-club\images\LCCC-3399.png","30585","images/3301-3400/LCCC-3399.png","LCCC-3399.png","D:\github\ron-english-light-cult-3001-4000\images\3301-3400\LCCC-3399.png","items/lccc-3399.html","https://ronenglish-archive.github.io/ron-english-light-cult-3001-4000/items/lccc-3399.html","https://opensea.io/item/ethereum/0xbe85fbd182af91290be7293438ae67549638189f/3399","OK",""
"3400","3400","Light Cult Crypto Club #3400","RE-005210","3301-3400","D:\github\ron-english-nfts\light-cult-crypto-club\images\LCCC-3400.png","24926","images/3301-3400/LCCC-3400.png","LCCC-3400.png","D:\github\ron-english-light-cult-3001-4000\images\3301-3400\LCCC-3400.png","items/lccc-3400.html","https://ronenglish-archive.github.io/ron-english-light-cult-3001-4000/items/lccc-3400.html","https://opensea.io/item/ethereum/0xbe85fbd182af91290be7293438ae67549638189f/3400","OK",""
"3401","3401","Light Cult Crypto Club #3401","RE-005211","3401-3500","D:\github\ron-english-nfts\light-cult-crypto-club\images\LCCC-3401.png","11878","images/3401-3500/LCCC-3401.png","LCCC-3401.png","D:\github\ron-english-light-cult-3001-4000\images\3401-3500\LCCC-3401.png","items/lccc-3401.html","https://ronenglish-archive.github.io/ron-english-light-cult-3001-4000/items/lccc-3401.html","https://opensea.io/item/ethereum/0xbe85fbd182af91290be7293438ae67549638189f/3401","OK",""
"3402","3402","Light Cult Crypto Club #3402","RE-005212","3401-3500","D:\github\ron-english-nfts\light-cult-crypto-club\images\LCCC-3402.png","27859","images/3401-3500/LCCC-3402.png","LCCC-3402.png","D:\github\ron-english-light-cult-3001-4000\images\3401-3500\LCCC-3402.png","items/lccc-3402.html","https://ronenglish-archive.github.io/ron-english-light-cult-3001-4000/items/lccc-3402.html","https://opensea.io/item/ethereum/0xbe85fbd182af91290be7293438ae67549638189f/3402","OK",""
"3403","3403","Light Cult Crypto Club #3403","RE-005213","3401-3500","D:\github\ron-english-nfts\light-cult-crypto-club\images\LCCC-3403.png","31545","images/3401-3500/LCCC-3403.png","LCCC-3403.png","D:\github\ron-english-light-cult-3001-4000\images\3401-3500\LCCC-3403.png","items/lccc-3403.html","https://ronenglish-archive.github.io/ron-english-light-cult-3001-4000/items/lccc-3403.html","https://opensea.io/item/ethereum/0xbe85fbd182af91290be7293438ae67549638189f/3403","OK",""
"3404","3404","Light Cult Crypto Club #3404","RE-005214","3401-3500","D:\github\ron-english-nfts\light-cult-crypto-club\images\LCCC-3404.png","12952","images/3401-3500/LCCC-3404.png","LCCC-3404.png","D:\github\ron-english-light-cult-3001-4000\images\3401-3500\LCCC-3404.png","items/lccc-3404.html","https://ronenglish-archive.github.io/ron-english-light-cult-3001-4000/items/lccc-3404.html","https://opensea.io/item/ethereum/0xbe85fbd182af91290be7293438ae67549638189f/3404","OK",""
"3405","3405","Light Cult Crypto Club #3405","RE-005215","3401-3500","D:\github\ron-english-nfts\light-cult-crypto-club\images\LCCC-3405.png","35280","images/3401-3500/LCCC-3405.png","LCCC-3405.png","D:\github\ron-english-light-cult-3001-4000\images\3401-3500\LCCC-3405.png","items/lccc-3405.html","https://ronenglish-archive.github.io/ron-english-light-cult-3001-4000/items/lccc-3405.html","https://opensea.io/item/ethereum/0xbe85fbd182af91290be7293438ae67549638189f/3405","OK",""
"3406","3406","Light Cult Crypto Club #3406","RE-005216","3401-3500","D:\github\ron-english-nfts\light-cult-crypto-club\images\LCCC-3406.png","28600","images/3401-3500/LCCC-3406.png","LCCC-3406.png","D:\github\ron-english-light-cult-3001-4000\images\3401-3500\LCCC-3406.png","items/lccc-3406.html","https://ronenglish-archive.github.io/ron-english-light-cult-3001-4000/items/lccc-3406.html","https://opensea.io/item/ethereum/0xbe85fbd182af91290be7293438ae67549638189f/3406","OK",""
"3407","3407","Light Cult Crypto Club #3407","RE-005217","3401-3500","D:\github\ron-english-nfts\light-cult-crypto-club\images\LCCC-3407.png","18958","images/3401-3500/LCCC-3407.png","LCCC-3407.png","D:\github\ron-english-light-cult-3001-4000\images\3401-3500\LCCC-3407.png","items/lccc-3407.html","https://ronenglish-archive.github.io/ron-english-light-cult-3001-4000/items/lccc-3407.html","https://opensea.io/item/ethereum/0xbe85fbd182af91290be7293438ae67549638189f/3407","OK",""
"3408","3408","Light Cult Crypto Club #3408","RE-005218","3401-3500","D:\github\ron-english-nfts\light-cult-crypto-club\images\LCCC-3408.png","38494","images/3401-3500/LCCC-3408.png","LCCC-3408.png","D:\github\ron-english-light-cult-3001-4000\images\3401-3500\LCCC-3408.png","items/lccc-3408.html","https://ronenglish-archive.github.io/ron-english-light-cult-3001-4000/items/lccc-3408.html","https://opensea.io/item/ethereum/0xbe85fbd182af91290be7293438ae67549638189f/3408","OK",""
"3409","3409","Light Cult Crypto Club #3409","RE-005219","3401-3500","","","","","","items/lccc-3409.html","https://ronenglish-archive.github.io/ron-english-light-cult-3001-4000/items/lccc-3409.html","https://opensea.io/item/ethereum/0xbe85fbd182af91290be7293438ae67549638189f/3409","MISSING SOURCE IMAGE","No source image found for token #3409"
"3410","3410","Light Cult Crypto Club #3410","RE-005220","3401-3500","D:\github\ron-english-nfts\light-cult-crypto-club\images\LCCC-3410.png","30116","images/3401-3500/LCCC-3410.png","LCCC-3410.png","D:\github\ron-english-light-cult-3001-4000\images\3401-3500\LCCC-3410.png","items/lccc-3410.html","https://ronenglish-archive.github.io/ron-english-light-cult-3001-4000/items/lccc-3410.html","https://opensea.io/item/ethereum/0xbe85fbd182af91290be7293438ae67549638189f/3410","OK",""
"3411","3411","Light Cult Crypto Club #3411","RE-005221","3401-3500","D:\github\ron-english-nfts\light-cult-crypto-club\images\LCCC-3411.png","11157","images/3401-3500/LCCC-3411.png","LCCC-3411.png","D:\github\ron-english-light-cult-3001-4000\images\3401-3500\LCCC-3411.png","items/lccc-3411.html","https://ronenglish-archive.github.io/ron-english-light-cult-3001-4000/items/lccc-3411.html","https://opensea.io/item/ethereum/0xbe85fbd182af91290be7293438ae67549638189f/3411","OK",""
"3412","3412","Light Cult Crypto Club #3412","RE-005222","3401-3500","","","","","","items/lccc-3412.html","https://ronenglish-archive.github.io/ron-english-light-cult-3001-4000/items/lccc-3412.html","https://opensea.io/item/ethereum/0xbe85fbd182af91290be7293438ae67549638189f/3412","MISSING SOURCE IMAGE","No source image found for token #3412"
"3413","3413","Light Cult Crypto Club #3413","RE-005223","3401-3500","","","","","","items/lccc-3413.html","https://ronenglish-archive.github.io/ron-english-light-cult-3001-4000/items/lccc-3413.html","https://opensea.io/item/ethereum/0xbe85fbd182af91290be7293438ae67549638189f/3413","MISSING SOURCE IMAGE","No source image found for token #3413"
"3414","3414","Light Cult Crypto Club #3414","RE-005224","3401-3500","D:\github\ron-english-nfts\light-cult-crypto-club\images\LCCC-3414.png","39566","images/3401-3500/LCCC-3414.png","LCCC-3414.png","D:\github\ron-english-light-cult-3001-4000\images\3401-3500\LCCC-3414.png","items/lccc-3414.html","https://ronenglish-archive.github.io/ron-english-light-cult-3001-4000/items/lccc-3414.html","https://opensea.io/item/ethereum/0xbe85fbd182af91290be7293438ae67549638189f/3414","OK",""
"3415","3415","Light Cult Crypto Club #3415","RE-005225","3401-3500","D:\github\ron-english-nfts\light-cult-crypto-club\images\LCCC-3415.png","7554","images/3401-3500/LCCC-3415.png","LCCC-3415.png","D:\github\ron-english-light-cult-3001-4000\images\3401-3500\LCCC-3415.png","items/lccc-3415.html","https://ronenglish-archive.github.io/ron-english-light-cult-3001-4000/items/lccc-3415.html","https://opensea.io/item/ethereum/0xbe85fbd182af91290be7293438ae67549638189f/3415","OK",""
"3416","3416","Light Cult Crypto Club #3416","RE-005226","3401-3500","D:\github\ron-english-nfts\light-cult-crypto-club\images\LCCC-3416.png","27361","images/3401-3500/LCCC-3416.png","LCCC-3416.png","D:\github\ron-english-light-cult-3001-4000\images\3401-3500\LCCC-3416.png","items/lccc-3416.html","https://ronenglish-archive.github.io/ron-english-light-cult-3001-4000/items/lccc-3416.html","https://opensea.io/item/ethereum/0xbe85fbd182af91290be7293438ae67549638189f/3416","OK",""
"3417","3417","Light Cult Crypto Club #3417","RE-005227","3401-3500","D:\github\ron-english-nfts\light-cult-crypto-club\images\LCCC-3417.png","6963","images/3401-3500/LCCC-3417.png","LCCC-3417.png","D:\github\ron-english-light-cult-3001-4000\images\3401-3500\LCCC-3417.png","items/lccc-3417.html","https://ronenglish-archive.github.io/ron-english-light-cult-3001-4000/items/lccc-3417.html","https://opensea.io/item/ethereum/0xbe85fbd182af91290be7293438ae67549638189f/3417","OK",""
"3418","3418","Light Cult Crypto Club #3418","RE-005228","3401-3500","D:\github\ron-english-nfts\light-cult-crypto-club\images\LCCC-3418.png","12902","images/3401-3500/LCCC-3418.png","LCCC-3418.png","D:\github\ron-english-light-cult-3001-4000\images\3401-3500\LCCC-3418.png","items/lccc-3418.html","https://ronenglish-archive.github.io/ron-english-light-cult-3001-4000/items/lccc-3418.html","https://opensea.io/item/ethereum/0xbe85fbd182af91290be7293438ae67549638189f/3418","OK",""
"3419","3419","Light Cult Crypto Club #3419","RE-005229","3401-3500","D:\github\ron-english-nfts\light-cult-crypto-club\images\LCCC-3419.png","5927","images/3401-3500/LCCC-3419.png","LCCC-3419.png","D:\github\ron-english-light-cult-3001-4000\images\3401-3500\LCCC-3419.png","items/lccc-3419.html","https://ronenglish-archive.github.io/ron-english-light-cult-3001-4000/items/lccc-3419.html","https://opensea.io/item/ethereum/0xbe85fbd182af91290be7293438ae67549638189f/3419","OK",""
"3420","3420","Light Cult Crypto Club #3420","RE-005230","3401-3500","D:\github\ron-english-nfts\light-cult-crypto-club\images\LCCC-3420.png","29450","images/3401-3500/LCCC-3420.png","LCCC-3420.png","D:\github\ron-english-light-cult-3001-4000\images\3401-3500\LCCC-3420.png","items/lccc-3420.html","https://ronenglish-archive.github.io/ron-english-light-cult-3001-4000/items/lccc-3420.html","https://opensea.io/item/ethereum/0xbe85fbd182af91290be7293438ae67549638189f/3420","OK",""
"3421","3421","Light Cult Crypto Club #3421","RE-005231","3401-3500","D:\github\ron-english-nfts\light-cult-crypto-club\images\LCCC-3421.png","15023","images/3401-3500/LCCC-3421.png","LCCC-3421.png","D:\github\ron-english-light-cult-3001-4000\images\3401-3500\LCCC-3421.png","items/lccc-3421.html","https://ronenglish-archive.github.io/ron-english-light-cult-3001-4000/items/lccc-3421.html","https://opensea.io/item/ethereum/0xbe85fbd182af91290be7293438ae67549638189f/3421","OK",""
"3422","3422","Light Cult Crypto Club #3422","RE-005232","3401-3500","","","","","","items/lccc-3422.html","https://ronenglish-archive.github.io/ron-english-light-cult-3001-4000/items/lccc-3422.html","https://opensea.io/item/ethereum/0xbe85fbd182af91290be7293438ae67549638189f/3422","MISSING SOURCE IMAGE","No source image found for token #3422"
"3423","3423","Light Cult Crypto Club #3423","RE-005233","3401-3500","D:\github\ron-english-nfts\light-cult-crypto-club\images\LCCC-3423.png","9695","images/3401-3500/LCCC-3423.png","LCCC-3423.png","D:\github\ron-english-light-cult-3001-4000\images\3401-3500\LCCC-3423.png","items/lccc-3423.html","https://ronenglish-archive.github.io/ron-english-light-cult-3001-4000/items/lccc-3423.html","https://opensea.io/item/ethereum/0xbe85fbd182af91290be7293438ae67549638189f/3423","OK",""
"3424","3424","Light Cult Crypto Club #3424","RE-005234","3401-3500","D:\github\ron-english-nfts\light-cult-crypto-club\images\LCCC-3424.png","41321","images/3401-3500/LCCC-3424.png","LCCC-3424.png","D:\github\ron-english-light-cult-3001-4000\images\3401-3500\LCCC-3424.png","items/lccc-3424.html","https://ronenglish-archive.github.io/ron-english-light-cult-3001-4000/items/lccc-3424.html","https://opensea.io/item/ethereum/0xbe85fbd182af91290be7293438ae67549638189f/3424","OK",""
"3425","3425","Light Cult Crypto Club #3425","RE-005235","3401-3500","D:\github\ron-english-nfts\light-cult-crypto-club\images\LCCC-3425.png","19789","images/3401-3500/LCCC-3425.png","LCCC-3425.png","D:\github\ron-english-light-cult-3001-4000\images\3401-3500\LCCC-3425.png","items/lccc-3425.html","https://ronenglish-archive.github.io/ron-english-light-cult-3001-4000/items/lccc-3425.html","https://opensea.io/item/ethereum/0xbe85fbd182af91290be7293438ae67549638189f/3425","OK",""
"3426","3426","Light Cult Crypto Club #3426","RE-005236","3401-3500","D:\github\ron-english-nfts\light-cult-crypto-club\images\LCCC-3426.png","25454","images/3401-3500/LCCC-3426.png","LCCC-3426.png","D:\github\ron-english-light-cult-3001-4000\images\3401-3500\LCCC-3426.png","items/lccc-3426.html","https://ronenglish-archive.github.io/ron-english-light-cult-3001-4000/items/lccc-3426.html","https://opensea.io/item/ethereum/0xbe85fbd182af91290be7293438ae67549638189f/3426","OK",""
"3427","3427","Light Cult Crypto Club #3427","RE-005237","3401-3500","D:\github\ron-english-nfts\light-cult-crypto-club\images\LCCC-3427.png","33996","images/3401-3500/LCCC-3427.png","LCCC-3427.png","D:\github\ron-english-light-cult-3001-4000\images\3401-3500\LCCC-3427.png","items/lccc-3427.html","https://ronenglish-archive.github.io/ron-english-light-cult-3001-4000/items/lccc-3427.html","https://opensea.io/item/ethereum/0xbe85fbd182af91290be7293438ae67549638189f/3427","OK",""
"3428","3428","Light Cult Crypto Club #3428","RE-005238","3401-3500","D:\github\ron-english-nfts\light-cult-crypto-club\images\LCCC-3428.png","26727","images/3401-3500/LCCC-3428.png","LCCC-3428.png","D:\github\ron-english-light-cult-3001-4000\images\3401-3500\LCCC-3428.png","items/lccc-3428.html","https://ronenglish-archive.github.io/ron-english-light-cult-3001-4000/items/lccc-3428.html","https://opensea.io/item/ethereum/0xbe85fbd182af91290be7293438ae67549638189f/3428","OK",""
"3429","3429","Light Cult Crypto Club #3429","RE-005239","3401-3500","D:\github\ron-english-nfts\light-cult-crypto-club\images\LCCC-3429.png","13204","images/3401-3500/LCCC-3429.png","LCCC-3429.png","D:\github\ron-english-light-cult-3001-4000\images\3401-3500\LCCC-3429.png","items/lccc-3429.html","https://ronenglish-archive.github.io/ron-english-light-cult-3001-4000/items/lccc-3429.html","https://opensea.io/item/ethereum/0xbe85fbd182af91290be7293438ae67549638189f/3429","OK",""
"3430","3430","Light Cult Crypto Club #3430","RE-005240","3401-3500","D:\github\ron-english-nfts\light-cult-crypto-club\images\LCCC-3430.png","40127","images/3401-3500/LCCC-3430.png","LCCC-3430.png","D:\github\ron-english-light-cult-3001-4000\images\3401-3500\LCCC-3430.png","items/lccc-3430.html","https://ronenglish-archive.github.io/ron-english-light-cult-3001-4000/items/lccc-3430.html","https://opensea.io/item/ethereum/0xbe85fbd182af91290be7293438ae67549638189f/3430","OK",""
"3431","3431","Light Cult Crypto Club #3431","RE-005241","3401-3500","","","","","","items/lccc-3431.html","https://ronenglish-archive.github.io/ron-english-light-cult-3001-4000/items/lccc-3431.html","https://opensea.io/item/ethereum/0xbe85fbd182af91290be7293438ae67549638189f/3431","MISSING SOURCE IMAGE","No source image found for token #3431"
"3432","3432","Light Cult Crypto Club #3432","RE-005242","3401-3500","D:\github\ron-english-nfts\light-cult-crypto-club\images\LCCC-3432.png","37956","images/3401-3500/LCCC-3432.png","LCCC-3432.png","D:\github\ron-english-light-cult-3001-4000\images\3401-3500\LCCC-3432.png","items/lccc-3432.html","https://ronenglish-archive.github.io/ron-english-light-cult-3001-4000/items/lccc-3432.html","https://opensea.io/item/ethereum/0xbe85fbd182af91290be7293438ae67549638189f/3432","OK",""
"3433","3433","Light Cult Crypto Club #3433","RE-005243","3401-3500","D:\github\ron-english-nfts\light-cult-crypto-club\images\LCCC-3433.png","23582","images/3401-3500/LCCC-3433.png","LCCC-3433.png","D:\github\ron-english-light-cult-3001-4000\images\3401-3500\LCCC-3433.png","items/lccc-3433.html","https://ronenglish-archive.github.io/ron-english-light-cult-3001-4000/items/lccc-3433.html","https://opensea.io/item/ethereum/0xbe85fbd182af91290be7293438ae67549638189f/3433","OK",""
"3434","3434","Light Cult Crypto Club #3434","RE-005244","3401-3500","D:\github\ron-english-nfts\light-cult-crypto-club\images\LCCC-3434.png","14064","images/3401-3500/LCCC-3434.png","LCCC-3434.png","D:\github\ron-english-light-cult-3001-4000\images\3401-3500\LCCC-3434.png","items/lccc-3434.html","https://ronenglish-archive.github.io/ron-english-light-cult-3001-4000/items/lccc-3434.html","https://opensea.io/item/ethereum/0xbe85fbd182af91290be7293438ae67549638189f/3434","OK",""
"3435","3435","Light Cult Crypto Club #3435","RE-005245","3401-3500","D:\github\ron-english-nfts\light-cult-crypto-club\images\LCCC-3435.png","30214","images/3401-3500/LCCC-3435.png","LCCC-3435.png","D:\github\ron-english-light-cult-3001-4000\images\3401-3500\LCCC-3435.png","items/lccc-3435.html","https://ronenglish-archive.github.io/ron-english-light-cult-3001-4000/items/lccc-3435.html","https://opensea.io/item/ethereum/0xbe85fbd182af91290be7293438ae67549638189f/3435","OK",""
"3436","3436","Light Cult Crypto Club #3436","RE-005246","3401-3500","D:\github\ron-english-nfts\light-cult-crypto-club\images\LCCC-3436.png","3553","images/3401-3500/LCCC-3436.png","LCCC-3436.png","D:\github\ron-english-light-cult-3001-4000\images\3401-3500\LCCC-3436.png","items/lccc-3436.html","https://ronenglish-archive.github.io/ron-english-light-cult-3001-4000/items/lccc-3436.html","https://opensea.io/item/ethereum/0xbe85fbd182af91290be7293438ae67549638189f/3436","OK",""
"3437","3437","Light Cult Crypto Club #3437","RE-005247","3401-3500","D:\github\ron-english-nfts\light-cult-crypto-club\images\LCCC-3437.png","55646","images/3401-3500/LCCC-3437.png","LCCC-3437.png","D:\github\ron-english-light-cult-3001-4000\images\3401-3500\LCCC-3437.png","items/lccc-3437.html","https://ronenglish-archive.github.io/ron-english-light-cult-3001-4000/items/lccc-3437.html","https://opensea.io/item/ethereum/0xbe85fbd182af91290be7293438ae67549638189f/3437","OK",""
"3438","3438","Light Cult Crypto Club #3438","RE-005248","3401-3500","D:\github\ron-english-nfts\light-cult-crypto-club\images\LCCC-3438.png","22312","images/3401-3500/LCCC-3438.png","LCCC-3438.png","D:\github\ron-english-light-cult-3001-4000\images\3401-3500\LCCC-3438.png","items/lccc-3438.html","https://ronenglish-archive.github.io/ron-english-light-cult-3001-4000/items/lccc-3438.html","https://opensea.io/item/ethereum/0xbe85fbd182af91290be7293438ae67549638189f/3438","OK",""
"3439","3439","Light Cult Crypto Club #3439","RE-005249","3401-3500","D:\github\ron-english-nfts\light-cult-crypto-club\images\LCCC-3439.png","20969","images/3401-3500/LCCC-3439.png","LCCC-3439.png","D:\github\ron-english-light-cult-3001-4000\images\3401-3500\LCCC-3439.png","items/lccc-3439.html","https://ronenglish-archive.github.io/ron-english-light-cult-3001-4000/items/lccc-3439.html","https://opensea.io/item/ethereum/0xbe85fbd182af91290be7293438ae67549638189f/3439","OK",""
"3440","3440","Light Cult Crypto Club #3440","RE-005250","3401-3500","","","","","","items/lccc-3440.html","https://ronenglish-archive.github.io/ron-english-light-cult-3001-4000/items/lccc-3440.html","https://opensea.io/item/ethereum/0xbe85fbd182af91290be7293438ae67549638189f/3440","MISSING SOURCE IMAGE","No source image found for token #3440"
"3441","3441","Light Cult Crypto Club #3441","RE-005251","3401-3500","D:\github\ron-english-nfts\light-cult-crypto-club\images\LCCC-3441.png","26037","images/3401-3500/LCCC-3441.png","LCCC-3441.png","D:\github\ron-english-light-cult-3001-4000\images\3401-3500\LCCC-3441.png","items/lccc-3441.html","https://ronenglish-archive.github.io/ron-english-light-cult-3001-4000/items/lccc-3441.html","https://opensea.io/item/ethereum/0xbe85fbd182af91290be7293438ae67549638189f/3441","OK",""
"3442","3442","Light Cult Crypto Club #3442","RE-005252","3401-3500","D:\github\ron-english-nfts\light-cult-crypto-club\images\LCCC-3442.png","31404","images/3401-3500/LCCC-3442.png","LCCC-3442.png","D:\github\ron-english-light-cult-3001-4000\images\3401-3500\LCCC-3442.png","items/lccc-3442.html","https://ronenglish-archive.github.io/ron-english-light-cult-3001-4000/items/lccc-3442.html","https://opensea.io/item/ethereum/0xbe85fbd182af91290be7293438ae67549638189f/3442","OK",""
"3443","3443","Light Cult Crypto Club #3443","RE-005253","3401-3500","D:\github\ron-english-nfts\light-cult-crypto-club\images\LCCC-3443.png","34864","images/3401-3500/LCCC-3443.png","LCCC-3443.png","D:\github\ron-english-light-cult-3001-4000\images\3401-3500\LCCC-3443.png","items/lccc-3443.html","https://ronenglish-archive.github.io/ron-english-light-cult-3001-4000/items/lccc-3443.html","https://opensea.io/item/ethereum/0xbe85fbd182af91290be7293438ae67549638189f/3443","OK",""
"3444","3444","Light Cult Crypto Club #3444","RE-005254","3401-3500","D:\github\ron-english-nfts\light-cult-crypto-club\images\LCCC-3444.png","30256","images/3401-3500/LCCC-3444.png","LCCC-3444.png","D:\github\ron-english-light-cult-3001-4000\images\3401-3500\LCCC-3444.png","items/lccc-3444.html","https://ronenglish-archive.github.io/ron-english-light-cult-3001-4000/items/lccc-3444.html","https://opensea.io/item/ethereum/0xbe85fbd182af91290be7293438ae67549638189f/3444","OK",""
"3445","3445","Light Cult Crypto Club #3445","RE-005255","3401-3500","D:\github\ron-english-nfts\light-cult-crypto-club\images\LCCC-3445.png","7985","images/3401-3500/LCCC-3445.png","LCCC-3445.png","D:\github\ron-english-light-cult-3001-4000\images\3401-3500\LCCC-3445.png","items/lccc-3445.html","https://ronenglish-archive.github.io/ron-english-light-cult-3001-4000/items/lccc-3445.html","https://opensea.io/item/ethereum/0xbe85fbd182af91290be7293438ae67549638189f/3445","OK",""
"3446","3446","Light Cult Crypto Club #3446","RE-005256","3401-3500","D:\github\ron-english-nfts\light-cult-crypto-club\images\LCCC-3446.png","32313","images/3401-3500/LCCC-3446.png","LCCC-3446.png","D:\github\ron-english-light-cult-3001-4000\images\3401-3500\LCCC-3446.png","items/lccc-3446.html","https://ronenglish-archive.github.io/ron-english-light-cult-3001-4000/items/lccc-3446.html","https://opensea.io/item/ethereum/0xbe85fbd182af91290be7293438ae67549638189f/3446","OK",""
"3447","3447","Light Cult Crypto Club #3447","RE-005257","3401-3500","D:\github\ron-english-nfts\light-cult-crypto-club\images\LCCC-3447.png","8319","images/3401-3500/LCCC-3447.png","LCCC-3447.png","D:\github\ron-english-light-cult-3001-4000\images\3401-3500\LCCC-3447.png","items/lccc-3447.html","https://ronenglish-archive.github.io/ron-english-light-cult-3001-4000/items/lccc-3447.html","https://opensea.io/item/ethereum/0xbe85fbd182af91290be7293438ae67549638189f/3447","OK",""
"3448","3448","Light Cult Crypto Club #3448","RE-005258","3401-3500","D:\github\ron-english-nfts\light-cult-crypto-club\images\LCCC-3448.png","38922","images/3401-3500/LCCC-3448.png","LCCC-3448.png","D:\github\ron-english-light-cult-3001-4000\images\3401-3500\LCCC-3448.png","items/lccc-3448.html","https://ronenglish-archive.github.io/ron-english-light-cult-3001-4000/items/lccc-3448.html","https://opensea.io/item/ethereum/0xbe85fbd182af91290be7293438ae67549638189f/3448","OK",""
"3449","3449","Light Cult Crypto Club #3449","RE-005259","3401-3500","D:\github\ron-english-nfts\light-cult-crypto-club\images\LCCC-3449.png","10512","images/3401-3500/LCCC-3449.png","LCCC-3449.png","D:\github\ron-english-light-cult-3001-4000\images\3401-3500\LCCC-3449.png","items/lccc-3449.html","https://ronenglish-archive.github.io/ron-english-light-cult-3001-4000/items/lccc-3449.html","https://opensea.io/item/ethereum/0xbe85fbd182af91290be7293438ae67549638189f/3449","OK",""
"3450","3450","Light Cult Crypto Club #3450","RE-005260","3401-3500","D:\github\ron-english-nfts\light-cult-crypto-club\images\LCCC-3450.png","36029","images/3401-3500/LCCC-3450.png","LCCC-3450.png","D:\github\ron-english-light-cult-3001-4000\images\3401-3500\LCCC-3450.png","items/lccc-3450.html","https://ronenglish-archive.github.io/ron-english-light-cult-3001-4000/items/lccc-3450.html","https://opensea.io/item/ethereum/0xbe85fbd182af91290be7293438ae67549638189f/3450","OK",""
"3451","3451","Light Cult Crypto Club #3451","RE-005261","3401-3500","D:\github\ron-english-nfts\light-cult-crypto-club\images\LCCC-3451.png","12165","images/3401-3500/LCCC-3451.png","LCCC-3451.png","D:\github\ron-english-light-cult-3001-4000\images\3401-3500\LCCC-3451.png","items/lccc-3451.html","https://ronenglish-archive.github.io/ron-english-light-cult-3001-4000/items/lccc-3451.html","https://opensea.io/item/ethereum/0xbe85fbd182af91290be7293438ae67549638189f/3451","OK",""
"3452","3452","Light Cult Crypto Club #3452","RE-005262","3401-3500","D:\github\ron-english-nfts\light-cult-crypto-club\images\LCCC-3452.png","10599","images/3401-3500/LCCC-3452.png","LCCC-3452.png","D:\github\ron-english-light-cult-3001-4000\images\3401-3500\LCCC-3452.png","items/lccc-3452.html","https://ronenglish-archive.github.io/ron-english-light-cult-3001-4000/items/lccc-3452.html","https://opensea.io/item/ethereum/0xbe85fbd182af91290be7293438ae67549638189f/3452","OK",""
"3453","3453","Light Cult Crypto Club #3453","RE-005263","3401-3500","D:\github\ron-english-nfts\light-cult-crypto-club\images\LCCC-3453.png","14970","images/3401-3500/LCCC-3453.png","LCCC-3453.png","D:\github\ron-english-light-cult-3001-4000\images\3401-3500\LCCC-3453.png","items/lccc-3453.html","https://ronenglish-archive.github.io/ron-english-light-cult-3001-4000/items/lccc-3453.html","https://opensea.io/item/ethereum/0xbe85fbd182af91290be7293438ae67549638189f/3453","OK",""
"3454","3454","Light Cult Crypto Club #3454","RE-005264","3401-3500","D:\github\ron-english-nfts\light-cult-crypto-club\images\LCCC-3454.png","29784","images/3401-3500/LCCC-3454.png","LCCC-3454.png","D:\github\ron-english-light-cult-3001-4000\images\3401-3500\LCCC-3454.png","items/lccc-3454.html","https://ronenglish-archive.github.io/ron-english-light-cult-3001-4000/items/lccc-3454.html","https://opensea.io/item/ethereum/0xbe85fbd182af91290be7293438ae67549638189f/3454","OK",""
"3455","3455","Light Cult Crypto Club #3455","RE-005265","3401-3500","","","","","","items/lccc-3455.html","https://ronenglish-archive.github.io/ron-english-light-cult-3001-4000/items/lccc-3455.html","https://opensea.io/item/ethereum/0xbe85fbd182af91290be7293438ae67549638189f/3455","MISSING SOURCE IMAGE","No source image found for token #3455"
"3456","3456","Light Cult Crypto Club #3456","RE-005266","3401-3500","D:\github\ron-english-nfts\light-cult-crypto-club\images\LCCC-3456.png","27780","images/3401-3500/LCCC-3456.png","LCCC-3456.png","D:\github\ron-english-light-cult-3001-4000\images\3401-3500\LCCC-3456.png","items/lccc-3456.html","https://ronenglish-archive.github.io/ron-english-light-cult-3001-4000/items/lccc-3456.html","https://opensea.io/item/ethereum/0xbe85fbd182af91290be7293438ae67549638189f/3456","OK",""
"3457","3457","Light Cult Crypto Club #3457","RE-005267","3401-3500","D:\github\ron-english-nfts\light-cult-crypto-club\images\LCCC-3457.png","13050","images/3401-3500/LCCC-3457.png","LCCC-3457.png","D:\github\ron-english-light-cult-3001-4000\images\3401-3500\LCCC-3457.png","items/lccc-3457.html","https://ronenglish-archive.github.io/ron-english-light-cult-3001-4000/items/lccc-3457.html","https://opensea.io/item/ethereum/0xbe85fbd182af91290be7293438ae67549638189f/3457","OK",""
"3458","3458","Light Cult Crypto Club #3458","RE-005268","3401-3500","D:\github\ron-english-nfts\light-cult-crypto-club\images\LCCC-3458.png","31777","images/3401-3500/LCCC-3458.png","LCCC-3458.png","D:\github\ron-english-light-cult-3001-4000\images\3401-3500\LCCC-3458.png","items/lccc-3458.html","https://ronenglish-archive.github.io/ron-english-light-cult-3001-4000/items/lccc-3458.html","https://opensea.io/item/ethereum/0xbe85fbd182af91290be7293438ae67549638189f/3458","OK",""
"3459","3459","Light Cult Crypto Club #3459","RE-005269","3401-3500","D:\github\ron-english-nfts\light-cult-crypto-club\images\LCCC-3459.png","39581","images/3401-3500/LCCC-3459.png","LCCC-3459.png","D:\github\ron-english-light-cult-3001-4000\images\3401-3500\LCCC-3459.png","items/lccc-3459.html","https://ronenglish-archive.github.io/ron-english-light-cult-3001-4000/items/lccc-3459.html","https://opensea.io/item/ethereum/0xbe85fbd182af91290be7293438ae67549638189f/3459","OK",""
"3460","3460","Light Cult Crypto Club #3460","RE-005270","3401-3500","D:\github\ron-english-nfts\light-cult-crypto-club\images\LCCC-3460.png","19767","images/3401-3500/LCCC-3460.png","LCCC-3460.png","D:\github\ron-english-light-cult-3001-4000\images\3401-3500\LCCC-3460.png","items/lccc-3460.html","https://ronenglish-archive.github.io/ron-english-light-cult-3001-4000/items/lccc-3460.html","https://opensea.io/item/ethereum/0xbe85fbd182af91290be7293438ae67549638189f/3460","OK",""
"3461","3461","Light Cult Crypto Club #3461","RE-005271","3401-3500","D:\github\ron-english-nfts\light-cult-crypto-club\images\LCCC-3461.png","5865","images/3401-3500/LCCC-3461.png","LCCC-3461.png","D:\github\ron-english-light-cult-3001-4000\images\3401-3500\LCCC-3461.png","items/lccc-3461.html","https://ronenglish-archive.github.io/ron-english-light-cult-3001-4000/items/lccc-3461.html","https://opensea.io/item/ethereum/0xbe85fbd182af91290be7293438ae67549638189f/3461","OK",""
"3462","3462","Light Cult Crypto Club #3462","RE-005272","3401-3500","D:\github\ron-english-nfts\light-cult-crypto-club\images\LCCC-3462.png","3133","images/3401-3500/LCCC-3462.png","LCCC-3462.png","D:\github\ron-english-light-cult-3001-4000\images\3401-3500\LCCC-3462.png","items/lccc-3462.html","https://ronenglish-archive.github.io/ron-english-light-cult-3001-4000/items/lccc-3462.html","https://opensea.io/item/ethereum/0xbe85fbd182af91290be7293438ae67549638189f/3462","OK",""
"3463","3463","Light Cult Crypto Club #3463","RE-005273","3401-3500","D:\github\ron-english-nfts\light-cult-crypto-club\images\LCCC-3463.png","5317","images/3401-3500/LCCC-3463.png","LCCC-3463.png","D:\github\ron-english-light-cult-3001-4000\images\3401-3500\LCCC-3463.png","items/lccc-3463.html","https://ronenglish-archive.github.io/ron-english-light-cult-3001-4000/items/lccc-3463.html","https://opensea.io/item/ethereum/0xbe85fbd182af91290be7293438ae67549638189f/3463","OK",""
"3464","3464","Light Cult Crypto Club #3464","RE-005274","3401-3500","D:\github\ron-english-nfts\light-cult-crypto-club\images\LCCC-3464.png","30654","images/3401-3500/LCCC-3464.png","LCCC-3464.png","D:\github\ron-english-light-cult-3001-4000\images\3401-3500\LCCC-3464.png","items/lccc-3464.html","https://ronenglish-archive.github.io/ron-english-light-cult-3001-4000/items/lccc-3464.html","https://opensea.io/item/ethereum/0xbe85fbd182af91290be7293438ae67549638189f/3464","OK",""
"3465","3465","Light Cult Crypto Club #3465","RE-005275","3401-3500","D:\github\ron-english-nfts\light-cult-crypto-club\images\LCCC-3465.png","24909","images/3401-3500/LCCC-3465.png","LCCC-3465.png","D:\github\ron-english-light-cult-3001-4000\images\3401-3500\LCCC-3465.png","items/lccc-3465.html","https://ronenglish-archive.github.io/ron-english-light-cult-3001-4000/items/lccc-3465.html","https://opensea.io/item/ethereum/0xbe85fbd182af91290be7293438ae67549638189f/3465","OK",""
"3466","3466","Light Cult Crypto Club #3466","RE-005276","3401-3500","","","","","","items/lccc-3466.html","https://ronenglish-archive.github.io/ron-english-light-cult-3001-4000/items/lccc-3466.html","https://opensea.io/item/ethereum/0xbe85fbd182af91290be7293438ae67549638189f/3466","MISSING SOURCE IMAGE","No source image found for token #3466"
"3467","3467","Light Cult Crypto Club #3467","RE-005277","3401-3500","D:\github\ron-english-nfts\light-cult-crypto-club\images\LCCC-3467.png","26782","images/3401-3500/LCCC-3467.png","LCCC-3467.png","D:\github\ron-english-light-cult-3001-4000\images\3401-3500\LCCC-3467.png","items/lccc-3467.html","https://ronenglish-archive.github.io/ron-english-light-cult-3001-4000/items/lccc-3467.html","https://opensea.io/item/ethereum/0xbe85fbd182af91290be7293438ae67549638189f/3467","OK",""
"3468","3468","Light Cult Crypto Club #3468","RE-005278","3401-3500","D:\github\ron-english-nfts\light-cult-crypto-club\images\LCCC-3468.png","33580","images/3401-3500/LCCC-3468.png","LCCC-3468.png","D:\github\ron-english-light-cult-3001-4000\images\3401-3500\LCCC-3468.png","items/lccc-3468.html","https://ronenglish-archive.github.io/ron-english-light-cult-3001-4000/items/lccc-3468.html","https://opensea.io/item/ethereum/0xbe85fbd182af91290be7293438ae67549638189f/3468","OK",""
"3469","3469","Light Cult Crypto Club #3469","RE-005279","3401-3500","D:\github\ron-english-nfts\light-cult-crypto-club\images\LCCC-3469.png","8063","images/3401-3500/LCCC-3469.png","LCCC-3469.png","D:\github\ron-english-light-cult-3001-4000\images\3401-3500\LCCC-3469.png","items/lccc-3469.html","https://ronenglish-archive.github.io/ron-english-light-cult-3001-4000/items/lccc-3469.html","https://opensea.io/item/ethereum/0xbe85fbd182af91290be7293438ae67549638189f/3469","OK",""
"3470","3470","Light Cult Crypto Club #3470","RE-005280","3401-3500","D:\github\ron-english-nfts\light-cult-crypto-club\images\LCCC-3470.png","26019","images/3401-3500/LCCC-3470.png","LCCC-3470.png","D:\github\ron-english-light-cult-3001-4000\images\3401-3500\LCCC-3470.png","items/lccc-3470.html","https://ronenglish-archive.github.io/ron-english-light-cult-3001-4000/items/lccc-3470.html","https://opensea.io/item/ethereum/0xbe85fbd182af91290be7293438ae67549638189f/3470","OK",""
"3471","3471","Light Cult Crypto Club #3471","RE-005281","3401-3500","D:\github\ron-english-nfts\light-cult-crypto-club\images\LCCC-3471.png","16222","images/3401-3500/LCCC-3471.png","LCCC-3471.png","D:\github\ron-english-light-cult-3001-4000\images\3401-3500\LCCC-3471.png","items/lccc-3471.html","https://ronenglish-archive.github.io/ron-english-light-cult-3001-4000/items/lccc-3471.html","https://opensea.io/item/ethereum/0xbe85fbd182af91290be7293438ae67549638189f/3471","OK",""
"3472","3472","Light Cult Crypto Club #3472","RE-005282","3401-3500","D:\github\ron-english-nfts\light-cult-crypto-club\images\LCCC-3472.png","12463","images/3401-3500/LCCC-3472.png","LCCC-3472.png","D:\github\ron-english-light-cult-3001-4000\images\3401-3500\LCCC-3472.png","items/lccc-3472.html","https://ronenglish-archive.github.io/ron-english-light-cult-3001-4000/items/lccc-3472.html","https://opensea.io/item/ethereum/0xbe85fbd182af91290be7293438ae67549638189f/3472","OK",""
"3473","3473","Light Cult Crypto Club #3473","RE-005283","3401-3500","","","","","","items/lccc-3473.html","https://ronenglish-archive.github.io/ron-english-light-cult-3001-4000/items/lccc-3473.html","https://opensea.io/item/ethereum/0xbe85fbd182af91290be7293438ae67549638189f/3473","MISSING SOURCE IMAGE","No source image found for token #3473"
"3474","3474","Light Cult Crypto Club #3474","RE-005284","3401-3500","D:\github\ron-english-nfts\light-cult-crypto-club\images\LCCC-3474.png","5384","images/3401-3500/LCCC-3474.png","LCCC-3474.png","D:\github\ron-english-light-cult-3001-4000\images\3401-3500\LCCC-3474.png","items/lccc-3474.html","https://ronenglish-archive.github.io/ron-english-light-cult-3001-4000/items/lccc-3474.html","https://opensea.io/item/ethereum/0xbe85fbd182af91290be7293438ae67549638189f/3474","OK",""
"3475","3475","Light Cult Crypto Club #3475","RE-005285","3401-3500","D:\github\ron-english-nfts\light-cult-crypto-club\images\LCCC-3475.png","10825","images/3401-3500/LCCC-3475.png","LCCC-3475.png","D:\github\ron-english-light-cult-3001-4000\images\3401-3500\LCCC-3475.png","items/lccc-3475.html","https://ronenglish-archive.github.io/ron-english-light-cult-3001-4000/items/lccc-3475.html","https://opensea.io/item/ethereum/0xbe85fbd182af91290be7293438ae67549638189f/3475","OK",""
"3476","3476","Light Cult Crypto Club #3476","RE-005286","3401-3500","D:\github\ron-english-nfts\light-cult-crypto-club\images\LCCC-3476.png","13584","images/3401-3500/LCCC-3476.png","LCCC-3476.png","D:\github\ron-english-light-cult-3001-4000\images\3401-3500\LCCC-3476.png","items/lccc-3476.html","https://ronenglish-archive.github.io/ron-english-light-cult-3001-4000/items/lccc-3476.html","https://opensea.io/item/ethereum/0xbe85fbd182af91290be7293438ae67549638189f/3476","OK",""
"3477","3477","Light Cult Crypto Club #3477","RE-005287","3401-3500","D:\github\ron-english-nfts\light-cult-crypto-club\images\LCCC-3477.png","27201","images/3401-3500/LCCC-3477.png","LCCC-3477.png","D:\github\ron-english-light-cult-3001-4000\images\3401-3500\LCCC-3477.png","items/lccc-3477.html","https://ronenglish-archive.github.io/ron-english-light-cult-3001-4000/items/lccc-3477.html","https://opensea.io/item/ethereum/0xbe85fbd182af91290be7293438ae67549638189f/3477","OK",""
"3478","3478","Light Cult Crypto Club #3478","RE-005288","3401-3500","D:\github\ron-english-nfts\light-cult-crypto-club\images\LCCC-3478.png","11499","images/3401-3500/LCCC-3478.png","LCCC-3478.png","D:\github\ron-english-light-cult-3001-4000\images\3401-3500\LCCC-3478.png","items/lccc-3478.html","https://ronenglish-archive.github.io/ron-english-light-cult-3001-4000/items/lccc-3478.html","https://opensea.io/item/ethereum/0xbe85fbd182af91290be7293438ae67549638189f/3478","OK",""
"3479","3479","Light Cult Crypto Club #3479","RE-005289","3401-3500","D:\github\ron-english-nfts\light-cult-crypto-club\images\LCCC-3479.png","7441","images/3401-3500/LCCC-3479.png","LCCC-3479.png","D:\github\ron-english-light-cult-3001-4000\images\3401-3500\LCCC-3479.png","items/lccc-3479.html","https://ronenglish-archive.github.io/ron-english-light-cult-3001-4000/items/lccc-3479.html","https://opensea.io/item/ethereum/0xbe85fbd182af91290be7293438ae67549638189f/3479","OK",""
"3480","3480","Light Cult Crypto Club #3480","RE-005290","3401-3500","D:\github\ron-english-nfts\light-cult-crypto-club\images\LCCC-3480.png","31917","images/3401-3500/LCCC-3480.png","LCCC-3480.png","D:\github\ron-english-light-cult-3001-4000\images\3401-3500\LCCC-3480.png","items/lccc-3480.html","https://ronenglish-archive.github.io/ron-english-light-cult-3001-4000/items/lccc-3480.html","https://opensea.io/item/ethereum/0xbe85fbd182af91290be7293438ae67549638189f/3480","OK",""
"3481","3481","Light Cult Crypto Club #3481","RE-005291","3401-3500","","","","","","items/lccc-3481.html","https://ronenglish-archive.github.io/ron-english-light-cult-3001-4000/items/lccc-3481.html","https://opensea.io/item/ethereum/0xbe85fbd182af91290be7293438ae67549638189f/3481","MISSING SOURCE IMAGE","No source image found for token #3481"
"3482","3482","Light Cult Crypto Club #3482","RE-005292","3401-3500","D:\github\ron-english-nfts\light-cult-crypto-club\images\LCCC-3482.png","20422","images/3401-3500/LCCC-3482.png","LCCC-3482.png","D:\github\ron-english-light-cult-3001-4000\images\3401-3500\LCCC-3482.png","items/lccc-3482.html","https://ronenglish-archive.github.io/ron-english-light-cult-3001-4000/items/lccc-3482.html","https://opensea.io/item/ethereum/0xbe85fbd182af91290be7293438ae67549638189f/3482","OK",""
"3483","3483","Light Cult Crypto Club #3483","RE-005293","3401-3500","D:\github\ron-english-nfts\light-cult-crypto-club\images\LCCC-3483.png","17465","images/3401-3500/LCCC-3483.png","LCCC-3483.png","D:\github\ron-english-light-cult-3001-4000\images\3401-3500\LCCC-3483.png","items/lccc-3483.html","https://ronenglish-archive.github.io/ron-english-light-cult-3001-4000/items/lccc-3483.html","https://opensea.io/item/ethereum/0xbe85fbd182af91290be7293438ae67549638189f/3483","OK",""
"3484","3484","Light Cult Crypto Club #3484","RE-005294","3401-3500","D:\github\ron-english-nfts\light-cult-crypto-club\images\LCCC-3484.png","8910","images/3401-3500/LCCC-3484.png","LCCC-3484.png","D:\github\ron-english-light-cult-3001-4000\images\3401-3500\LCCC-3484.png","items/lccc-3484.html","https://ronenglish-archive.github.io/ron-english-light-cult-3001-4000/items/lccc-3484.html","https://opensea.io/item/ethereum/0xbe85fbd182af91290be7293438ae67549638189f/3484","OK",""
"3485","3485","Light Cult Crypto Club #3485","RE-005295","3401-3500","","","","","","items/lccc-3485.html","https://ronenglish-archive.github.io/ron-english-light-cult-3001-4000/items/lccc-3485.html","https://opensea.io/item/ethereum/0xbe85fbd182af91290be7293438ae67549638189f/3485","MISSING SOURCE IMAGE","No source image found for token #3485"
"3486","3486","Light Cult Crypto Club #3486","RE-005296","3401-3500","D:\github\ron-english-nfts\light-cult-crypto-club\images\LCCC-3486.png","13290","images/3401-3500/LCCC-3486.png","LCCC-3486.png","D:\github\ron-english-light-cult-3001-4000\images\3401-3500\LCCC-3486.png","items/lccc-3486.html","https://ronenglish-archive.github.io/ron-english-light-cult-3001-4000/items/lccc-3486.html","https://opensea.io/item/ethereum/0xbe85fbd182af91290be7293438ae67549638189f/3486","OK",""
"3487","3487","Light Cult Crypto Club #3487","RE-005297","3401-3500","D:\github\ron-english-nfts\light-cult-crypto-club\images\LCCC-3487.png","11668","images/3401-3500/LCCC-3487.png","LCCC-3487.png","D:\github\ron-english-light-cult-3001-4000\images\3401-3500\LCCC-3487.png","items/lccc-3487.html","https://ronenglish-archive.github.io/ron-english-light-cult-3001-4000/items/lccc-3487.html","https://opensea.io/item/ethereum/0xbe85fbd182af91290be7293438ae67549638189f/3487","OK",""
"3488","3488","Light Cult Crypto Club #3488","RE-005298","3401-3500","D:\github\ron-english-nfts\light-cult-crypto-club\images\LCCC-3488.png","4864","images/3401-3500/LCCC-3488.png","LCCC-3488.png","D:\github\ron-english-light-cult-3001-4000\images\3401-3500\LCCC-3488.png","items/lccc-3488.html","https://ronenglish-archive.github.io/ron-english-light-cult-3001-4000/items/lccc-3488.html","https://opensea.io/item/ethereum/0xbe85fbd182af91290be7293438ae67549638189f/3488","OK",""
"3489","3489","Light Cult Crypto Club #3489","RE-005299","3401-3500","","","","","","items/lccc-3489.html","https://ronenglish-archive.github.io/ron-english-light-cult-3001-4000/items/lccc-3489.html","https://opensea.io/item/ethereum/0xbe85fbd182af91290be7293438ae67549638189f/3489","MISSING SOURCE IMAGE","No source image found for token #3489"
"3490","3490","Light Cult Crypto Club #3490","RE-005300","3401-3500","D:\github\ron-english-nfts\light-cult-crypto-club\images\LCCC-3490.png","28570","images/3401-3500/LCCC-3490.png","LCCC-3490.png","D:\github\ron-english-light-cult-3001-4000\images\3401-3500\LCCC-3490.png","items/lccc-3490.html","https://ronenglish-archive.github.io/ron-english-light-cult-3001-4000/items/lccc-3490.html","https://opensea.io/item/ethereum/0xbe85fbd182af91290be7293438ae67549638189f/3490","OK",""
"3491","3491","Light Cult Crypto Club #3491","RE-005301","3401-3500","D:\github\ron-english-nfts\light-cult-crypto-club\images\LCCC-3491.png","35072","images/3401-3500/LCCC-3491.png","LCCC-3491.png","D:\github\ron-english-light-cult-3001-4000\images\3401-3500\LCCC-3491.png","items/lccc-3491.html","https://ronenglish-archive.github.io/ron-english-light-cult-3001-4000/items/lccc-3491.html","https://opensea.io/item/ethereum/0xbe85fbd182af91290be7293438ae67549638189f/3491","OK",""
"3492","3492","Light Cult Crypto Club #3492","RE-005302","3401-3500","D:\github\ron-english-nfts\light-cult-crypto-club\images\LCCC-3492.png","6629","images/3401-3500/LCCC-3492.png","LCCC-3492.png","D:\github\ron-english-light-cult-3001-4000\images\3401-3500\LCCC-3492.png","items/lccc-3492.html","https://ronenglish-archive.github.io/ron-english-light-cult-3001-4000/items/lccc-3492.html","https://opensea.io/item/ethereum/0xbe85fbd182af91290be7293438ae67549638189f/3492","OK",""
"3493","3493","Light Cult Crypto Club #3493","RE-005303","3401-3500","D:\github\ron-english-nfts\light-cult-crypto-club\images\LCCC-3493.png","26949","images/3401-3500/LCCC-3493.png","LCCC-3493.png","D:\github\ron-english-light-cult-3001-4000\images\3401-3500\LCCC-3493.png","items/lccc-3493.html","https://ronenglish-archive.github.io/ron-english-light-cult-3001-4000/items/lccc-3493.html","https://opensea.io/item/ethereum/0xbe85fbd182af91290be7293438ae67549638189f/3493","OK",""
"3494","3494","Light Cult Crypto Club #3494","RE-005304","3401-3500","D:\github\ron-english-nfts\light-cult-crypto-club\images\LCCC-3494.png","13805","images/3401-3500/LCCC-3494.png","LCCC-3494.png","D:\github\ron-english-light-cult-3001-4000\images\3401-3500\LCCC-3494.png","items/lccc-3494.html","https://ronenglish-archive.github.io/ron-english-light-cult-3001-4000/items/lccc-3494.html","https://opensea.io/item/ethereum/0xbe85fbd182af91290be7293438ae67549638189f/3494","OK",""
"3495","3495","Light Cult Crypto Club #3495","RE-005305","3401-3500","D:\github\ron-english-nfts\light-cult-crypto-club\images\LCCC-3495.png","20483","images/3401-3500/LCCC-3495.png","LCCC-3495.png","D:\github\ron-english-light-cult-3001-4000\images\3401-3500\LCCC-3495.png","items/lccc-3495.html","https://ronenglish-archive.github.io/ron-english-light-cult-3001-4000/items/lccc-3495.html","https://opensea.io/item/ethereum/0xbe85fbd182af91290be7293438ae67549638189f/3495","OK",""
"3496","3496","Light Cult Crypto Club #3496","RE-005306","3401-3500","D:\github\ron-english-nfts\light-cult-crypto-club\images\LCCC-3496.png","24910","images/3401-3500/LCCC-3496.png","LCCC-3496.png","D:\github\ron-english-light-cult-3001-4000\images\3401-3500\LCCC-3496.png","items/lccc-3496.html","https://ronenglish-archive.github.io/ron-english-light-cult-3001-4000/items/lccc-3496.html","https://opensea.io/item/ethereum/0xbe85fbd182af91290be7293438ae67549638189f/3496","OK",""
"3497","3497","Light Cult Crypto Club #3497","RE-005307","3401-3500","D:\github\ron-english-nfts\light-cult-crypto-club\images\LCCC-3497.png","31233","images/3401-3500/LCCC-3497.png","LCCC-3497.png","D:\github\ron-english-light-cult-3001-4000\images\3401-3500\LCCC-3497.png","items/lccc-3497.html","https://ronenglish-archive.github.io/ron-english-light-cult-3001-4000/items/lccc-3497.html","https://opensea.io/item/ethereum/0xbe85fbd182af91290be7293438ae67549638189f/3497","OK",""
"3498","3498","Light Cult Crypto Club #3498","RE-005308","3401-3500","D:\github\ron-english-nfts\light-cult-crypto-club\images\LCCC-3498.png","14193","images/3401-3500/LCCC-3498.png","LCCC-3498.png","D:\github\ron-english-light-cult-3001-4000\images\3401-3500\LCCC-3498.png","items/lccc-3498.html","https://ronenglish-archive.github.io/ron-english-light-cult-3001-4000/items/lccc-3498.html","https://opensea.io/item/ethereum/0xbe85fbd182af91290be7293438ae67549638189f/3498","OK",""
"3499","3499","Light Cult Crypto Club #3499","RE-005309","3401-3500","D:\github\ron-english-nfts\light-cult-crypto-club\images\LCCC-3499.png","27830","images/3401-3500/LCCC-3499.png","LCCC-3499.png","D:\github\ron-english-light-cult-3001-4000\images\3401-3500\LCCC-3499.png","items/lccc-3499.html","https://ronenglish-archive.github.io/ron-english-light-cult-3001-4000/items/lccc-3499.html","https://opensea.io/item/ethereum/0xbe85fbd182af91290be7293438ae67549638189f/3499","OK",""
"3500","3500","Light Cult Crypto Club #3500","RE-005310","3401-3500","D:\github\ron-english-nfts\light-cult-crypto-club\images\LCCC-3500.png","5689","images/3401-3500/LCCC-3500.png","LCCC-3500.png","D:\github\ron-english-light-cult-3001-4000\images\3401-3500\LCCC-3500.png","items/lccc-3500.html","https://ronenglish-archive.github.io/ron-english-light-cult-3001-4000/items/lccc-3500.html","https://opensea.io/item/ethereum/0xbe85fbd182af91290be7293438ae67549638189f/3500","OK",""
"3501","3501","Light Cult Crypto Club #3501","RE-005311","3501-3600","D:\github\ron-english-nfts\light-cult-crypto-club\images\LCCC-3501.png","5513","images/3501-3600/LCCC-3501.png","LCCC-3501.png","D:\github\ron-english-light-cult-3001-4000\images\3501-3600\LCCC-3501.png","items/lccc-3501.html","https://ronenglish-archive.github.io/ron-english-light-cult-3001-4000/items/lccc-3501.html","https://opensea.io/item/ethereum/0xbe85fbd182af91290be7293438ae67549638189f/3501","OK",""
"3502","3502","Light Cult Crypto Club #3502","RE-005312","3501-3600","D:\github\ron-english-nfts\light-cult-crypto-club\images\LCCC-3502.png","39884","images/3501-3600/LCCC-3502.png","LCCC-3502.png","D:\github\ron-english-light-cult-3001-4000\images\3501-3600\LCCC-3502.png","items/lccc-3502.html","https://ronenglish-archive.github.io/ron-english-light-cult-3001-4000/items/lccc-3502.html","https://opensea.io/item/ethereum/0xbe85fbd182af91290be7293438ae67549638189f/3502","OK",""
"3503","3503","Light Cult Crypto Club #3503","RE-005313","3501-3600","","","","","","items/lccc-3503.html","https://ronenglish-archive.github.io/ron-english-light-cult-3001-4000/items/lccc-3503.html","https://opensea.io/item/ethereum/0xbe85fbd182af91290be7293438ae67549638189f/3503","MISSING SOURCE IMAGE","No source image found for token #3503"
"3504","3504","Light Cult Crypto Club #3504","RE-005314","3501-3600","D:\github\ron-english-nfts\light-cult-crypto-club\images\LCCC-3504.png","38836","images/3501-3600/LCCC-3504.png","LCCC-3504.png","D:\github\ron-english-light-cult-3001-4000\images\3501-3600\LCCC-3504.png","items/lccc-3504.html","https://ronenglish-archive.github.io/ron-english-light-cult-3001-4000/items/lccc-3504.html","https://opensea.io/item/ethereum/0xbe85fbd182af91290be7293438ae67549638189f/3504","OK",""
"3505","3505","Light Cult Crypto Club #3505","RE-005315","3501-3600","D:\github\ron-english-nfts\light-cult-crypto-club\images\LCCC-3505.png","14569","images/3501-3600/LCCC-3505.png","LCCC-3505.png","D:\github\ron-english-light-cult-3001-4000\images\3501-3600\LCCC-3505.png","items/lccc-3505.html","https://ronenglish-archive.github.io/ron-english-light-cult-3001-4000/items/lccc-3505.html","https://opensea.io/item/ethereum/0xbe85fbd182af91290be7293438ae67549638189f/3505","OK",""
"3506","3506","Light Cult Crypto Club #3506","RE-005316","3501-3600","D:\github\ron-english-nfts\light-cult-crypto-club\images\LCCC-3506.png","26725","images/3501-3600/LCCC-3506.png","LCCC-3506.png","D:\github\ron-english-light-cult-3001-4000\images\3501-3600\LCCC-3506.png","items/lccc-3506.html","https://ronenglish-archive.github.io/ron-english-light-cult-3001-4000/items/lccc-3506.html","https://opensea.io/item/ethereum/0xbe85fbd182af91290be7293438ae67549638189f/3506","OK",""
"3507","3507","Light Cult Crypto Club #3507","RE-005317","3501-3600","D:\github\ron-english-nfts\light-cult-crypto-club\images\LCCC-3507.png","40410","images/3501-3600/LCCC-3507.png","LCCC-3507.png","D:\github\ron-english-light-cult-3001-4000\images\3501-3600\LCCC-3507.png","items/lccc-3507.html","https://ronenglish-archive.github.io/ron-english-light-cult-3001-4000/items/lccc-3507.html","https://opensea.io/item/ethereum/0xbe85fbd182af91290be7293438ae67549638189f/3507","OK",""
"3508","3508","Light Cult Crypto Club #3508","RE-005318","3501-3600","D:\github\ron-english-nfts\light-cult-crypto-club\images\LCCC-3508.png","22233","images/3501-3600/LCCC-3508.png","LCCC-3508.png","D:\github\ron-english-light-cult-3001-4000\images\3501-3600\LCCC-3508.png","items/lccc-3508.html","https://ronenglish-archive.github.io/ron-english-light-cult-3001-4000/items/lccc-3508.html","https://opensea.io/item/ethereum/0xbe85fbd182af91290be7293438ae67549638189f/3508","OK",""
"3509","3509","Light Cult Crypto Club #3509","RE-005319","3501-3600","D:\github\ron-english-nfts\light-cult-crypto-club\images\LCCC-3509.png","17091","images/3501-3600/LCCC-3509.png","LCCC-3509.png","D:\github\ron-english-light-cult-3001-4000\images\3501-3600\LCCC-3509.png","items/lccc-3509.html","https://ronenglish-archive.github.io/ron-english-light-cult-3001-4000/items/lccc-3509.html","https://opensea.io/item/ethereum/0xbe85fbd182af91290be7293438ae67549638189f/3509","OK",""
"3510","3510","Light Cult Crypto Club #3510","RE-005320","3501-3600","D:\github\ron-english-nfts\light-cult-crypto-club\images\LCCC-3510.png","31651","images/3501-3600/LCCC-3510.png","LCCC-3510.png","D:\github\ron-english-light-cult-3001-4000\images\3501-3600\LCCC-3510.png","items/lccc-3510.html","https://ronenglish-archive.github.io/ron-english-light-cult-3001-4000/items/lccc-3510.html","https://opensea.io/item/ethereum/0xbe85fbd182af91290be7293438ae67549638189f/3510","OK",""
"3511","3511","Light Cult Crypto Club #3511","RE-005321","3501-3600","D:\github\ron-english-nfts\light-cult-crypto-club\images\LCCC-3511.png","12664","images/3501-3600/LCCC-3511.png","LCCC-3511.png","D:\github\ron-english-light-cult-3001-4000\images\3501-3600\LCCC-3511.png","items/lccc-3511.html","https://ronenglish-archive.github.io/ron-english-light-cult-3001-4000/items/lccc-3511.html","https://opensea.io/item/ethereum/0xbe85fbd182af91290be7293438ae67549638189f/3511","OK",""
"3512","3512","Light Cult Crypto Club #3512","RE-005322","3501-3600","D:\github\ron-english-nfts\light-cult-crypto-club\images\LCCC-3512.png","12042","images/3501-3600/LCCC-3512.png","LCCC-3512.png","D:\github\ron-english-light-cult-3001-4000\images\3501-3600\LCCC-3512.png","items/lccc-3512.html","https://ronenglish-archive.github.io/ron-english-light-cult-3001-4000/items/lccc-3512.html","https://opensea.io/item/ethereum/0xbe85fbd182af91290be7293438ae67549638189f/3512","OK",""
"3513","3513","Light Cult Crypto Club #3513","RE-005323","3501-3600","D:\github\ron-english-nfts\light-cult-crypto-club\images\LCCC-3513.png","10312","images/3501-3600/LCCC-3513.png","LCCC-3513.png","D:\github\ron-english-light-cult-3001-4000\images\3501-3600\LCCC-3513.png","items/lccc-3513.html","https://ronenglish-archive.github.io/ron-english-light-cult-3001-4000/items/lccc-3513.html","https://opensea.io/item/ethereum/0xbe85fbd182af91290be7293438ae67549638189f/3513","OK",""
"3514","3514","Light Cult Crypto Club #3514","RE-005324","3501-3600","D:\github\ron-english-nfts\light-cult-crypto-club\images\LCCC-3514.png","26055","images/3501-3600/LCCC-3514.png","LCCC-3514.png","D:\github\ron-english-light-cult-3001-4000\images\3501-3600\LCCC-3514.png","items/lccc-3514.html","https://ronenglish-archive.github.io/ron-english-light-cult-3001-4000/items/lccc-3514.html","https://opensea.io/item/ethereum/0xbe85fbd182af91290be7293438ae67549638189f/3514","OK",""
"3515","3515","Light Cult Crypto Club #3515","RE-005325","3501-3600","D:\github\ron-english-nfts\light-cult-crypto-club\images\LCCC-3515.png","12131","images/3501-3600/LCCC-3515.png","LCCC-3515.png","D:\github\ron-english-light-cult-3001-4000\images\3501-3600\LCCC-3515.png","items/lccc-3515.html","https://ronenglish-archive.github.io/ron-english-light-cult-3001-4000/items/lccc-3515.html","https://opensea.io/item/ethereum/0xbe85fbd182af91290be7293438ae67549638189f/3515","OK",""
"3516","3516","Light Cult Crypto Club #3516","RE-005326","3501-3600","D:\github\ron-english-nfts\light-cult-crypto-club\images\LCCC-3516.png","17870","images/3501-3600/LCCC-3516.png","LCCC-3516.png","D:\github\ron-english-light-cult-3001-4000\images\3501-3600\LCCC-3516.png","items/lccc-3516.html","https://ronenglish-archive.github.io/ron-english-light-cult-3001-4000/items/lccc-3516.html","https://opensea.io/item/ethereum/0xbe85fbd182af91290be7293438ae67549638189f/3516","OK",""
"3517","3517","Light Cult Crypto Club #3517","RE-005327","3501-3600","D:\github\ron-english-nfts\light-cult-crypto-club\images\LCCC-3517.png","19256","images/3501-3600/LCCC-3517.png","LCCC-3517.png","D:\github\ron-english-light-cult-3001-4000\images\3501-3600\LCCC-3517.png","items/lccc-3517.html","https://ronenglish-archive.github.io/ron-english-light-cult-3001-4000/items/lccc-3517.html","https://opensea.io/item/ethereum/0xbe85fbd182af91290be7293438ae67549638189f/3517","OK",""
"3518","3518","Light Cult Crypto Club #3518","RE-005328","3501-3600","D:\github\ron-english-nfts\light-cult-crypto-club\images\LCCC-3518.png","26893","images/3501-3600/LCCC-3518.png","LCCC-3518.png","D:\github\ron-english-light-cult-3001-4000\images\3501-3600\LCCC-3518.png","items/lccc-3518.html","https://ronenglish-archive.github.io/ron-english-light-cult-3001-4000/items/lccc-3518.html","https://opensea.io/item/ethereum/0xbe85fbd182af91290be7293438ae67549638189f/3518","OK",""
"3519","3519","Light Cult Crypto Club #3519","RE-005329","3501-3600","D:\github\ron-english-nfts\light-cult-crypto-club\images\LCCC-3519.png","30896","images/3501-3600/LCCC-3519.png","LCCC-3519.png","D:\github\ron-english-light-cult-3001-4000\images\3501-3600\LCCC-3519.png","items/lccc-3519.html","https://ronenglish-archive.github.io/ron-english-light-cult-3001-4000/items/lccc-3519.html","https://opensea.io/item/ethereum/0xbe85fbd182af91290be7293438ae67549638189f/3519","OK",""
"3520","3520","Light Cult Crypto Club #3520","RE-005330","3501-3600","D:\github\ron-english-nfts\light-cult-crypto-club\images\LCCC-3520.png","19404","images/3501-3600/LCCC-3520.png","LCCC-3520.png","D:\github\ron-english-light-cult-3001-4000\images\3501-3600\LCCC-3520.png","items/lccc-3520.html","https://ronenglish-archive.github.io/ron-english-light-cult-3001-4000/items/lccc-3520.html","https://opensea.io/item/ethereum/0xbe85fbd182af91290be7293438ae67549638189f/3520","OK",""
"3521","3521","Light Cult Crypto Club #3521","RE-005331","3501-3600","D:\github\ron-english-nfts\light-cult-crypto-club\images\LCCC-3521.png","11145","images/3501-3600/LCCC-3521.png","LCCC-3521.png","D:\github\ron-english-light-cult-3001-4000\images\3501-3600\LCCC-3521.png","items/lccc-3521.html","https://ronenglish-archive.github.io/ron-english-light-cult-3001-4000/items/lccc-3521.html","https://opensea.io/item/ethereum/0xbe85fbd182af91290be7293438ae67549638189f/3521","OK",""
"3522","3522","Light Cult Crypto Club #3522","RE-005332","3501-3600","D:\github\ron-english-nfts\light-cult-crypto-club\images\LCCC-3522.png","13671","images/3501-3600/LCCC-3522.png","LCCC-3522.png","D:\github\ron-english-light-cult-3001-4000\images\3501-3600\LCCC-3522.png","items/lccc-3522.html","https://ronenglish-archive.github.io/ron-english-light-cult-3001-4000/items/lccc-3522.html","https://opensea.io/item/ethereum/0xbe85fbd182af91290be7293438ae67549638189f/3522","OK",""
"3523","3523","Light Cult Crypto Club #3523","RE-005333","3501-3600","D:\github\ron-english-nfts\light-cult-crypto-club\images\LCCC-3523.png","31941","images/3501-3600/LCCC-3523.png","LCCC-3523.png","D:\github\ron-english-light-cult-3001-4000\images\3501-3600\LCCC-3523.png","items/lccc-3523.html","https://ronenglish-archive.github.io/ron-english-light-cult-3001-4000/items/lccc-3523.html","https://opensea.io/item/ethereum/0xbe85fbd182af91290be7293438ae67549638189f/3523","OK",""
"3524","3524","Light Cult Crypto Club #3524","RE-005334","3501-3600","D:\github\ron-english-nfts\light-cult-crypto-club\images\LCCC-3524.png","14224","images/3501-3600/LCCC-3524.png","LCCC-3524.png","D:\github\ron-english-light-cult-3001-4000\images\3501-3600\LCCC-3524.png","items/lccc-3524.html","https://ronenglish-archive.github.io/ron-english-light-cult-3001-4000/items/lccc-3524.html","https://opensea.io/item/ethereum/0xbe85fbd182af91290be7293438ae67549638189f/3524","OK",""
"3525","3525","Light Cult Crypto Club #3525","RE-005335","3501-3600","D:\github\ron-english-nfts\light-cult-crypto-club\images\LCCC-3525.png","12442","images/3501-3600/LCCC-3525.png","LCCC-3525.png","D:\github\ron-english-light-cult-3001-4000\images\3501-3600\LCCC-3525.png","items/lccc-3525.html","https://ronenglish-archive.github.io/ron-english-light-cult-3001-4000/items/lccc-3525.html","https://opensea.io/item/ethereum/0xbe85fbd182af91290be7293438ae67549638189f/3525","OK",""
"3526","3526","Light Cult Crypto Club #3526","RE-005336","3501-3600","D:\github\ron-english-nfts\light-cult-crypto-club\images\LCCC-3526.png","12999","images/3501-3600/LCCC-3526.png","LCCC-3526.png","D:\github\ron-english-light-cult-3001-4000\images\3501-3600\LCCC-3526.png","items/lccc-3526.html","https://ronenglish-archive.github.io/ron-english-light-cult-3001-4000/items/lccc-3526.html","https://opensea.io/item/ethereum/0xbe85fbd182af91290be7293438ae67549638189f/3526","OK",""
"3527","3527","Light Cult Crypto Club #3527","RE-005337","3501-3600","D:\github\ron-english-nfts\light-cult-crypto-club\images\LCCC-3527.png","24310","images/3501-3600/LCCC-3527.png","LCCC-3527.png","D:\github\ron-english-light-cult-3001-4000\images\3501-3600\LCCC-3527.png","items/lccc-3527.html","https://ronenglish-archive.github.io/ron-english-light-cult-3001-4000/items/lccc-3527.html","https://opensea.io/item/ethereum/0xbe85fbd182af91290be7293438ae67549638189f/3527","OK",""
"3528","3528","Light Cult Crypto Club #3528","RE-005338","3501-3600","","","","","","items/lccc-3528.html","https://ronenglish-archive.github.io/ron-english-light-cult-3001-4000/items/lccc-3528.html","https://opensea.io/item/ethereum/0xbe85fbd182af91290be7293438ae67549638189f/3528","MISSING SOURCE IMAGE","No source image found for token #3528"
"3529","3529","Light Cult Crypto Club #3529","RE-005339","3501-3600","","","","","","items/lccc-3529.html","https://ronenglish-archive.github.io/ron-english-light-cult-3001-4000/items/lccc-3529.html","https://opensea.io/item/ethereum/0xbe85fbd182af91290be7293438ae67549638189f/3529","MISSING SOURCE IMAGE","No source image found for token #3529"
"3530","3530","Light Cult Crypto Club #3530","RE-005340","3501-3600","D:\github\ron-english-nfts\light-cult-crypto-club\images\LCCC-3530.png","27783","images/3501-3600/LCCC-3530.png","LCCC-3530.png","D:\github\ron-english-light-cult-3001-4000\images\3501-3600\LCCC-3530.png","items/lccc-3530.html","https://ronenglish-archive.github.io/ron-english-light-cult-3001-4000/items/lccc-3530.html","https://opensea.io/item/ethereum/0xbe85fbd182af91290be7293438ae67549638189f/3530","OK",""
"3531","3531","Light Cult Crypto Club #3531","RE-005341","3501-3600","D:\github\ron-english-nfts\light-cult-crypto-club\images\LCCC-3531.png","37648","images/3501-3600/LCCC-3531.png","LCCC-3531.png","D:\github\ron-english-light-cult-3001-4000\images\3501-3600\LCCC-3531.png","items/lccc-3531.html","https://ronenglish-archive.github.io/ron-english-light-cult-3001-4000/items/lccc-3531.html","https://opensea.io/item/ethereum/0xbe85fbd182af91290be7293438ae67549638189f/3531","OK",""
"3532","3532","Light Cult Crypto Club #3532","RE-005342","3501-3600","D:\github\ron-english-nfts\light-cult-crypto-club\images\LCCC-3532.png","16573","images/3501-3600/LCCC-3532.png","LCCC-3532.png","D:\github\ron-english-light-cult-3001-4000\images\3501-3600\LCCC-3532.png","items/lccc-3532.html","https://ronenglish-archive.github.io/ron-english-light-cult-3001-4000/items/lccc-3532.html","https://opensea.io/item/ethereum/0xbe85fbd182af91290be7293438ae67549638189f/3532","OK",""
"3533","3533","Light Cult Crypto Club #3533","RE-005343","3501-3600","D:\github\ron-english-nfts\light-cult-crypto-club\images\LCCC-3533.png","36432","images/3501-3600/LCCC-3533.png","LCCC-3533.png","D:\github\ron-english-light-cult-3001-4000\images\3501-3600\LCCC-3533.png","items/lccc-3533.html","https://ronenglish-archive.github.io/ron-english-light-cult-3001-4000/items/lccc-3533.html","https://opensea.io/item/ethereum/0xbe85fbd182af91290be7293438ae67549638189f/3533","OK",""
"3534","3534","Light Cult Crypto Club #3534","RE-005344","3501-3600","D:\github\ron-english-nfts\light-cult-crypto-club\images\LCCC-3534.png","20452","images/3501-3600/LCCC-3534.png","LCCC-3534.png","D:\github\ron-english-light-cult-3001-4000\images\3501-3600\LCCC-3534.png","items/lccc-3534.html","https://ronenglish-archive.github.io/ron-english-light-cult-3001-4000/items/lccc-3534.html","https://opensea.io/item/ethereum/0xbe85fbd182af91290be7293438ae67549638189f/3534","OK",""
"3535","3535","Light Cult Crypto Club #3535","RE-005345","3501-3600","D:\github\ron-english-nfts\light-cult-crypto-club\images\LCCC-3535.png","31378","images/3501-3600/LCCC-3535.png","LCCC-3535.png","D:\github\ron-english-light-cult-3001-4000\images\3501-3600\LCCC-3535.png","items/lccc-3535.html","https://ronenglish-archive.github.io/ron-english-light-cult-3001-4000/items/lccc-3535.html","https://opensea.io/item/ethereum/0xbe85fbd182af91290be7293438ae67549638189f/3535","OK",""
"3536","3536","Light Cult Crypto Club #3536","RE-005346","3501-3600","D:\github\ron-english-nfts\light-cult-crypto-club\images\LCCC-3536.png","20242","images/3501-3600/LCCC-3536.png","LCCC-3536.png","D:\github\ron-english-light-cult-3001-4000\images\3501-3600\LCCC-3536.png","items/lccc-3536.html","https://ronenglish-archive.github.io/ron-english-light-cult-3001-4000/items/lccc-3536.html","https://opensea.io/item/ethereum/0xbe85fbd182af91290be7293438ae67549638189f/3536","OK",""
"3537","3537","Light Cult Crypto Club #3537","RE-005347","3501-3600","D:\github\ron-english-nfts\light-cult-crypto-club\images\LCCC-3537.png","27193","images/3501-3600/LCCC-3537.png","LCCC-3537.png","D:\github\ron-english-light-cult-3001-4000\images\3501-3600\LCCC-3537.png","items/lccc-3537.html","https://ronenglish-archive.github.io/ron-english-light-cult-3001-4000/items/lccc-3537.html","https://opensea.io/item/ethereum/0xbe85fbd182af91290be7293438ae67549638189f/3537","OK",""
"3538","3538","Light Cult Crypto Club #3538","RE-005348","3501-3600","D:\github\ron-english-nfts\light-cult-crypto-club\images\LCCC-3538.png","11749","images/3501-3600/LCCC-3538.png","LCCC-3538.png","D:\github\ron-english-light-cult-3001-4000\images\3501-3600\LCCC-3538.png","items/lccc-3538.html","https://ronenglish-archive.github.io/ron-english-light-cult-3001-4000/items/lccc-3538.html","https://opensea.io/item/ethereum/0xbe85fbd182af91290be7293438ae67549638189f/3538","OK",""
"3539","3539","Light Cult Crypto Club #3539","RE-005349","3501-3600","D:\github\ron-english-nfts\light-cult-crypto-club\images\LCCC-3539.png","7858","images/3501-3600/LCCC-3539.png","LCCC-3539.png","D:\github\ron-english-light-cult-3001-4000\images\3501-3600\LCCC-3539.png","items/lccc-3539.html","https://ronenglish-archive.github.io/ron-english-light-cult-3001-4000/items/lccc-3539.html","https://opensea.io/item/ethereum/0xbe85fbd182af91290be7293438ae67549638189f/3539","OK",""
"3540","3540","Light Cult Crypto Club #3540","RE-005350","3501-3600","D:\github\ron-english-nfts\light-cult-crypto-club\images\LCCC-3540.png","25965","images/3501-3600/LCCC-3540.png","LCCC-3540.png","D:\github\ron-english-light-cult-3001-4000\images\3501-3600\LCCC-3540.png","items/lccc-3540.html","https://ronenglish-archive.github.io/ron-english-light-cult-3001-4000/items/lccc-3540.html","https://opensea.io/item/ethereum/0xbe85fbd182af91290be7293438ae67549638189f/3540","OK",""
"3541","3541","Light Cult Crypto Club #3541","RE-005351","3501-3600","D:\github\ron-english-nfts\light-cult-crypto-club\images\LCCC-3541.png","24277","images/3501-3600/LCCC-3541.png","LCCC-3541.png","D:\github\ron-english-light-cult-3001-4000\images\3501-3600\LCCC-3541.png","items/lccc-3541.html","https://ronenglish-archive.github.io/ron-english-light-cult-3001-4000/items/lccc-3541.html","https://opensea.io/item/ethereum/0xbe85fbd182af91290be7293438ae67549638189f/3541","OK",""
"3542","3542","Light Cult Crypto Club #3542","RE-005352","3501-3600","D:\github\ron-english-nfts\light-cult-crypto-club\images\LCCC-3542.png","7449","images/3501-3600/LCCC-3542.png","LCCC-3542.png","D:\github\ron-english-light-cult-3001-4000\images\3501-3600\LCCC-3542.png","items/lccc-3542.html","https://ronenglish-archive.github.io/ron-english-light-cult-3001-4000/items/lccc-3542.html","https://opensea.io/item/ethereum/0xbe85fbd182af91290be7293438ae67549638189f/3542","OK",""
"3543","3543","Light Cult Crypto Club #3543","RE-005353","3501-3600","D:\github\ron-english-nfts\light-cult-crypto-club\images\LCCC-3543.png","17320","images/3501-3600/LCCC-3543.png","LCCC-3543.png","D:\github\ron-english-light-cult-3001-4000\images\3501-3600\LCCC-3543.png","items/lccc-3543.html","https://ronenglish-archive.github.io/ron-english-light-cult-3001-4000/items/lccc-3543.html","https://opensea.io/item/ethereum/0xbe85fbd182af91290be7293438ae67549638189f/3543","OK",""
"3544","3544","Light Cult Crypto Club #3544","RE-005354","3501-3600","","","","","","items/lccc-3544.html","https://ronenglish-archive.github.io/ron-english-light-cult-3001-4000/items/lccc-3544.html","https://opensea.io/item/ethereum/0xbe85fbd182af91290be7293438ae67549638189f/3544","MISSING SOURCE IMAGE","No source image found for token #3544"
"3545","3545","Light Cult Crypto Club #3545","RE-005355","3501-3600","D:\github\ron-english-nfts\light-cult-crypto-club\images\LCCC-3545.png","9658","images/3501-3600/LCCC-3545.png","LCCC-3545.png","D:\github\ron-english-light-cult-3001-4000\images\3501-3600\LCCC-3545.png","items/lccc-3545.html","https://ronenglish-archive.github.io/ron-english-light-cult-3001-4000/items/lccc-3545.html","https://opensea.io/item/ethereum/0xbe85fbd182af91290be7293438ae67549638189f/3545","OK",""
"3546","3546","Light Cult Crypto Club #3546","RE-005356","3501-3600","D:\github\ron-english-nfts\light-cult-crypto-club\images\LCCC-3546.png","33537","images/3501-3600/LCCC-3546.png","LCCC-3546.png","D:\github\ron-english-light-cult-3001-4000\images\3501-3600\LCCC-3546.png","items/lccc-3546.html","https://ronenglish-archive.github.io/ron-english-light-cult-3001-4000/items/lccc-3546.html","https://opensea.io/item/ethereum/0xbe85fbd182af91290be7293438ae67549638189f/3546","OK",""
"3547","3547","Light Cult Crypto Club #3547","RE-005357","3501-3600","","","","","","items/lccc-3547.html","https://ronenglish-archive.github.io/ron-english-light-cult-3001-4000/items/lccc-3547.html","https://opensea.io/item/ethereum/0xbe85fbd182af91290be7293438ae67549638189f/3547","MISSING SOURCE IMAGE","No source image found for token #3547"
"3548","3548","Light Cult Crypto Club #3548","RE-005358","3501-3600","D:\github\ron-english-nfts\light-cult-crypto-club\images\LCCC-3548.png","9893","images/3501-3600/LCCC-3548.png","LCCC-3548.png","D:\github\ron-english-light-cult-3001-4000\images\3501-3600\LCCC-3548.png","items/lccc-3548.html","https://ronenglish-archive.github.io/ron-english-light-cult-3001-4000/items/lccc-3548.html","https://opensea.io/item/ethereum/0xbe85fbd182af91290be7293438ae67549638189f/3548","OK",""
"3549","3549","Light Cult Crypto Club #3549","RE-005359","3501-3600","D:\github\ron-english-nfts\light-cult-crypto-club\images\LCCC-3549.png","13737","images/3501-3600/LCCC-3549.png","LCCC-3549.png","D:\github\ron-english-light-cult-3001-4000\images\3501-3600\LCCC-3549.png","items/lccc-3549.html","https://ronenglish-archive.github.io/ron-english-light-cult-3001-4000/items/lccc-3549.html","https://opensea.io/item/ethereum/0xbe85fbd182af91290be7293438ae67549638189f/3549","OK",""
"3550","3550","Light Cult Crypto Club #3550","RE-005360","3501-3600","D:\github\ron-english-nfts\light-cult-crypto-club\images\LCCC-3550.png","30870","images/3501-3600/LCCC-3550.png","LCCC-3550.png","D:\github\ron-english-light-cult-3001-4000\images\3501-3600\LCCC-3550.png","items/lccc-3550.html","https://ronenglish-archive.github.io/ron-english-light-cult-3001-4000/items/lccc-3550.html","https://opensea.io/item/ethereum/0xbe85fbd182af91290be7293438ae67549638189f/3550","OK",""
"3551","3551","Light Cult Crypto Club #3551","RE-005361","3501-3600","D:\github\ron-english-nfts\light-cult-crypto-club\images\LCCC-3551.png","20689","images/3501-3600/LCCC-3551.png","LCCC-3551.png","D:\github\ron-english-light-cult-3001-4000\images\3501-3600\LCCC-3551.png","items/lccc-3551.html","https://ronenglish-archive.github.io/ron-english-light-cult-3001-4000/items/lccc-3551.html","https://opensea.io/item/ethereum/0xbe85fbd182af91290be7293438ae67549638189f/3551","OK",""
"3552","3552","Light Cult Crypto Club #3552","RE-005362","3501-3600","D:\github\ron-english-nfts\light-cult-crypto-club\images\LCCC-3552.png","8635","images/3501-3600/LCCC-3552.png","LCCC-3552.png","D:\github\ron-english-light-cult-3001-4000\images\3501-3600\LCCC-3552.png","items/lccc-3552.html","https://ronenglish-archive.github.io/ron-english-light-cult-3001-4000/items/lccc-3552.html","https://opensea.io/item/ethereum/0xbe85fbd182af91290be7293438ae67549638189f/3552","OK",""
"3553","3553","Light Cult Crypto Club #3553","RE-005363","3501-3600","D:\github\ron-english-nfts\light-cult-crypto-club\images\LCCC-3553.png","16514","images/3501-3600/LCCC-3553.png","LCCC-3553.png","D:\github\ron-english-light-cult-3001-4000\images\3501-3600\LCCC-3553.png","items/lccc-3553.html","https://ronenglish-archive.github.io/ron-english-light-cult-3001-4000/items/lccc-3553.html","https://opensea.io/item/ethereum/0xbe85fbd182af91290be7293438ae67549638189f/3553","OK",""
"3554","3554","Light Cult Crypto Club #3554","RE-005364","3501-3600","D:\github\ron-english-nfts\light-cult-crypto-club\images\LCCC-3554.png","28679","images/3501-3600/LCCC-3554.png","LCCC-3554.png","D:\github\ron-english-light-cult-3001-4000\images\3501-3600\LCCC-3554.png","items/lccc-3554.html","https://ronenglish-archive.github.io/ron-english-light-cult-3001-4000/items/lccc-3554.html","https://opensea.io/item/ethereum/0xbe85fbd182af91290be7293438ae67549638189f/3554","OK",""
"3555","3555","Light Cult Crypto Club #3555","RE-005365","3501-3600","D:\github\ron-english-nfts\light-cult-crypto-club\images\LCCC-3555.png","2282","images/3501-3600/LCCC-3555.png","LCCC-3555.png","D:\github\ron-english-light-cult-3001-4000\images\3501-3600\LCCC-3555.png","items/lccc-3555.html","https://ronenglish-archive.github.io/ron-english-light-cult-3001-4000/items/lccc-3555.html","https://opensea.io/item/ethereum/0xbe85fbd182af91290be7293438ae67549638189f/3555","OK",""
"3556","3556","Light Cult Crypto Club #3556","RE-005366","3501-3600","","","","","","items/lccc-3556.html","https://ronenglish-archive.github.io/ron-english-light-cult-3001-4000/items/lccc-3556.html","https://opensea.io/item/ethereum/0xbe85fbd182af91290be7293438ae67549638189f/3556","MISSING SOURCE IMAGE","No source image found for token #3556"
"3557","3557","Light Cult Crypto Club #3557","RE-005367","3501-3600","D:\github\ron-english-nfts\light-cult-crypto-club\images\LCCC-3557.png","14861","images/3501-3600/LCCC-3557.png","LCCC-3557.png","D:\github\ron-english-light-cult-3001-4000\images\3501-3600\LCCC-3557.png","items/lccc-3557.html","https://ronenglish-archive.github.io/ron-english-light-cult-3001-4000/items/lccc-3557.html","https://opensea.io/item/ethereum/0xbe85fbd182af91290be7293438ae67549638189f/3557","OK",""
"3558","3558","Light Cult Crypto Club #3558","RE-005368","3501-3600","D:\github\ron-english-nfts\light-cult-crypto-club\images\LCCC-3558.png","28139","images/3501-3600/LCCC-3558.png","LCCC-3558.png","D:\github\ron-english-light-cult-3001-4000\images\3501-3600\LCCC-3558.png","items/lccc-3558.html","https://ronenglish-archive.github.io/ron-english-light-cult-3001-4000/items/lccc-3558.html","https://opensea.io/item/ethereum/0xbe85fbd182af91290be7293438ae67549638189f/3558","OK",""
"3559","3559","Light Cult Crypto Club #3559","RE-005369","3501-3600","","","","","","items/lccc-3559.html","https://ronenglish-archive.github.io/ron-english-light-cult-3001-4000/items/lccc-3559.html","https://opensea.io/item/ethereum/0xbe85fbd182af91290be7293438ae67549638189f/3559","MISSING SOURCE IMAGE","No source image found for token #3559"
"3560","3560","Light Cult Crypto Club #3560","RE-005370","3501-3600","D:\github\ron-english-nfts\light-cult-crypto-club\images\LCCC-3560.png","31351","images/3501-3600/LCCC-3560.png","LCCC-3560.png","D:\github\ron-english-light-cult-3001-4000\images\3501-3600\LCCC-3560.png","items/lccc-3560.html","https://ronenglish-archive.github.io/ron-english-light-cult-3001-4000/items/lccc-3560.html","https://opensea.io/item/ethereum/0xbe85fbd182af91290be7293438ae67549638189f/3560","OK",""
"3561","3561","Light Cult Crypto Club #3561","RE-005371","3501-3600","","","","","","items/lccc-3561.html","https://ronenglish-archive.github.io/ron-english-light-cult-3001-4000/items/lccc-3561.html","https://opensea.io/item/ethereum/0xbe85fbd182af91290be7293438ae67549638189f/3561","MISSING SOURCE IMAGE","No source image found for token #3561"
"3562","3562","Light Cult Crypto Club #3562","RE-005372","3501-3600","D:\github\ron-english-nfts\light-cult-crypto-club\images\LCCC-3562.png","15191","images/3501-3600/LCCC-3562.png","LCCC-3562.png","D:\github\ron-english-light-cult-3001-4000\images\3501-3600\LCCC-3562.png","items/lccc-3562.html","https://ronenglish-archive.github.io/ron-english-light-cult-3001-4000/items/lccc-3562.html","https://opensea.io/item/ethereum/0xbe85fbd182af91290be7293438ae67549638189f/3562","OK",""
"3563","3563","Light Cult Crypto Club #3563","RE-005373","3501-3600","D:\github\ron-english-nfts\light-cult-crypto-club\images\LCCC-3563.png","33426","images/3501-3600/LCCC-3563.png","LCCC-3563.png","D:\github\ron-english-light-cult-3001-4000\images\3501-3600\LCCC-3563.png","items/lccc-3563.html","https://ronenglish-archive.github.io/ron-english-light-cult-3001-4000/items/lccc-3563.html","https://opensea.io/item/ethereum/0xbe85fbd182af91290be7293438ae67549638189f/3563","OK",""
"3564","3564","Light Cult Crypto Club #3564","RE-005374","3501-3600","","","","","","items/lccc-3564.html","https://ronenglish-archive.github.io/ron-english-light-cult-3001-4000/items/lccc-3564.html","https://opensea.io/item/ethereum/0xbe85fbd182af91290be7293438ae67549638189f/3564","MISSING SOURCE IMAGE","No source image found for token #3564"
"3565","3565","Light Cult Crypto Club #3565","RE-005375","3501-3600","D:\github\ron-english-nfts\light-cult-crypto-club\images\LCCC-3565.png","16733","images/3501-3600/LCCC-3565.png","LCCC-3565.png","D:\github\ron-english-light-cult-3001-4000\images\3501-3600\LCCC-3565.png","items/lccc-3565.html","https://ronenglish-archive.github.io/ron-english-light-cult-3001-4000/items/lccc-3565.html","https://opensea.io/item/ethereum/0xbe85fbd182af91290be7293438ae67549638189f/3565","OK",""
"3566","3566","Light Cult Crypto Club #3566","RE-005376","3501-3600","D:\github\ron-english-nfts\light-cult-crypto-club\images\LCCC-3566.png","18103","images/3501-3600/LCCC-3566.png","LCCC-3566.png","D:\github\ron-english-light-cult-3001-4000\images\3501-3600\LCCC-3566.png","items/lccc-3566.html","https://ronenglish-archive.github.io/ron-english-light-cult-3001-4000/items/lccc-3566.html","https://opensea.io/item/ethereum/0xbe85fbd182af91290be7293438ae67549638189f/3566","OK",""
"3567","3567","Light Cult Crypto Club #3567","RE-005377","3501-3600","D:\github\ron-english-nfts\light-cult-crypto-club\images\LCCC-3567.png","10799","images/3501-3600/LCCC-3567.png","LCCC-3567.png","D:\github\ron-english-light-cult-3001-4000\images\3501-3600\LCCC-3567.png","items/lccc-3567.html","https://ronenglish-archive.github.io/ron-english-light-cult-3001-4000/items/lccc-3567.html","https://opensea.io/item/ethereum/0xbe85fbd182af91290be7293438ae67549638189f/3567","OK",""
"3568","3568","Light Cult Crypto Club #3568","RE-005378","3501-3600","D:\github\ron-english-nfts\light-cult-crypto-club\images\LCCC-3568.png","40462","images/3501-3600/LCCC-3568.png","LCCC-3568.png","D:\github\ron-english-light-cult-3001-4000\images\3501-3600\LCCC-3568.png","items/lccc-3568.html","https://ronenglish-archive.github.io/ron-english-light-cult-3001-4000/items/lccc-3568.html","https://opensea.io/item/ethereum/0xbe85fbd182af91290be7293438ae67549638189f/3568","OK",""
"3569","3569","Light Cult Crypto Club #3569","RE-005379","3501-3600","D:\github\ron-english-nfts\light-cult-crypto-club\images\LCCC-3569.png","19195","images/3501-3600/LCCC-3569.png","LCCC-3569.png","D:\github\ron-english-light-cult-3001-4000\images\3501-3600\LCCC-3569.png","items/lccc-3569.html","https://ronenglish-archive.github.io/ron-english-light-cult-3001-4000/items/lccc-3569.html","https://opensea.io/item/ethereum/0xbe85fbd182af91290be7293438ae67549638189f/3569","OK",""
"3570","3570","Light Cult Crypto Club #3570","RE-005380","3501-3600","D:\github\ron-english-nfts\light-cult-crypto-club\images\LCCC-3570.png","5708","images/3501-3600/LCCC-3570.png","LCCC-3570.png","D:\github\ron-english-light-cult-3001-4000\images\3501-3600\LCCC-3570.png","items/lccc-3570.html","https://ronenglish-archive.github.io/ron-english-light-cult-3001-4000/items/lccc-3570.html","https://opensea.io/item/ethereum/0xbe85fbd182af91290be7293438ae67549638189f/3570","OK",""
"3571","3571","Light Cult Crypto Club #3571","RE-005381","3501-3600","D:\github\ron-english-nfts\light-cult-crypto-club\images\LCCC-3571.png","17513","images/3501-3600/LCCC-3571.png","LCCC-3571.png","D:\github\ron-english-light-cult-3001-4000\images\3501-3600\LCCC-3571.png","items/lccc-3571.html","https://ronenglish-archive.github.io/ron-english-light-cult-3001-4000/items/lccc-3571.html","https://opensea.io/item/ethereum/0xbe85fbd182af91290be7293438ae67549638189f/3571","OK",""
"3572","3572","Light Cult Crypto Club #3572","RE-005382","3501-3600","D:\github\ron-english-nfts\light-cult-crypto-club\images\LCCC-3572.png","34724","images/3501-3600/LCCC-3572.png","LCCC-3572.png","D:\github\ron-english-light-cult-3001-4000\images\3501-3600\LCCC-3572.png","items/lccc-3572.html","https://ronenglish-archive.github.io/ron-english-light-cult-3001-4000/items/lccc-3572.html","https://opensea.io/item/ethereum/0xbe85fbd182af91290be7293438ae67549638189f/3572","OK",""
"3573","3573","Light Cult Crypto Club #3573","RE-005383","3501-3600","D:\github\ron-english-nfts\light-cult-crypto-club\images\LCCC-3573.png","9163","images/3501-3600/LCCC-3573.png","LCCC-3573.png","D:\github\ron-english-light-cult-3001-4000\images\3501-3600\LCCC-3573.png","items/lccc-3573.html","https://ronenglish-archive.github.io/ron-english-light-cult-3001-4000/items/lccc-3573.html","https://opensea.io/item/ethereum/0xbe85fbd182af91290be7293438ae67549638189f/3573","OK",""
"3574","3574","Light Cult Crypto Club #3574","RE-005384","3501-3600","D:\github\ron-english-nfts\light-cult-crypto-club\images\LCCC-3574.png","13661","images/3501-3600/LCCC-3574.png","LCCC-3574.png","D:\github\ron-english-light-cult-3001-4000\images\3501-3600\LCCC-3574.png","items/lccc-3574.html","https://ronenglish-archive.github.io/ron-english-light-cult-3001-4000/items/lccc-3574.html","https://opensea.io/item/ethereum/0xbe85fbd182af91290be7293438ae67549638189f/3574","OK",""
"3575","3575","Light Cult Crypto Club #3575","RE-005385","3501-3600","D:\github\ron-english-nfts\light-cult-crypto-club\images\LCCC-3575.png","16595","images/3501-3600/LCCC-3575.png","LCCC-3575.png","D:\github\ron-english-light-cult-3001-4000\images\3501-3600\LCCC-3575.png","items/lccc-3575.html","https://ronenglish-archive.github.io/ron-english-light-cult-3001-4000/items/lccc-3575.html","https://opensea.io/item/ethereum/0xbe85fbd182af91290be7293438ae67549638189f/3575","OK",""
"3576","3576","Light Cult Crypto Club #3576","RE-005386","3501-3600","D:\github\ron-english-nfts\light-cult-crypto-club\images\LCCC-3576.png","26258","images/3501-3600/LCCC-3576.png","LCCC-3576.png","D:\github\ron-english-light-cult-3001-4000\images\3501-3600\LCCC-3576.png","items/lccc-3576.html","https://ronenglish-archive.github.io/ron-english-light-cult-3001-4000/items/lccc-3576.html","https://opensea.io/item/ethereum/0xbe85fbd182af91290be7293438ae67549638189f/3576","OK",""
"3577","3577","Light Cult Crypto Club #3577","RE-005387","3501-3600","D:\github\ron-english-nfts\light-cult-crypto-club\images\LCCC-3577.png","22332","images/3501-3600/LCCC-3577.png","LCCC-3577.png","D:\github\ron-english-light-cult-3001-4000\images\3501-3600\LCCC-3577.png","items/lccc-3577.html","https://ronenglish-archive.github.io/ron-english-light-cult-3001-4000/items/lccc-3577.html","https://opensea.io/item/ethereum/0xbe85fbd182af91290be7293438ae67549638189f/3577","OK",""
"3578","3578","Light Cult Crypto Club #3578","RE-005388","3501-3600","D:\github\ron-english-nfts\light-cult-crypto-club\images\LCCC-3578.png","18506","images/3501-3600/LCCC-3578.png","LCCC-3578.png","D:\github\ron-english-light-cult-3001-4000\images\3501-3600\LCCC-3578.png","items/lccc-3578.html","https://ronenglish-archive.github.io/ron-english-light-cult-3001-4000/items/lccc-3578.html","https://opensea.io/item/ethereum/0xbe85fbd182af91290be7293438ae67549638189f/3578","OK",""
"3579","3579","Light Cult Crypto Club #3579","RE-005389","3501-3600","D:\github\ron-english-nfts\light-cult-crypto-club\images\LCCC-3579.png","18980","images/3501-3600/LCCC-3579.png","LCCC-3579.png","D:\github\ron-english-light-cult-3001-4000\images\3501-3600\LCCC-3579.png","items/lccc-3579.html","https://ronenglish-archive.github.io/ron-english-light-cult-3001-4000/items/lccc-3579.html","https://opensea.io/item/ethereum/0xbe85fbd182af91290be7293438ae67549638189f/3579","OK",""
"3580","3580","Light Cult Crypto Club #3580","RE-005390","3501-3600","D:\github\ron-english-nfts\light-cult-crypto-club\images\LCCC-3580.png","16298","images/3501-3600/LCCC-3580.png","LCCC-3580.png","D:\github\ron-english-light-cult-3001-4000\images\3501-3600\LCCC-3580.png","items/lccc-3580.html","https://ronenglish-archive.github.io/ron-english-light-cult-3001-4000/items/lccc-3580.html","https://opensea.io/item/ethereum/0xbe85fbd182af91290be7293438ae67549638189f/3580","OK",""
"3581","3581","Light Cult Crypto Club #3581","RE-005391","3501-3600","D:\github\ron-english-nfts\light-cult-crypto-club\images\LCCC-3581.png","11542","images/3501-3600/LCCC-3581.png","LCCC-3581.png","D:\github\ron-english-light-cult-3001-4000\images\3501-3600\LCCC-3581.png","items/lccc-3581.html","https://ronenglish-archive.github.io/ron-english-light-cult-3001-4000/items/lccc-3581.html","https://opensea.io/item/ethereum/0xbe85fbd182af91290be7293438ae67549638189f/3581","OK",""
"3582","3582","Light Cult Crypto Club #3582","RE-005392","3501-3600","D:\github\ron-english-nfts\light-cult-crypto-club\images\LCCC-3582.png","33183","images/3501-3600/LCCC-3582.png","LCCC-3582.png","D:\github\ron-english-light-cult-3001-4000\images\3501-3600\LCCC-3582.png","items/lccc-3582.html","https://ronenglish-archive.github.io/ron-english-light-cult-3001-4000/items/lccc-3582.html","https://opensea.io/item/ethereum/0xbe85fbd182af91290be7293438ae67549638189f/3582","OK",""
"3583","3583","Light Cult Crypto Club #3583","RE-005393","3501-3600","D:\github\ron-english-nfts\light-cult-crypto-club\images\LCCC-3583.png","14614","images/3501-3600/LCCC-3583.png","LCCC-3583.png","D:\github\ron-english-light-cult-3001-4000\images\3501-3600\LCCC-3583.png","items/lccc-3583.html","https://ronenglish-archive.github.io/ron-english-light-cult-3001-4000/items/lccc-3583.html","https://opensea.io/item/ethereum/0xbe85fbd182af91290be7293438ae67549638189f/3583","OK",""
"3584","3584","Light Cult Crypto Club #3584","RE-005394","3501-3600","D:\github\ron-english-nfts\light-cult-crypto-club\images\LCCC-3584.png","13216","images/3501-3600/LCCC-3584.png","LCCC-3584.png","D:\github\ron-english-light-cult-3001-4000\images\3501-3600\LCCC-3584.png","items/lccc-3584.html","https://ronenglish-archive.github.io/ron-english-light-cult-3001-4000/items/lccc-3584.html","https://opensea.io/item/ethereum/0xbe85fbd182af91290be7293438ae67549638189f/3584","OK",""
"3585","3585","Light Cult Crypto Club #3585","RE-005395","3501-3600","D:\github\ron-english-nfts\light-cult-crypto-club\images\LCCC-3585.png","12502","images/3501-3600/LCCC-3585.png","LCCC-3585.png","D:\github\ron-english-light-cult-3001-4000\images\3501-3600\LCCC-3585.png","items/lccc-3585.html","https://ronenglish-archive.github.io/ron-english-light-cult-3001-4000/items/lccc-3585.html","https://opensea.io/item/ethereum/0xbe85fbd182af91290be7293438ae67549638189f/3585","OK",""
"3586","3586","Light Cult Crypto Club #3586","RE-005396","3501-3600","D:\github\ron-english-nfts\light-cult-crypto-club\images\LCCC-3586.png","28835","images/3501-3600/LCCC-3586.png","LCCC-3586.png","D:\github\ron-english-light-cult-3001-4000\images\3501-3600\LCCC-3586.png","items/lccc-3586.html","https://ronenglish-archive.github.io/ron-english-light-cult-3001-4000/items/lccc-3586.html","https://opensea.io/item/ethereum/0xbe85fbd182af91290be7293438ae67549638189f/3586","OK",""
"3587","3587","Light Cult Crypto Club #3587","RE-005397","3501-3600","D:\github\ron-english-nfts\light-cult-crypto-club\images\LCCC-3587.png","18552","images/3501-3600/LCCC-3587.png","LCCC-3587.png","D:\github\ron-english-light-cult-3001-4000\images\3501-3600\LCCC-3587.png","items/lccc-3587.html","https://ronenglish-archive.github.io/ron-english-light-cult-3001-4000/items/lccc-3587.html","https://opensea.io/item/ethereum/0xbe85fbd182af91290be7293438ae67549638189f/3587","OK",""
"3588","3588","Light Cult Crypto Club #3588","RE-005398","3501-3600","D:\github\ron-english-nfts\light-cult-crypto-club\images\LCCC-3588.png","6809","images/3501-3600/LCCC-3588.png","LCCC-3588.png","D:\github\ron-english-light-cult-3001-4000\images\3501-3600\LCCC-3588.png","items/lccc-3588.html","https://ronenglish-archive.github.io/ron-english-light-cult-3001-4000/items/lccc-3588.html","https://opensea.io/item/ethereum/0xbe85fbd182af91290be7293438ae67549638189f/3588","OK",""
"3589","3589","Light Cult Crypto Club #3589","RE-005399","3501-3600","D:\github\ron-english-nfts\light-cult-crypto-club\images\LCCC-3589.png","16303","images/3501-3600/LCCC-3589.png","LCCC-3589.png","D:\github\ron-english-light-cult-3001-4000\images\3501-3600\LCCC-3589.png","items/lccc-3589.html","https://ronenglish-archive.github.io/ron-english-light-cult-3001-4000/items/lccc-3589.html","https://opensea.io/item/ethereum/0xbe85fbd182af91290be7293438ae67549638189f/3589","OK",""
"3590","3590","Light Cult Crypto Club #3590","RE-005400","3501-3600","D:\github\ron-english-nfts\light-cult-crypto-club\images\LCCC-3590.png","22197","images/3501-3600/LCCC-3590.png","LCCC-3590.png","D:\github\ron-english-light-cult-3001-4000\images\3501-3600\LCCC-3590.png","items/lccc-3590.html","https://ronenglish-archive.github.io/ron-english-light-cult-3001-4000/items/lccc-3590.html","https://opensea.io/item/ethereum/0xbe85fbd182af91290be7293438ae67549638189f/3590","OK",""
"3591","3591","Light Cult Crypto Club #3591","RE-005401","3501-3600","","","","","","items/lccc-3591.html","https://ronenglish-archive.github.io/ron-english-light-cult-3001-4000/items/lccc-3591.html","https://opensea.io/item/ethereum/0xbe85fbd182af91290be7293438ae67549638189f/3591","MISSING SOURCE IMAGE","No source image found for token #3591"
"3592","3592","Light Cult Crypto Club #3592","RE-005402","3501-3600","D:\github\ron-english-nfts\light-cult-crypto-club\images\LCCC-3592.png","15696","images/3501-3600/LCCC-3592.png","LCCC-3592.png","D:\github\ron-english-light-cult-3001-4000\images\3501-3600\LCCC-3592.png","items/lccc-3592.html","https://ronenglish-archive.github.io/ron-english-light-cult-3001-4000/items/lccc-3592.html","https://opensea.io/item/ethereum/0xbe85fbd182af91290be7293438ae67549638189f/3592","OK",""
"3593","3593","Light Cult Crypto Club #3593","RE-005403","3501-3600","D:\github\ron-english-nfts\light-cult-crypto-club\images\LCCC-3593.png","20054","images/3501-3600/LCCC-3593.png","LCCC-3593.png","D:\github\ron-english-light-cult-3001-4000\images\3501-3600\LCCC-3593.png","items/lccc-3593.html","https://ronenglish-archive.github.io/ron-english-light-cult-3001-4000/items/lccc-3593.html","https://opensea.io/item/ethereum/0xbe85fbd182af91290be7293438ae67549638189f/3593","OK",""
"3594","3594","Light Cult Crypto Club #3594","RE-005404","3501-3600","D:\github\ron-english-nfts\light-cult-crypto-club\images\LCCC-3594.png","17274","images/3501-3600/LCCC-3594.png","LCCC-3594.png","D:\github\ron-english-light-cult-3001-4000\images\3501-3600\LCCC-3594.png","items/lccc-3594.html","https://ronenglish-archive.github.io/ron-english-light-cult-3001-4000/items/lccc-3594.html","https://opensea.io/item/ethereum/0xbe85fbd182af91290be7293438ae67549638189f/3594","OK",""
"3595","3595","Light Cult Crypto Club #3595","RE-005405","3501-3600","D:\github\ron-english-nfts\light-cult-crypto-club\images\LCCC-3595.png","41267","images/3501-3600/LCCC-3595.png","LCCC-3595.png","D:\github\ron-english-light-cult-3001-4000\images\3501-3600\LCCC-3595.png","items/lccc-3595.html","https://ronenglish-archive.github.io/ron-english-light-cult-3001-4000/items/lccc-3595.html","https://opensea.io/item/ethereum/0xbe85fbd182af91290be7293438ae67549638189f/3595","OK",""
"3596","3596","Light Cult Crypto Club #3596","RE-005406","3501-3600","D:\github\ron-english-nfts\light-cult-crypto-club\images\LCCC-3596.png","30560","images/3501-3600/LCCC-3596.png","LCCC-3596.png","D:\github\ron-english-light-cult-3001-4000\images\3501-3600\LCCC-3596.png","items/lccc-3596.html","https://ronenglish-archive.github.io/ron-english-light-cult-3001-4000/items/lccc-3596.html","https://opensea.io/item/ethereum/0xbe85fbd182af91290be7293438ae67549638189f/3596","OK",""
"3597","3597","Light Cult Crypto Club #3597","RE-005407","3501-3600","D:\github\ron-english-nfts\light-cult-crypto-club\images\LCCC-3597.png","34450","images/3501-3600/LCCC-3597.png","LCCC-3597.png","D:\github\ron-english-light-cult-3001-4000\images\3501-3600\LCCC-3597.png","items/lccc-3597.html","https://ronenglish-archive.github.io/ron-english-light-cult-3001-4000/items/lccc-3597.html","https://opensea.io/item/ethereum/0xbe85fbd182af91290be7293438ae67549638189f/3597","OK",""
"3598","3598","Light Cult Crypto Club #3598","RE-005408","3501-3600","D:\github\ron-english-nfts\light-cult-crypto-club\images\LCCC-3598.png","10217","images/3501-3600/LCCC-3598.png","LCCC-3598.png","D:\github\ron-english-light-cult-3001-4000\images\3501-3600\LCCC-3598.png","items/lccc-3598.html","https://ronenglish-archive.github.io/ron-english-light-cult-3001-4000/items/lccc-3598.html","https://opensea.io/item/ethereum/0xbe85fbd182af91290be7293438ae67549638189f/3598","OK",""
"3599","3599","Light Cult Crypto Club #3599","RE-005409","3501-3600","D:\github\ron-english-nfts\light-cult-crypto-club\images\LCCC-3599.png","5454","images/3501-3600/LCCC-3599.png","LCCC-3599.png","D:\github\ron-english-light-cult-3001-4000\images\3501-3600\LCCC-3599.png","items/lccc-3599.html","https://ronenglish-archive.github.io/ron-english-light-cult-3001-4000/items/lccc-3599.html","https://opensea.io/item/ethereum/0xbe85fbd182af91290be7293438ae67549638189f/3599","OK",""
"3600","3600","Light Cult Crypto Club #3600","RE-005410","3501-3600","D:\github\ron-english-nfts\light-cult-crypto-club\images\LCCC-3600.png","32410","images/3501-3600/LCCC-3600.png","LCCC-3600.png","D:\github\ron-english-light-cult-3001-4000\images\3501-3600\LCCC-3600.png","items/lccc-3600.html","https://ronenglish-archive.github.io/ron-english-light-cult-3001-4000/items/lccc-3600.html","https://opensea.io/item/ethereum/0xbe85fbd182af91290be7293438ae67549638189f/3600","OK",""
"3601","3601","Light Cult Crypto Club #3601","RE-005411","3601-3700","D:\github\ron-english-nfts\light-cult-crypto-club\images\LCCC-3601.png","6407","images/3601-3700/LCCC-3601.png","LCCC-3601.png","D:\github\ron-english-light-cult-3001-4000\images\3601-3700\LCCC-3601.png","items/lccc-3601.html","https://ronenglish-archive.github.io/ron-english-light-cult-3001-4000/items/lccc-3601.html","https://opensea.io/item/ethereum/0xbe85fbd182af91290be7293438ae67549638189f/3601","OK",""
"3602","3602","Light Cult Crypto Club #3602","RE-005412","3601-3700","D:\github\ron-english-nfts\light-cult-crypto-club\images\LCCC-3602.png","5244","images/3601-3700/LCCC-3602.png","LCCC-3602.png","D:\github\ron-english-light-cult-3001-4000\images\3601-3700\LCCC-3602.png","items/lccc-3602.html","https://ronenglish-archive.github.io/ron-english-light-cult-3001-4000/items/lccc-3602.html","https://opensea.io/item/ethereum/0xbe85fbd182af91290be7293438ae67549638189f/3602","OK",""
"3603","3603","Light Cult Crypto Club #3603","RE-005413","3601-3700","D:\github\ron-english-nfts\light-cult-crypto-club\images\LCCC-3603.png","5622","images/3601-3700/LCCC-3603.png","LCCC-3603.png","D:\github\ron-english-light-cult-3001-4000\images\3601-3700\LCCC-3603.png","items/lccc-3603.html","https://ronenglish-archive.github.io/ron-english-light-cult-3001-4000/items/lccc-3603.html","https://opensea.io/item/ethereum/0xbe85fbd182af91290be7293438ae67549638189f/3603","OK",""
"3604","3604","Light Cult Crypto Club #3604","RE-005414","3601-3700","D:\github\ron-english-nfts\light-cult-crypto-club\images\LCCC-3604.png","9172","images/3601-3700/LCCC-3604.png","LCCC-3604.png","D:\github\ron-english-light-cult-3001-4000\images\3601-3700\LCCC-3604.png","items/lccc-3604.html","https://ronenglish-archive.github.io/ron-english-light-cult-3001-4000/items/lccc-3604.html","https://opensea.io/item/ethereum/0xbe85fbd182af91290be7293438ae67549638189f/3604","OK",""
"3605","3605","Light Cult Crypto Club #3605","RE-005415","3601-3700","D:\github\ron-english-nfts\light-cult-crypto-club\images\LCCC-3605.png","13800","images/3601-3700/LCCC-3605.png","LCCC-3605.png","D:\github\ron-english-light-cult-3001-4000\images\3601-3700\LCCC-3605.png","items/lccc-3605.html","https://ronenglish-archive.github.io/ron-english-light-cult-3001-4000/items/lccc-3605.html","https://opensea.io/item/ethereum/0xbe85fbd182af91290be7293438ae67549638189f/3605","OK",""
"3606","3606","Light Cult Crypto Club #3606","RE-005416","3601-3700","D:\github\ron-english-nfts\light-cult-crypto-club\images\LCCC-3606.png","8866","images/3601-3700/LCCC-3606.png","LCCC-3606.png","D:\github\ron-english-light-cult-3001-4000\images\3601-3700\LCCC-3606.png","items/lccc-3606.html","https://ronenglish-archive.github.io/ron-english-light-cult-3001-4000/items/lccc-3606.html","https://opensea.io/item/ethereum/0xbe85fbd182af91290be7293438ae67549638189f/3606","OK",""
"3607","3607","Light Cult Crypto Club #3607","RE-005417","3601-3700","D:\github\ron-english-nfts\light-cult-crypto-club\images\LCCC-3607.png","7658","images/3601-3700/LCCC-3607.png","LCCC-3607.png","D:\github\ron-english-light-cult-3001-4000\images\3601-3700\LCCC-3607.png","items/lccc-3607.html","https://ronenglish-archive.github.io/ron-english-light-cult-3001-4000/items/lccc-3607.html","https://opensea.io/item/ethereum/0xbe85fbd182af91290be7293438ae67549638189f/3607","OK",""
"3608","3608","Light Cult Crypto Club #3608","RE-005418","3601-3700","D:\github\ron-english-nfts\light-cult-crypto-club\images\LCCC-3608.png","34692","images/3601-3700/LCCC-3608.png","LCCC-3608.png","D:\github\ron-english-light-cult-3001-4000\images\3601-3700\LCCC-3608.png","items/lccc-3608.html","https://ronenglish-archive.github.io/ron-english-light-cult-3001-4000/items/lccc-3608.html","https://opensea.io/item/ethereum/0xbe85fbd182af91290be7293438ae67549638189f/3608","OK",""
"3609","3609","Light Cult Crypto Club #3609","RE-005419","3601-3700","D:\github\ron-english-nfts\light-cult-crypto-club\images\LCCC-3609.png","21007","images/3601-3700/LCCC-3609.png","LCCC-3609.png","D:\github\ron-english-light-cult-3001-4000\images\3601-3700\LCCC-3609.png","items/lccc-3609.html","https://ronenglish-archive.github.io/ron-english-light-cult-3001-4000/items/lccc-3609.html","https://opensea.io/item/ethereum/0xbe85fbd182af91290be7293438ae67549638189f/3609","OK",""
"3610","3610","Light Cult Crypto Club #3610","RE-005420","3601-3700","D:\github\ron-english-nfts\light-cult-crypto-club\images\LCCC-3610.png","4929","images/3601-3700/LCCC-3610.png","LCCC-3610.png","D:\github\ron-english-light-cult-3001-4000\images\3601-3700\LCCC-3610.png","items/lccc-3610.html","https://ronenglish-archive.github.io/ron-english-light-cult-3001-4000/items/lccc-3610.html","https://opensea.io/item/ethereum/0xbe85fbd182af91290be7293438ae67549638189f/3610","OK",""
"3611","3611","Light Cult Crypto Club #3611","RE-005421","3601-3700","D:\github\ron-english-nfts\light-cult-crypto-club\images\LCCC-3611.png","38189","images/3601-3700/LCCC-3611.png","LCCC-3611.png","D:\github\ron-english-light-cult-3001-4000\images\3601-3700\LCCC-3611.png","items/lccc-3611.html","https://ronenglish-archive.github.io/ron-english-light-cult-3001-4000/items/lccc-3611.html","https://opensea.io/item/ethereum/0xbe85fbd182af91290be7293438ae67549638189f/3611","OK",""
"3612","3612","Light Cult Crypto Club #3612","RE-005422","3601-3700","D:\github\ron-english-nfts\light-cult-crypto-club\images\LCCC-3612.png","26755","images/3601-3700/LCCC-3612.png","LCCC-3612.png","D:\github\ron-english-light-cult-3001-4000\images\3601-3700\LCCC-3612.png","items/lccc-3612.html","https://ronenglish-archive.github.io/ron-english-light-cult-3001-4000/items/lccc-3612.html","https://opensea.io/item/ethereum/0xbe85fbd182af91290be7293438ae67549638189f/3612","OK",""
"3613","3613","Light Cult Crypto Club #3613","RE-005423","3601-3700","D:\github\ron-english-nfts\light-cult-crypto-club\images\LCCC-3613.png","5349","images/3601-3700/LCCC-3613.png","LCCC-3613.png","D:\github\ron-english-light-cult-3001-4000\images\3601-3700\LCCC-3613.png","items/lccc-3613.html","https://ronenglish-archive.github.io/ron-english-light-cult-3001-4000/items/lccc-3613.html","https://opensea.io/item/ethereum/0xbe85fbd182af91290be7293438ae67549638189f/3613","OK",""
"3614","3614","Light Cult Crypto Club #3614","RE-005424","3601-3700","D:\github\ron-english-nfts\light-cult-crypto-club\images\LCCC-3614.png","9427","images/3601-3700/LCCC-3614.png","LCCC-3614.png","D:\github\ron-english-light-cult-3001-4000\images\3601-3700\LCCC-3614.png","items/lccc-3614.html","https://ronenglish-archive.github.io/ron-english-light-cult-3001-4000/items/lccc-3614.html","https://opensea.io/item/ethereum/0xbe85fbd182af91290be7293438ae67549638189f/3614","OK",""
"3615","3615","Light Cult Crypto Club #3615","RE-005425","3601-3700","D:\github\ron-english-nfts\light-cult-crypto-club\images\LCCC-3615.png","22700","images/3601-3700/LCCC-3615.png","LCCC-3615.png","D:\github\ron-english-light-cult-3001-4000\images\3601-3700\LCCC-3615.png","items/lccc-3615.html","https://ronenglish-archive.github.io/ron-english-light-cult-3001-4000/items/lccc-3615.html","https://opensea.io/item/ethereum/0xbe85fbd182af91290be7293438ae67549638189f/3615","OK",""
"3616","3616","Light Cult Crypto Club #3616","RE-005426","3601-3700","D:\github\ron-english-nfts\light-cult-crypto-club\images\LCCC-3616.png","15894","images/3601-3700/LCCC-3616.png","LCCC-3616.png","D:\github\ron-english-light-cult-3001-4000\images\3601-3700\LCCC-3616.png","items/lccc-3616.html","https://ronenglish-archive.github.io/ron-english-light-cult-3001-4000/items/lccc-3616.html","https://opensea.io/item/ethereum/0xbe85fbd182af91290be7293438ae67549638189f/3616","OK",""
"3617","3617","Light Cult Crypto Club #3617","RE-005427","3601-3700","D:\github\ron-english-nfts\light-cult-crypto-club\images\LCCC-3617.png","34890","images/3601-3700/LCCC-3617.png","LCCC-3617.png","D:\github\ron-english-light-cult-3001-4000\images\3601-3700\LCCC-3617.png","items/lccc-3617.html","https://ronenglish-archive.github.io/ron-english-light-cult-3001-4000/items/lccc-3617.html","https://opensea.io/item/ethereum/0xbe85fbd182af91290be7293438ae67549638189f/3617","OK",""
"3618","3618","Light Cult Crypto Club #3618","RE-005428","3601-3700","D:\github\ron-english-nfts\light-cult-crypto-club\images\LCCC-3618.png","13656","images/3601-3700/LCCC-3618.png","LCCC-3618.png","D:\github\ron-english-light-cult-3001-4000\images\3601-3700\LCCC-3618.png","items/lccc-3618.html","https://ronenglish-archive.github.io/ron-english-light-cult-3001-4000/items/lccc-3618.html","https://opensea.io/item/ethereum/0xbe85fbd182af91290be7293438ae67549638189f/3618","OK",""
"3619","3619","Light Cult Crypto Club #3619","RE-005429","3601-3700","D:\github\ron-english-nfts\light-cult-crypto-club\images\LCCC-3619.png","14332","images/3601-3700/LCCC-3619.png","LCCC-3619.png","D:\github\ron-english-light-cult-3001-4000\images\3601-3700\LCCC-3619.png","items/lccc-3619.html","https://ronenglish-archive.github.io/ron-english-light-cult-3001-4000/items/lccc-3619.html","https://opensea.io/item/ethereum/0xbe85fbd182af91290be7293438ae67549638189f/3619","OK",""
"3620","3620","Light Cult Crypto Club #3620","RE-005430","3601-3700","D:\github\ron-english-nfts\light-cult-crypto-club\images\LCCC-3620.png","26913","images/3601-3700/LCCC-3620.png","LCCC-3620.png","D:\github\ron-english-light-cult-3001-4000\images\3601-3700\LCCC-3620.png","items/lccc-3620.html","https://ronenglish-archive.github.io/ron-english-light-cult-3001-4000/items/lccc-3620.html","https://opensea.io/item/ethereum/0xbe85fbd182af91290be7293438ae67549638189f/3620","OK",""
"3621","3621","Light Cult Crypto Club #3621","RE-005431","3601-3700","D:\github\ron-english-nfts\light-cult-crypto-club\images\LCCC-3621.png","26191","images/3601-3700/LCCC-3621.png","LCCC-3621.png","D:\github\ron-english-light-cult-3001-4000\images\3601-3700\LCCC-3621.png","items/lccc-3621.html","https://ronenglish-archive.github.io/ron-english-light-cult-3001-4000/items/lccc-3621.html","https://opensea.io/item/ethereum/0xbe85fbd182af91290be7293438ae67549638189f/3621","OK",""
"3622","3622","Light Cult Crypto Club #3622","RE-005432","3601-3700","D:\github\ron-english-nfts\light-cult-crypto-club\images\LCCC-3622.png","16295","images/3601-3700/LCCC-3622.png","LCCC-3622.png","D:\github\ron-english-light-cult-3001-4000\images\3601-3700\LCCC-3622.png","items/lccc-3622.html","https://ronenglish-archive.github.io/ron-english-light-cult-3001-4000/items/lccc-3622.html","https://opensea.io/item/ethereum/0xbe85fbd182af91290be7293438ae67549638189f/3622","OK",""
"3623","3623","Light Cult Crypto Club #3623","RE-005433","3601-3700","D:\github\ron-english-nfts\light-cult-crypto-club\images\LCCC-3623.png","25290","images/3601-3700/LCCC-3623.png","LCCC-3623.png","D:\github\ron-english-light-cult-3001-4000\images\3601-3700\LCCC-3623.png","items/lccc-3623.html","https://ronenglish-archive.github.io/ron-english-light-cult-3001-4000/items/lccc-3623.html","https://opensea.io/item/ethereum/0xbe85fbd182af91290be7293438ae67549638189f/3623","OK",""
"3624","3624","Light Cult Crypto Club #3624","RE-005434","3601-3700","D:\github\ron-english-nfts\light-cult-crypto-club\images\LCCC-3624.png","36829","images/3601-3700/LCCC-3624.png","LCCC-3624.png","D:\github\ron-english-light-cult-3001-4000\images\3601-3700\LCCC-3624.png","items/lccc-3624.html","https://ronenglish-archive.github.io/ron-english-light-cult-3001-4000/items/lccc-3624.html","https://opensea.io/item/ethereum/0xbe85fbd182af91290be7293438ae67549638189f/3624","OK",""
"3625","3625","Light Cult Crypto Club #3625","RE-005435","3601-3700","D:\github\ron-english-nfts\light-cult-crypto-club\images\LCCC-3625.png","20618","images/3601-3700/LCCC-3625.png","LCCC-3625.png","D:\github\ron-english-light-cult-3001-4000\images\3601-3700\LCCC-3625.png","items/lccc-3625.html","https://ronenglish-archive.github.io/ron-english-light-cult-3001-4000/items/lccc-3625.html","https://opensea.io/item/ethereum/0xbe85fbd182af91290be7293438ae67549638189f/3625","OK",""
"3626","3626","Light Cult Crypto Club #3626","RE-005436","3601-3700","D:\github\ron-english-nfts\light-cult-crypto-club\images\LCCC-3626.png","30628","images/3601-3700/LCCC-3626.png","LCCC-3626.png","D:\github\ron-english-light-cult-3001-4000\images\3601-3700\LCCC-3626.png","items/lccc-3626.html","https://ronenglish-archive.github.io/ron-english-light-cult-3001-4000/items/lccc-3626.html","https://opensea.io/item/ethereum/0xbe85fbd182af91290be7293438ae67549638189f/3626","OK",""
"3627","3627","Light Cult Crypto Club #3627","RE-005437","3601-3700","D:\github\ron-english-nfts\light-cult-crypto-club\images\LCCC-3627.png","29379","images/3601-3700/LCCC-3627.png","LCCC-3627.png","D:\github\ron-english-light-cult-3001-4000\images\3601-3700\LCCC-3627.png","items/lccc-3627.html","https://ronenglish-archive.github.io/ron-english-light-cult-3001-4000/items/lccc-3627.html","https://opensea.io/item/ethereum/0xbe85fbd182af91290be7293438ae67549638189f/3627","OK",""
"3628","3628","Light Cult Crypto Club #3628","RE-005438","3601-3700","D:\github\ron-english-nfts\light-cult-crypto-club\images\LCCC-3628.png","18087","images/3601-3700/LCCC-3628.png","LCCC-3628.png","D:\github\ron-english-light-cult-3001-4000\images\3601-3700\LCCC-3628.png","items/lccc-3628.html","https://ronenglish-archive.github.io/ron-english-light-cult-3001-4000/items/lccc-3628.html","https://opensea.io/item/ethereum/0xbe85fbd182af91290be7293438ae67549638189f/3628","OK",""
"3629","3629","Light Cult Crypto Club #3629","RE-005439","3601-3700","D:\github\ron-english-nfts\light-cult-crypto-club\images\LCCC-3629.png","29297","images/3601-3700/LCCC-3629.png","LCCC-3629.png","D:\github\ron-english-light-cult-3001-4000\images\3601-3700\LCCC-3629.png","items/lccc-3629.html","https://ronenglish-archive.github.io/ron-english-light-cult-3001-4000/items/lccc-3629.html","https://opensea.io/item/ethereum/0xbe85fbd182af91290be7293438ae67549638189f/3629","OK",""
"3630","3630","Light Cult Crypto Club #3630","RE-005440","3601-3700","D:\github\ron-english-nfts\light-cult-crypto-club\images\LCCC-3630.png","29189","images/3601-3700/LCCC-3630.png","LCCC-3630.png","D:\github\ron-english-light-cult-3001-4000\images\3601-3700\LCCC-3630.png","items/lccc-3630.html","https://ronenglish-archive.github.io/ron-english-light-cult-3001-4000/items/lccc-3630.html","https://opensea.io/item/ethereum/0xbe85fbd182af91290be7293438ae67549638189f/3630","OK",""
"3631","3631","Light Cult Crypto Club #3631","RE-005441","3601-3700","D:\github\ron-english-nfts\light-cult-crypto-club\images\LCCC-3631.png","16626","images/3601-3700/LCCC-3631.png","LCCC-3631.png","D:\github\ron-english-light-cult-3001-4000\images\3601-3700\LCCC-3631.png","items/lccc-3631.html","https://ronenglish-archive.github.io/ron-english-light-cult-3001-4000/items/lccc-3631.html","https://opensea.io/item/ethereum/0xbe85fbd182af91290be7293438ae67549638189f/3631","OK",""
"3632","3632","Light Cult Crypto Club #3632","RE-005442","3601-3700","D:\github\ron-english-nfts\light-cult-crypto-club\images\LCCC-3632.png","16191","images/3601-3700/LCCC-3632.png","LCCC-3632.png","D:\github\ron-english-light-cult-3001-4000\images\3601-3700\LCCC-3632.png","items/lccc-3632.html","https://ronenglish-archive.github.io/ron-english-light-cult-3001-4000/items/lccc-3632.html","https://opensea.io/item/ethereum/0xbe85fbd182af91290be7293438ae67549638189f/3632","OK",""
"3633","3633","Light Cult Crypto Club #3633","RE-005443","3601-3700","D:\github\ron-english-nfts\light-cult-crypto-club\images\LCCC-3633.png","8210","images/3601-3700/LCCC-3633.png","LCCC-3633.png","D:\github\ron-english-light-cult-3001-4000\images\3601-3700\LCCC-3633.png","items/lccc-3633.html","https://ronenglish-archive.github.io/ron-english-light-cult-3001-4000/items/lccc-3633.html","https://opensea.io/item/ethereum/0xbe85fbd182af91290be7293438ae67549638189f/3633","OK",""
"3634","3634","Light Cult Crypto Club #3634","RE-005444","3601-3700","","","","","","items/lccc-3634.html","https://ronenglish-archive.github.io/ron-english-light-cult-3001-4000/items/lccc-3634.html","https://opensea.io/item/ethereum/0xbe85fbd182af91290be7293438ae67549638189f/3634","MISSING SOURCE IMAGE","No source image found for token #3634"
"3635","3635","Light Cult Crypto Club #3635","RE-005445","3601-3700","D:\github\ron-english-nfts\light-cult-crypto-club\images\LCCC-3635.png","21600","images/3601-3700/LCCC-3635.png","LCCC-3635.png","D:\github\ron-english-light-cult-3001-4000\images\3601-3700\LCCC-3635.png","items/lccc-3635.html","https://ronenglish-archive.github.io/ron-english-light-cult-3001-4000/items/lccc-3635.html","https://opensea.io/item/ethereum/0xbe85fbd182af91290be7293438ae67549638189f/3635","OK",""
"3636","3636","Light Cult Crypto Club #3636","RE-005446","3601-3700","D:\github\ron-english-nfts\light-cult-crypto-club\images\LCCC-3636.png","33804","images/3601-3700/LCCC-3636.png","LCCC-3636.png","D:\github\ron-english-light-cult-3001-4000\images\3601-3700\LCCC-3636.png","items/lccc-3636.html","https://ronenglish-archive.github.io/ron-english-light-cult-3001-4000/items/lccc-3636.html","https://opensea.io/item/ethereum/0xbe85fbd182af91290be7293438ae67549638189f/3636","OK",""
"3637","3637","Light Cult Crypto Club #3637","RE-005447","3601-3700","D:\github\ron-english-nfts\light-cult-crypto-club\images\LCCC-3637.png","9837","images/3601-3700/LCCC-3637.png","LCCC-3637.png","D:\github\ron-english-light-cult-3001-4000\images\3601-3700\LCCC-3637.png","items/lccc-3637.html","https://ronenglish-archive.github.io/ron-english-light-cult-3001-4000/items/lccc-3637.html","https://opensea.io/item/ethereum/0xbe85fbd182af91290be7293438ae67549638189f/3637","OK",""
"3638","3638","Light Cult Crypto Club #3638","RE-005448","3601-3700","D:\github\ron-english-nfts\light-cult-crypto-club\images\LCCC-3638.png","30804","images/3601-3700/LCCC-3638.png","LCCC-3638.png","D:\github\ron-english-light-cult-3001-4000\images\3601-3700\LCCC-3638.png","items/lccc-3638.html","https://ronenglish-archive.github.io/ron-english-light-cult-3001-4000/items/lccc-3638.html","https://opensea.io/item/ethereum/0xbe85fbd182af91290be7293438ae67549638189f/3638","OK",""
"3639","3639","Light Cult Crypto Club #3639","RE-005449","3601-3700","","","","","","items/lccc-3639.html","https://ronenglish-archive.github.io/ron-english-light-cult-3001-4000/items/lccc-3639.html","https://opensea.io/item/ethereum/0xbe85fbd182af91290be7293438ae67549638189f/3639","MISSING SOURCE IMAGE","No source image found for token #3639"
"3640","3640","Light Cult Crypto Club #3640","RE-005450","3601-3700","D:\github\ron-english-nfts\light-cult-crypto-club\images\LCCC-3640.png","11116","images/3601-3700/LCCC-3640.png","LCCC-3640.png","D:\github\ron-english-light-cult-3001-4000\images\3601-3700\LCCC-3640.png","items/lccc-3640.html","https://ronenglish-archive.github.io/ron-english-light-cult-3001-4000/items/lccc-3640.html","https://opensea.io/item/ethereum/0xbe85fbd182af91290be7293438ae67549638189f/3640","OK",""
"3641","3641","Light Cult Crypto Club #3641","RE-005451","3601-3700","D:\github\ron-english-nfts\light-cult-crypto-club\images\LCCC-3641.png","9399","images/3601-3700/LCCC-3641.png","LCCC-3641.png","D:\github\ron-english-light-cult-3001-4000\images\3601-3700\LCCC-3641.png","items/lccc-3641.html","https://ronenglish-archive.github.io/ron-english-light-cult-3001-4000/items/lccc-3641.html","https://opensea.io/item/ethereum/0xbe85fbd182af91290be7293438ae67549638189f/3641","OK",""
"3642","3642","Light Cult Crypto Club #3642","RE-005452","3601-3700","D:\github\ron-english-nfts\light-cult-crypto-club\images\LCCC-3642.png","9746","images/3601-3700/LCCC-3642.png","LCCC-3642.png","D:\github\ron-english-light-cult-3001-4000\images\3601-3700\LCCC-3642.png","items/lccc-3642.html","https://ronenglish-archive.github.io/ron-english-light-cult-3001-4000/items/lccc-3642.html","https://opensea.io/item/ethereum/0xbe85fbd182af91290be7293438ae67549638189f/3642","OK",""
"3643","3643","Light Cult Crypto Club #3643","RE-005453","3601-3700","D:\github\ron-english-nfts\light-cult-crypto-club\images\LCCC-3643.png","16230","images/3601-3700/LCCC-3643.png","LCCC-3643.png","D:\github\ron-english-light-cult-3001-4000\images\3601-3700\LCCC-3643.png","items/lccc-3643.html","https://ronenglish-archive.github.io/ron-english-light-cult-3001-4000/items/lccc-3643.html","https://opensea.io/item/ethereum/0xbe85fbd182af91290be7293438ae67549638189f/3643","OK",""
"3644","3644","Light Cult Crypto Club #3644","RE-005454","3601-3700","D:\github\ron-english-nfts\light-cult-crypto-club\images\LCCC-3644.png","4712","images/3601-3700/LCCC-3644.png","LCCC-3644.png","D:\github\ron-english-light-cult-3001-4000\images\3601-3700\LCCC-3644.png","items/lccc-3644.html","https://ronenglish-archive.github.io/ron-english-light-cult-3001-4000/items/lccc-3644.html","https://opensea.io/item/ethereum/0xbe85fbd182af91290be7293438ae67549638189f/3644","OK",""
"3645","3645","Light Cult Crypto Club #3645","RE-005455","3601-3700","D:\github\ron-english-nfts\light-cult-crypto-club\images\LCCC-3645.png","10659","images/3601-3700/LCCC-3645.png","LCCC-3645.png","D:\github\ron-english-light-cult-3001-4000\images\3601-3700\LCCC-3645.png","items/lccc-3645.html","https://ronenglish-archive.github.io/ron-english-light-cult-3001-4000/items/lccc-3645.html","https://opensea.io/item/ethereum/0xbe85fbd182af91290be7293438ae67549638189f/3645","OK",""
"3646","3646","Light Cult Crypto Club #3646","RE-005456","3601-3700","D:\github\ron-english-nfts\light-cult-crypto-club\images\LCCC-3646.png","31504","images/3601-3700/LCCC-3646.png","LCCC-3646.png","D:\github\ron-english-light-cult-3001-4000\images\3601-3700\LCCC-3646.png","items/lccc-3646.html","https://ronenglish-archive.github.io/ron-english-light-cult-3001-4000/items/lccc-3646.html","https://opensea.io/item/ethereum/0xbe85fbd182af91290be7293438ae67549638189f/3646","OK",""
"3647","3647","Light Cult Crypto Club #3647","RE-005457","3601-3700","D:\github\ron-english-nfts\light-cult-crypto-club\images\LCCC-3647.png","26089","images/3601-3700/LCCC-3647.png","LCCC-3647.png","D:\github\ron-english-light-cult-3001-4000\images\3601-3700\LCCC-3647.png","items/lccc-3647.html","https://ronenglish-archive.github.io/ron-english-light-cult-3001-4000/items/lccc-3647.html","https://opensea.io/item/ethereum/0xbe85fbd182af91290be7293438ae67549638189f/3647","OK",""
"3648","3648","Light Cult Crypto Club #3648","RE-005458","3601-3700","D:\github\ron-english-nfts\light-cult-crypto-club\images\LCCC-3648.png","4351","images/3601-3700/LCCC-3648.png","LCCC-3648.png","D:\github\ron-english-light-cult-3001-4000\images\3601-3700\LCCC-3648.png","items/lccc-3648.html","https://ronenglish-archive.github.io/ron-english-light-cult-3001-4000/items/lccc-3648.html","https://opensea.io/item/ethereum/0xbe85fbd182af91290be7293438ae67549638189f/3648","OK",""
"3649","3649","Light Cult Crypto Club #3649","RE-005459","3601-3700","","","","","","items/lccc-3649.html","https://ronenglish-archive.github.io/ron-english-light-cult-3001-4000/items/lccc-3649.html","https://opensea.io/item/ethereum/0xbe85fbd182af91290be7293438ae67549638189f/3649","MISSING SOURCE IMAGE","No source image found for token #3649"
"3650","3650","Light Cult Crypto Club #3650","RE-005460","3601-3700","D:\github\ron-english-nfts\light-cult-crypto-club\images\LCCC-3650.png","8833","images/3601-3700/LCCC-3650.png","LCCC-3650.png","D:\github\ron-english-light-cult-3001-4000\images\3601-3700\LCCC-3650.png","items/lccc-3650.html","https://ronenglish-archive.github.io/ron-english-light-cult-3001-4000/items/lccc-3650.html","https://opensea.io/item/ethereum/0xbe85fbd182af91290be7293438ae67549638189f/3650","OK",""
"3651","3651","Light Cult Crypto Club #3651","RE-005461","3601-3700","D:\github\ron-english-nfts\light-cult-crypto-club\images\LCCC-3651.png","27935","images/3601-3700/LCCC-3651.png","LCCC-3651.png","D:\github\ron-english-light-cult-3001-4000\images\3601-3700\LCCC-3651.png","items/lccc-3651.html","https://ronenglish-archive.github.io/ron-english-light-cult-3001-4000/items/lccc-3651.html","https://opensea.io/item/ethereum/0xbe85fbd182af91290be7293438ae67549638189f/3651","OK",""
"3652","3652","Light Cult Crypto Club #3652","RE-005462","3601-3700","D:\github\ron-english-nfts\light-cult-crypto-club\images\LCCC-3652.png","25691","images/3601-3700/LCCC-3652.png","LCCC-3652.png","D:\github\ron-english-light-cult-3001-4000\images\3601-3700\LCCC-3652.png","items/lccc-3652.html","https://ronenglish-archive.github.io/ron-english-light-cult-3001-4000/items/lccc-3652.html","https://opensea.io/item/ethereum/0xbe85fbd182af91290be7293438ae67549638189f/3652","OK",""
"3653","3653","Light Cult Crypto Club #3653","RE-005463","3601-3700","D:\github\ron-english-nfts\light-cult-crypto-club\images\LCCC-3653.png","21243","images/3601-3700/LCCC-3653.png","LCCC-3653.png","D:\github\ron-english-light-cult-3001-4000\images\3601-3700\LCCC-3653.png","items/lccc-3653.html","https://ronenglish-archive.github.io/ron-english-light-cult-3001-4000/items/lccc-3653.html","https://opensea.io/item/ethereum/0xbe85fbd182af91290be7293438ae67549638189f/3653","OK",""
"3654","3654","Light Cult Crypto Club #3654","RE-005464","3601-3700","D:\github\ron-english-nfts\light-cult-crypto-club\images\LCCC-3654.png","13486","images/3601-3700/LCCC-3654.png","LCCC-3654.png","D:\github\ron-english-light-cult-3001-4000\images\3601-3700\LCCC-3654.png","items/lccc-3654.html","https://ronenglish-archive.github.io/ron-english-light-cult-3001-4000/items/lccc-3654.html","https://opensea.io/item/ethereum/0xbe85fbd182af91290be7293438ae67549638189f/3654","OK",""
"3655","3655","Light Cult Crypto Club #3655","RE-005465","3601-3700","D:\github\ron-english-nfts\light-cult-crypto-club\images\LCCC-3655.png","10899","images/3601-3700/LCCC-3655.png","LCCC-3655.png","D:\github\ron-english-light-cult-3001-4000\images\3601-3700\LCCC-3655.png","items/lccc-3655.html","https://ronenglish-archive.github.io/ron-english-light-cult-3001-4000/items/lccc-3655.html","https://opensea.io/item/ethereum/0xbe85fbd182af91290be7293438ae67549638189f/3655","OK",""
"3656","3656","Light Cult Crypto Club #3656","RE-005466","3601-3700","D:\github\ron-english-nfts\light-cult-crypto-club\images\LCCC-3656.png","31919","images/3601-3700/LCCC-3656.png","LCCC-3656.png","D:\github\ron-english-light-cult-3001-4000\images\3601-3700\LCCC-3656.png","items/lccc-3656.html","https://ronenglish-archive.github.io/ron-english-light-cult-3001-4000/items/lccc-3656.html","https://opensea.io/item/ethereum/0xbe85fbd182af91290be7293438ae67549638189f/3656","OK",""
"3657","3657","Light Cult Crypto Club #3657","RE-005467","3601-3700","D:\github\ron-english-nfts\light-cult-crypto-club\images\LCCC-3657.png","6068","images/3601-3700/LCCC-3657.png","LCCC-3657.png","D:\github\ron-english-light-cult-3001-4000\images\3601-3700\LCCC-3657.png","items/lccc-3657.html","https://ronenglish-archive.github.io/ron-english-light-cult-3001-4000/items/lccc-3657.html","https://opensea.io/item/ethereum/0xbe85fbd182af91290be7293438ae67549638189f/3657","OK",""
"3658","3658","Light Cult Crypto Club #3658","RE-005468","3601-3700","D:\github\ron-english-nfts\light-cult-crypto-club\images\LCCC-3658.png","6296","images/3601-3700/LCCC-3658.png","LCCC-3658.png","D:\github\ron-english-light-cult-3001-4000\images\3601-3700\LCCC-3658.png","items/lccc-3658.html","https://ronenglish-archive.github.io/ron-english-light-cult-3001-4000/items/lccc-3658.html","https://opensea.io/item/ethereum/0xbe85fbd182af91290be7293438ae67549638189f/3658","OK",""
"3659","3659","Light Cult Crypto Club #3659","RE-005469","3601-3700","D:\github\ron-english-nfts\light-cult-crypto-club\images\LCCC-3659.png","15071","images/3601-3700/LCCC-3659.png","LCCC-3659.png","D:\github\ron-english-light-cult-3001-4000\images\3601-3700\LCCC-3659.png","items/lccc-3659.html","https://ronenglish-archive.github.io/ron-english-light-cult-3001-4000/items/lccc-3659.html","https://opensea.io/item/ethereum/0xbe85fbd182af91290be7293438ae67549638189f/3659","OK",""
"3660","3660","Light Cult Crypto Club #3660","RE-005470","3601-3700","D:\github\ron-english-nfts\light-cult-crypto-club\images\LCCC-3660.png","13920","images/3601-3700/LCCC-3660.png","LCCC-3660.png","D:\github\ron-english-light-cult-3001-4000\images\3601-3700\LCCC-3660.png","items/lccc-3660.html","https://ronenglish-archive.github.io/ron-english-light-cult-3001-4000/items/lccc-3660.html","https://opensea.io/item/ethereum/0xbe85fbd182af91290be7293438ae67549638189f/3660","OK",""
"3661","3661","Light Cult Crypto Club #3661","RE-005471","3601-3700","D:\github\ron-english-nfts\light-cult-crypto-club\images\LCCC-3661.png","26888","images/3601-3700/LCCC-3661.png","LCCC-3661.png","D:\github\ron-english-light-cult-3001-4000\images\3601-3700\LCCC-3661.png","items/lccc-3661.html","https://ronenglish-archive.github.io/ron-english-light-cult-3001-4000/items/lccc-3661.html","https://opensea.io/item/ethereum/0xbe85fbd182af91290be7293438ae67549638189f/3661","OK",""
"3662","3662","Light Cult Crypto Club #3662","RE-005472","3601-3700","D:\github\ron-english-nfts\light-cult-crypto-club\images\LCCC-3662.png","8166","images/3601-3700/LCCC-3662.png","LCCC-3662.png","D:\github\ron-english-light-cult-3001-4000\images\3601-3700\LCCC-3662.png","items/lccc-3662.html","https://ronenglish-archive.github.io/ron-english-light-cult-3001-4000/items/lccc-3662.html","https://opensea.io/item/ethereum/0xbe85fbd182af91290be7293438ae67549638189f/3662","OK",""
"3663","3663","Light Cult Crypto Club #3663","RE-005473","3601-3700","D:\github\ron-english-nfts\light-cult-crypto-club\images\LCCC-3663.png","10539","images/3601-3700/LCCC-3663.png","LCCC-3663.png","D:\github\ron-english-light-cult-3001-4000\images\3601-3700\LCCC-3663.png","items/lccc-3663.html","https://ronenglish-archive.github.io/ron-english-light-cult-3001-4000/items/lccc-3663.html","https://opensea.io/item/ethereum/0xbe85fbd182af91290be7293438ae67549638189f/3663","OK",""
"3664","3664","Light Cult Crypto Club #3664","RE-005474","3601-3700","D:\github\ron-english-nfts\light-cult-crypto-club\images\LCCC-3664.png","4852","images/3601-3700/LCCC-3664.png","LCCC-3664.png","D:\github\ron-english-light-cult-3001-4000\images\3601-3700\LCCC-3664.png","items/lccc-3664.html","https://ronenglish-archive.github.io/ron-english-light-cult-3001-4000/items/lccc-3664.html","https://opensea.io/item/ethereum/0xbe85fbd182af91290be7293438ae67549638189f/3664","OK",""
"3665","3665","Light Cult Crypto Club #3665","RE-005475","3601-3700","D:\github\ron-english-nfts\light-cult-crypto-club\images\LCCC-3665.png","12974","images/3601-3700/LCCC-3665.png","LCCC-3665.png","D:\github\ron-english-light-cult-3001-4000\images\3601-3700\LCCC-3665.png","items/lccc-3665.html","https://ronenglish-archive.github.io/ron-english-light-cult-3001-4000/items/lccc-3665.html","https://opensea.io/item/ethereum/0xbe85fbd182af91290be7293438ae67549638189f/3665","OK",""
"3666","3666","Light Cult Crypto Club #3666","RE-005476","3601-3700","D:\github\ron-english-nfts\light-cult-crypto-club\images\LCCC-3666.png","7647","images/3601-3700/LCCC-3666.png","LCCC-3666.png","D:\github\ron-english-light-cult-3001-4000\images\3601-3700\LCCC-3666.png","items/lccc-3666.html","https://ronenglish-archive.github.io/ron-english-light-cult-3001-4000/items/lccc-3666.html","https://opensea.io/item/ethereum/0xbe85fbd182af91290be7293438ae67549638189f/3666","OK",""
"3667","3667","Light Cult Crypto Club #3667","RE-005477","3601-3700","D:\github\ron-english-nfts\light-cult-crypto-club\images\LCCC-3667.png","4933","images/3601-3700/LCCC-3667.png","LCCC-3667.png","D:\github\ron-english-light-cult-3001-4000\images\3601-3700\LCCC-3667.png","items/lccc-3667.html","https://ronenglish-archive.github.io/ron-english-light-cult-3001-4000/items/lccc-3667.html","https://opensea.io/item/ethereum/0xbe85fbd182af91290be7293438ae67549638189f/3667","OK",""
"3668","3668","Light Cult Crypto Club #3668","RE-005478","3601-3700","D:\github\ron-english-nfts\light-cult-crypto-club\images\LCCC-3668.png","29131","images/3601-3700/LCCC-3668.png","LCCC-3668.png","D:\github\ron-english-light-cult-3001-4000\images\3601-3700\LCCC-3668.png","items/lccc-3668.html","https://ronenglish-archive.github.io/ron-english-light-cult-3001-4000/items/lccc-3668.html","https://opensea.io/item/ethereum/0xbe85fbd182af91290be7293438ae67549638189f/3668","OK",""
"3669","3669","Light Cult Crypto Club #3669","RE-005479","3601-3700","D:\github\ron-english-nfts\light-cult-crypto-club\images\LCCC-3669.png","31100","images/3601-3700/LCCC-3669.png","LCCC-3669.png","D:\github\ron-english-light-cult-3001-4000\images\3601-3700\LCCC-3669.png","items/lccc-3669.html","https://ronenglish-archive.github.io/ron-english-light-cult-3001-4000/items/lccc-3669.html","https://opensea.io/item/ethereum/0xbe85fbd182af91290be7293438ae67549638189f/3669","OK",""
"3670","3670","Light Cult Crypto Club #3670","RE-005480","3601-3700","D:\github\ron-english-nfts\light-cult-crypto-club\images\LCCC-3670.png","24250","images/3601-3700/LCCC-3670.png","LCCC-3670.png","D:\github\ron-english-light-cult-3001-4000\images\3601-3700\LCCC-3670.png","items/lccc-3670.html","https://ronenglish-archive.github.io/ron-english-light-cult-3001-4000/items/lccc-3670.html","https://opensea.io/item/ethereum/0xbe85fbd182af91290be7293438ae67549638189f/3670","OK",""
"3671","3671","Light Cult Crypto Club #3671","RE-005481","3601-3700","D:\github\ron-english-nfts\light-cult-crypto-club\images\LCCC-3671.png","23232","images/3601-3700/LCCC-3671.png","LCCC-3671.png","D:\github\ron-english-light-cult-3001-4000\images\3601-3700\LCCC-3671.png","items/lccc-3671.html","https://ronenglish-archive.github.io/ron-english-light-cult-3001-4000/items/lccc-3671.html","https://opensea.io/item/ethereum/0xbe85fbd182af91290be7293438ae67549638189f/3671","OK",""
"3672","3672","Light Cult Crypto Club #3672","RE-005482","3601-3700","D:\github\ron-english-nfts\light-cult-crypto-club\images\LCCC-3672.png","12961","images/3601-3700/LCCC-3672.png","LCCC-3672.png","D:\github\ron-english-light-cult-3001-4000\images\3601-3700\LCCC-3672.png","items/lccc-3672.html","https://ronenglish-archive.github.io/ron-english-light-cult-3001-4000/items/lccc-3672.html","https://opensea.io/item/ethereum/0xbe85fbd182af91290be7293438ae67549638189f/3672","OK",""
"3673","3673","Light Cult Crypto Club #3673","RE-005483","3601-3700","D:\github\ron-english-nfts\light-cult-crypto-club\images\LCCC-3673.png","31343","images/3601-3700/LCCC-3673.png","LCCC-3673.png","D:\github\ron-english-light-cult-3001-4000\images\3601-3700\LCCC-3673.png","items/lccc-3673.html","https://ronenglish-archive.github.io/ron-english-light-cult-3001-4000/items/lccc-3673.html","https://opensea.io/item/ethereum/0xbe85fbd182af91290be7293438ae67549638189f/3673","OK",""
"3674","3674","Light Cult Crypto Club #3674","RE-005484","3601-3700","D:\github\ron-english-nfts\light-cult-crypto-club\images\LCCC-3674.png","9306","images/3601-3700/LCCC-3674.png","LCCC-3674.png","D:\github\ron-english-light-cult-3001-4000\images\3601-3700\LCCC-3674.png","items/lccc-3674.html","https://ronenglish-archive.github.io/ron-english-light-cult-3001-4000/items/lccc-3674.html","https://opensea.io/item/ethereum/0xbe85fbd182af91290be7293438ae67549638189f/3674","OK",""
"3675","3675","Light Cult Crypto Club #3675","RE-005485","3601-3700","D:\github\ron-english-nfts\light-cult-crypto-club\images\LCCC-3675.png","15305","images/3601-3700/LCCC-3675.png","LCCC-3675.png","D:\github\ron-english-light-cult-3001-4000\images\3601-3700\LCCC-3675.png","items/lccc-3675.html","https://ronenglish-archive.github.io/ron-english-light-cult-3001-4000/items/lccc-3675.html","https://opensea.io/item/ethereum/0xbe85fbd182af91290be7293438ae67549638189f/3675","OK",""
"3676","3676","Light Cult Crypto Club #3676","RE-005486","3601-3700","D:\github\ron-english-nfts\light-cult-crypto-club\images\LCCC-3676.png","35241","images/3601-3700/LCCC-3676.png","LCCC-3676.png","D:\github\ron-english-light-cult-3001-4000\images\3601-3700\LCCC-3676.png","items/lccc-3676.html","https://ronenglish-archive.github.io/ron-english-light-cult-3001-4000/items/lccc-3676.html","https://opensea.io/item/ethereum/0xbe85fbd182af91290be7293438ae67549638189f/3676","OK",""
"3677","3677","Light Cult Crypto Club #3677","RE-005487","3601-3700","D:\github\ron-english-nfts\light-cult-crypto-club\images\LCCC-3677.png","33575","images/3601-3700/LCCC-3677.png","LCCC-3677.png","D:\github\ron-english-light-cult-3001-4000\images\3601-3700\LCCC-3677.png","items/lccc-3677.html","https://ronenglish-archive.github.io/ron-english-light-cult-3001-4000/items/lccc-3677.html","https://opensea.io/item/ethereum/0xbe85fbd182af91290be7293438ae67549638189f/3677","OK",""
"3678","3678","Light Cult Crypto Club #3678","RE-005488","3601-3700","D:\github\ron-english-nfts\light-cult-crypto-club\images\LCCC-3678.png","8418","images/3601-3700/LCCC-3678.png","LCCC-3678.png","D:\github\ron-english-light-cult-3001-4000\images\3601-3700\LCCC-3678.png","items/lccc-3678.html","https://ronenglish-archive.github.io/ron-english-light-cult-3001-4000/items/lccc-3678.html","https://opensea.io/item/ethereum/0xbe85fbd182af91290be7293438ae67549638189f/3678","OK",""
"3679","3679","Light Cult Crypto Club #3679","RE-005489","3601-3700","D:\github\ron-english-nfts\light-cult-crypto-club\images\LCCC-3679.png","30978","images/3601-3700/LCCC-3679.png","LCCC-3679.png","D:\github\ron-english-light-cult-3001-4000\images\3601-3700\LCCC-3679.png","items/lccc-3679.html","https://ronenglish-archive.github.io/ron-english-light-cult-3001-4000/items/lccc-3679.html","https://opensea.io/item/ethereum/0xbe85fbd182af91290be7293438ae67549638189f/3679","OK",""
"3680","3680","Light Cult Crypto Club #3680","RE-005490","3601-3700","D:\github\ron-english-nfts\light-cult-crypto-club\images\LCCC-3680.png","31694","images/3601-3700/LCCC-3680.png","LCCC-3680.png","D:\github\ron-english-light-cult-3001-4000\images\3601-3700\LCCC-3680.png","items/lccc-3680.html","https://ronenglish-archive.github.io/ron-english-light-cult-3001-4000/items/lccc-3680.html","https://opensea.io/item/ethereum/0xbe85fbd182af91290be7293438ae67549638189f/3680","OK",""
"3681","3681","Light Cult Crypto Club #3681","RE-005491","3601-3700","D:\github\ron-english-nfts\light-cult-crypto-club\images\LCCC-3681.png","19124","images/3601-3700/LCCC-3681.png","LCCC-3681.png","D:\github\ron-english-light-cult-3001-4000\images\3601-3700\LCCC-3681.png","items/lccc-3681.html","https://ronenglish-archive.github.io/ron-english-light-cult-3001-4000/items/lccc-3681.html","https://opensea.io/item/ethereum/0xbe85fbd182af91290be7293438ae67549638189f/3681","OK",""
"3682","3682","Light Cult Crypto Club #3682","RE-005492","3601-3700","D:\github\ron-english-nfts\light-cult-crypto-club\images\LCCC-3682.png","4628","images/3601-3700/LCCC-3682.png","LCCC-3682.png","D:\github\ron-english-light-cult-3001-4000\images\3601-3700\LCCC-3682.png","items/lccc-3682.html","https://ronenglish-archive.github.io/ron-english-light-cult-3001-4000/items/lccc-3682.html","https://opensea.io/item/ethereum/0xbe85fbd182af91290be7293438ae67549638189f/3682","OK",""
"3683","3683","Light Cult Crypto Club #3683","RE-005493","3601-3700","D:\github\ron-english-nfts\light-cult-crypto-club\images\LCCC-3683.png","33936","images/3601-3700/LCCC-3683.png","LCCC-3683.png","D:\github\ron-english-light-cult-3001-4000\images\3601-3700\LCCC-3683.png","items/lccc-3683.html","https://ronenglish-archive.github.io/ron-english-light-cult-3001-4000/items/lccc-3683.html","https://opensea.io/item/ethereum/0xbe85fbd182af91290be7293438ae67549638189f/3683","OK",""
"3684","3684","Light Cult Crypto Club #3684","RE-005494","3601-3700","D:\github\ron-english-nfts\light-cult-crypto-club\images\LCCC-3684.png","26646","images/3601-3700/LCCC-3684.png","LCCC-3684.png","D:\github\ron-english-light-cult-3001-4000\images\3601-3700\LCCC-3684.png","items/lccc-3684.html","https://ronenglish-archive.github.io/ron-english-light-cult-3001-4000/items/lccc-3684.html","https://opensea.io/item/ethereum/0xbe85fbd182af91290be7293438ae67549638189f/3684","OK",""
"3685","3685","Light Cult Crypto Club #3685","RE-005495","3601-3700","","","","","","items/lccc-3685.html","https://ronenglish-archive.github.io/ron-english-light-cult-3001-4000/items/lccc-3685.html","https://opensea.io/item/ethereum/0xbe85fbd182af91290be7293438ae67549638189f/3685","MISSING SOURCE IMAGE","No source image found for token #3685"
"3686","3686","Light Cult Crypto Club #3686","RE-005496","3601-3700","D:\github\ron-english-nfts\light-cult-crypto-club\images\LCCC-3686.png","28650","images/3601-3700/LCCC-3686.png","LCCC-3686.png","D:\github\ron-english-light-cult-3001-4000\images\3601-3700\LCCC-3686.png","items/lccc-3686.html","https://ronenglish-archive.github.io/ron-english-light-cult-3001-4000/items/lccc-3686.html","https://opensea.io/item/ethereum/0xbe85fbd182af91290be7293438ae67549638189f/3686","OK",""
"3687","3687","Light Cult Crypto Club #3687","RE-005497","3601-3700","D:\github\ron-english-nfts\light-cult-crypto-club\images\LCCC-3687.png","26206","images/3601-3700/LCCC-3687.png","LCCC-3687.png","D:\github\ron-english-light-cult-3001-4000\images\3601-3700\LCCC-3687.png","items/lccc-3687.html","https://ronenglish-archive.github.io/ron-english-light-cult-3001-4000/items/lccc-3687.html","https://opensea.io/item/ethereum/0xbe85fbd182af91290be7293438ae67549638189f/3687","OK",""
"3688","3688","Light Cult Crypto Club #3688","RE-005498","3601-3700","","","","","","items/lccc-3688.html","https://ronenglish-archive.github.io/ron-english-light-cult-3001-4000/items/lccc-3688.html","https://opensea.io/item/ethereum/0xbe85fbd182af91290be7293438ae67549638189f/3688","MISSING SOURCE IMAGE","No source image found for token #3688"
"3689","3689","Light Cult Crypto Club #3689","RE-005499","3601-3700","D:\github\ron-english-nfts\light-cult-crypto-club\images\LCCC-3689.png","8371","images/3601-3700/LCCC-3689.png","LCCC-3689.png","D:\github\ron-english-light-cult-3001-4000\images\3601-3700\LCCC-3689.png","items/lccc-3689.html","https://ronenglish-archive.github.io/ron-english-light-cult-3001-4000/items/lccc-3689.html","https://opensea.io/item/ethereum/0xbe85fbd182af91290be7293438ae67549638189f/3689","OK",""
"3690","3690","Light Cult Crypto Club #3690","RE-005500","3601-3700","D:\github\ron-english-nfts\light-cult-crypto-club\images\LCCC-3690.png","30723","images/3601-3700/LCCC-3690.png","LCCC-3690.png","D:\github\ron-english-light-cult-3001-4000\images\3601-3700\LCCC-3690.png","items/lccc-3690.html","https://ronenglish-archive.github.io/ron-english-light-cult-3001-4000/items/lccc-3690.html","https://opensea.io/item/ethereum/0xbe85fbd182af91290be7293438ae67549638189f/3690","OK",""
"3691","3691","Light Cult Crypto Club #3691","RE-005501","3601-3700","D:\github\ron-english-nfts\light-cult-crypto-club\images\LCCC-3691.png","30947","images/3601-3700/LCCC-3691.png","LCCC-3691.png","D:\github\ron-english-light-cult-3001-4000\images\3601-3700\LCCC-3691.png","items/lccc-3691.html","https://ronenglish-archive.github.io/ron-english-light-cult-3001-4000/items/lccc-3691.html","https://opensea.io/item/ethereum/0xbe85fbd182af91290be7293438ae67549638189f/3691","OK",""
"3692","3692","Light Cult Crypto Club #3692","RE-005502","3601-3700","D:\github\ron-english-nfts\light-cult-crypto-club\images\LCCC-3692.png","10166","images/3601-3700/LCCC-3692.png","LCCC-3692.png","D:\github\ron-english-light-cult-3001-4000\images\3601-3700\LCCC-3692.png","items/lccc-3692.html","https://ronenglish-archive.github.io/ron-english-light-cult-3001-4000/items/lccc-3692.html","https://opensea.io/item/ethereum/0xbe85fbd182af91290be7293438ae67549638189f/3692","OK",""
"3693","3693","Light Cult Crypto Club #3693","RE-005503","3601-3700","","","","","","items/lccc-3693.html","https://ronenglish-archive.github.io/ron-english-light-cult-3001-4000/items/lccc-3693.html","https://opensea.io/item/ethereum/0xbe85fbd182af91290be7293438ae67549638189f/3693","MISSING SOURCE IMAGE","No source image found for token #3693"
"3694","3694","Light Cult Crypto Club #3694","RE-005504","3601-3700","D:\github\ron-english-nfts\light-cult-crypto-club\images\LCCC-3694.png","33606","images/3601-3700/LCCC-3694.png","LCCC-3694.png","D:\github\ron-english-light-cult-3001-4000\images\3601-3700\LCCC-3694.png","items/lccc-3694.html","https://ronenglish-archive.github.io/ron-english-light-cult-3001-4000/items/lccc-3694.html","https://opensea.io/item/ethereum/0xbe85fbd182af91290be7293438ae67549638189f/3694","OK",""
"3695","3695","Light Cult Crypto Club #3695","RE-005505","3601-3700","D:\github\ron-english-nfts\light-cult-crypto-club\images\LCCC-3695.png","36498","images/3601-3700/LCCC-3695.png","LCCC-3695.png","D:\github\ron-english-light-cult-3001-4000\images\3601-3700\LCCC-3695.png","items/lccc-3695.html","https://ronenglish-archive.github.io/ron-english-light-cult-3001-4000/items/lccc-3695.html","https://opensea.io/item/ethereum/0xbe85fbd182af91290be7293438ae67549638189f/3695","OK",""
"3696","3696","Light Cult Crypto Club #3696","RE-005506","3601-3700","D:\github\ron-english-nfts\light-cult-crypto-club\images\LCCC-3696.png","32216","images/3601-3700/LCCC-3696.png","LCCC-3696.png","D:\github\ron-english-light-cult-3001-4000\images\3601-3700\LCCC-3696.png","items/lccc-3696.html","https://ronenglish-archive.github.io/ron-english-light-cult-3001-4000/items/lccc-3696.html","https://opensea.io/item/ethereum/0xbe85fbd182af91290be7293438ae67549638189f/3696","OK",""
"3697","3697","Light Cult Crypto Club #3697","RE-005507","3601-3700","D:\github\ron-english-nfts\light-cult-crypto-club\images\LCCC-3697.png","23004","images/3601-3700/LCCC-3697.png","LCCC-3697.png","D:\github\ron-english-light-cult-3001-4000\images\3601-3700\LCCC-3697.png","items/lccc-3697.html","https://ronenglish-archive.github.io/ron-english-light-cult-3001-4000/items/lccc-3697.html","https://opensea.io/item/ethereum/0xbe85fbd182af91290be7293438ae67549638189f/3697","OK",""
"3698","3698","Light Cult Crypto Club #3698","RE-005508","3601-3700","D:\github\ron-english-nfts\light-cult-crypto-club\images\LCCC-3698.png","33024","images/3601-3700/LCCC-3698.png","LCCC-3698.png","D:\github\ron-english-light-cult-3001-4000\images\3601-3700\LCCC-3698.png","items/lccc-3698.html","https://ronenglish-archive.github.io/ron-english-light-cult-3001-4000/items/lccc-3698.html","https://opensea.io/item/ethereum/0xbe85fbd182af91290be7293438ae67549638189f/3698","OK",""
"3699","3699","Light Cult Crypto Club #3699","RE-005509","3601-3700","","","","","","items/lccc-3699.html","https://ronenglish-archive.github.io/ron-english-light-cult-3001-4000/items/lccc-3699.html","https://opensea.io/item/ethereum/0xbe85fbd182af91290be7293438ae67549638189f/3699","MISSING SOURCE IMAGE","No source image found for token #3699"
"3700","3700","Light Cult Crypto Club #3700","RE-005510","3601-3700","D:\github\ron-english-nfts\light-cult-crypto-club\images\LCCC-3700.png","28246","images/3601-3700/LCCC-3700.png","LCCC-3700.png","D:\github\ron-english-light-cult-3001-4000\images\3601-3700\LCCC-3700.png","items/lccc-3700.html","https://ronenglish-archive.github.io/ron-english-light-cult-3001-4000/items/lccc-3700.html","https://opensea.io/item/ethereum/0xbe85fbd182af91290be7293438ae67549638189f/3700","OK",""
"3701","3701","Light Cult Crypto Club #3701","RE-005511","3701-3800","D:\github\ron-english-nfts\light-cult-crypto-club\images\LCCC-3701.png","26826","images/3701-3800/LCCC-3701.png","LCCC-3701.png","D:\github\ron-english-light-cult-3001-4000\images\3701-3800\LCCC-3701.png","items/lccc-3701.html","https://ronenglish-archive.github.io/ron-english-light-cult-3001-4000/items/lccc-3701.html","https://opensea.io/item/ethereum/0xbe85fbd182af91290be7293438ae67549638189f/3701","OK",""
"3702","3702","Light Cult Crypto Club #3702","RE-005512","3701-3800","D:\github\ron-english-nfts\light-cult-crypto-club\images\LCCC-3702.png","10800","images/3701-3800/LCCC-3702.png","LCCC-3702.png","D:\github\ron-english-light-cult-3001-4000\images\3701-3800\LCCC-3702.png","items/lccc-3702.html","https://ronenglish-archive.github.io/ron-english-light-cult-3001-4000/items/lccc-3702.html","https://opensea.io/item/ethereum/0xbe85fbd182af91290be7293438ae67549638189f/3702","OK",""
"3703","3703","Light Cult Crypto Club #3703","RE-005513","3701-3800","D:\github\ron-english-nfts\light-cult-crypto-club\images\LCCC-3703.png","29387","images/3701-3800/LCCC-3703.png","LCCC-3703.png","D:\github\ron-english-light-cult-3001-4000\images\3701-3800\LCCC-3703.png","items/lccc-3703.html","https://ronenglish-archive.github.io/ron-english-light-cult-3001-4000/items/lccc-3703.html","https://opensea.io/item/ethereum/0xbe85fbd182af91290be7293438ae67549638189f/3703","OK",""
"3704","3704","Light Cult Crypto Club #3704","RE-005514","3701-3800","D:\github\ron-english-nfts\light-cult-crypto-club\images\LCCC-3704.png","8880","images/3701-3800/LCCC-3704.png","LCCC-3704.png","D:\github\ron-english-light-cult-3001-4000\images\3701-3800\LCCC-3704.png","items/lccc-3704.html","https://ronenglish-archive.github.io/ron-english-light-cult-3001-4000/items/lccc-3704.html","https://opensea.io/item/ethereum/0xbe85fbd182af91290be7293438ae67549638189f/3704","OK",""
"3705","3705","Light Cult Crypto Club #3705","RE-005515","3701-3800","D:\github\ron-english-nfts\light-cult-crypto-club\images\LCCC-3705.png","8449","images/3701-3800/LCCC-3705.png","LCCC-3705.png","D:\github\ron-english-light-cult-3001-4000\images\3701-3800\LCCC-3705.png","items/lccc-3705.html","https://ronenglish-archive.github.io/ron-english-light-cult-3001-4000/items/lccc-3705.html","https://opensea.io/item/ethereum/0xbe85fbd182af91290be7293438ae67549638189f/3705","OK",""
"3706","3706","Light Cult Crypto Club #3706","RE-005516","3701-3800","D:\github\ron-english-nfts\light-cult-crypto-club\images\LCCC-3706.png","27035","images/3701-3800/LCCC-3706.png","LCCC-3706.png","D:\github\ron-english-light-cult-3001-4000\images\3701-3800\LCCC-3706.png","items/lccc-3706.html","https://ronenglish-archive.github.io/ron-english-light-cult-3001-4000/items/lccc-3706.html","https://opensea.io/item/ethereum/0xbe85fbd182af91290be7293438ae67549638189f/3706","OK",""
"3707","3707","Light Cult Crypto Club #3707","RE-005517","3701-3800","D:\github\ron-english-nfts\light-cult-crypto-club\images\LCCC-3707.png","5108","images/3701-3800/LCCC-3707.png","LCCC-3707.png","D:\github\ron-english-light-cult-3001-4000\images\3701-3800\LCCC-3707.png","items/lccc-3707.html","https://ronenglish-archive.github.io/ron-english-light-cult-3001-4000/items/lccc-3707.html","https://opensea.io/item/ethereum/0xbe85fbd182af91290be7293438ae67549638189f/3707","OK",""
"3708","3708","Light Cult Crypto Club #3708","RE-005518","3701-3800","D:\github\ron-english-nfts\light-cult-crypto-club\images\LCCC-3708.png","13985","images/3701-3800/LCCC-3708.png","LCCC-3708.png","D:\github\ron-english-light-cult-3001-4000\images\3701-3800\LCCC-3708.png","items/lccc-3708.html","https://ronenglish-archive.github.io/ron-english-light-cult-3001-4000/items/lccc-3708.html","https://opensea.io/item/ethereum/0xbe85fbd182af91290be7293438ae67549638189f/3708","OK",""
"3709","3709","Light Cult Crypto Club #3709","RE-005519","3701-3800","D:\github\ron-english-nfts\light-cult-crypto-club\images\LCCC-3709.png","9987","images/3701-3800/LCCC-3709.png","LCCC-3709.png","D:\github\ron-english-light-cult-3001-4000\images\3701-3800\LCCC-3709.png","items/lccc-3709.html","https://ronenglish-archive.github.io/ron-english-light-cult-3001-4000/items/lccc-3709.html","https://opensea.io/item/ethereum/0xbe85fbd182af91290be7293438ae67549638189f/3709","OK",""
"3710","3710","Light Cult Crypto Club #3710","RE-005520","3701-3800","D:\github\ron-english-nfts\light-cult-crypto-club\images\LCCC-3710.png","32766","images/3701-3800/LCCC-3710.png","LCCC-3710.png","D:\github\ron-english-light-cult-3001-4000\images\3701-3800\LCCC-3710.png","items/lccc-3710.html","https://ronenglish-archive.github.io/ron-english-light-cult-3001-4000/items/lccc-3710.html","https://opensea.io/item/ethereum/0xbe85fbd182af91290be7293438ae67549638189f/3710","OK",""
"3711","3711","Light Cult Crypto Club #3711","RE-005521","3701-3800","D:\github\ron-english-nfts\light-cult-crypto-club\images\LCCC-3711.png","17773","images/3701-3800/LCCC-3711.png","LCCC-3711.png","D:\github\ron-english-light-cult-3001-4000\images\3701-3800\LCCC-3711.png","items/lccc-3711.html","https://ronenglish-archive.github.io/ron-english-light-cult-3001-4000/items/lccc-3711.html","https://opensea.io/item/ethereum/0xbe85fbd182af91290be7293438ae67549638189f/3711","OK",""
"3712","3712","Light Cult Crypto Club #3712","RE-005522","3701-3800","D:\github\ron-english-nfts\light-cult-crypto-club\images\LCCC-3712.png","31232","images/3701-3800/LCCC-3712.png","LCCC-3712.png","D:\github\ron-english-light-cult-3001-4000\images\3701-3800\LCCC-3712.png","items/lccc-3712.html","https://ronenglish-archive.github.io/ron-english-light-cult-3001-4000/items/lccc-3712.html","https://opensea.io/item/ethereum/0xbe85fbd182af91290be7293438ae67549638189f/3712","OK",""
"3713","3713","Light Cult Crypto Club #3713","RE-005523","3701-3800","D:\github\ron-english-nfts\light-cult-crypto-club\images\LCCC-3713.png","3234","images/3701-3800/LCCC-3713.png","LCCC-3713.png","D:\github\ron-english-light-cult-3001-4000\images\3701-3800\LCCC-3713.png","items/lccc-3713.html","https://ronenglish-archive.github.io/ron-english-light-cult-3001-4000/items/lccc-3713.html","https://opensea.io/item/ethereum/0xbe85fbd182af91290be7293438ae67549638189f/3713","OK",""
"3714","3714","Light Cult Crypto Club #3714","RE-005524","3701-3800","D:\github\ron-english-nfts\light-cult-crypto-club\images\LCCC-3714.png","10380","images/3701-3800/LCCC-3714.png","LCCC-3714.png","D:\github\ron-english-light-cult-3001-4000\images\3701-3800\LCCC-3714.png","items/lccc-3714.html","https://ronenglish-archive.github.io/ron-english-light-cult-3001-4000/items/lccc-3714.html","https://opensea.io/item/ethereum/0xbe85fbd182af91290be7293438ae67549638189f/3714","OK",""
"3715","3715","Light Cult Crypto Club #3715","RE-005525","3701-3800","D:\github\ron-english-nfts\light-cult-crypto-club\images\LCCC-3715.png","30325","images/3701-3800/LCCC-3715.png","LCCC-3715.png","D:\github\ron-english-light-cult-3001-4000\images\3701-3800\LCCC-3715.png","items/lccc-3715.html","https://ronenglish-archive.github.io/ron-english-light-cult-3001-4000/items/lccc-3715.html","https://opensea.io/item/ethereum/0xbe85fbd182af91290be7293438ae67549638189f/3715","OK",""
"3716","3716","Light Cult Crypto Club #3716","RE-005526","3701-3800","D:\github\ron-english-nfts\light-cult-crypto-club\images\LCCC-3716.png","9994","images/3701-3800/LCCC-3716.png","LCCC-3716.png","D:\github\ron-english-light-cult-3001-4000\images\3701-3800\LCCC-3716.png","items/lccc-3716.html","https://ronenglish-archive.github.io/ron-english-light-cult-3001-4000/items/lccc-3716.html","https://opensea.io/item/ethereum/0xbe85fbd182af91290be7293438ae67549638189f/3716","OK",""
"3717","3717","Light Cult Crypto Club #3717","RE-005527","3701-3800","D:\github\ron-english-nfts\light-cult-crypto-club\images\LCCC-3717.png","16822","images/3701-3800/LCCC-3717.png","LCCC-3717.png","D:\github\ron-english-light-cult-3001-4000\images\3701-3800\LCCC-3717.png","items/lccc-3717.html","https://ronenglish-archive.github.io/ron-english-light-cult-3001-4000/items/lccc-3717.html","https://opensea.io/item/ethereum/0xbe85fbd182af91290be7293438ae67549638189f/3717","OK",""
"3718","3718","Light Cult Crypto Club #3718","RE-005528","3701-3800","D:\github\ron-english-nfts\light-cult-crypto-club\images\LCCC-3718.png","5397","images/3701-3800/LCCC-3718.png","LCCC-3718.png","D:\github\ron-english-light-cult-3001-4000\images\3701-3800\LCCC-3718.png","items/lccc-3718.html","https://ronenglish-archive.github.io/ron-english-light-cult-3001-4000/items/lccc-3718.html","https://opensea.io/item/ethereum/0xbe85fbd182af91290be7293438ae67549638189f/3718","OK",""
"3719","3719","Light Cult Crypto Club #3719","RE-005529","3701-3800","D:\github\ron-english-nfts\light-cult-crypto-club\images\LCCC-3719.png","46376","images/3701-3800/LCCC-3719.png","LCCC-3719.png","D:\github\ron-english-light-cult-3001-4000\images\3701-3800\LCCC-3719.png","items/lccc-3719.html","https://ronenglish-archive.github.io/ron-english-light-cult-3001-4000/items/lccc-3719.html","https://opensea.io/item/ethereum/0xbe85fbd182af91290be7293438ae67549638189f/3719","OK",""
"3720","3720","Light Cult Crypto Club #3720","RE-005530","3701-3800","D:\github\ron-english-nfts\light-cult-crypto-club\images\LCCC-3720.png","24857","images/3701-3800/LCCC-3720.png","LCCC-3720.png","D:\github\ron-english-light-cult-3001-4000\images\3701-3800\LCCC-3720.png","items/lccc-3720.html","https://ronenglish-archive.github.io/ron-english-light-cult-3001-4000/items/lccc-3720.html","https://opensea.io/item/ethereum/0xbe85fbd182af91290be7293438ae67549638189f/3720","OK",""
"3721","3721","Light Cult Crypto Club #3721","RE-005531","3701-3800","D:\github\ron-english-nfts\light-cult-crypto-club\images\LCCC-3721.png","8765","images/3701-3800/LCCC-3721.png","LCCC-3721.png","D:\github\ron-english-light-cult-3001-4000\images\3701-3800\LCCC-3721.png","items/lccc-3721.html","https://ronenglish-archive.github.io/ron-english-light-cult-3001-4000/items/lccc-3721.html","https://opensea.io/item/ethereum/0xbe85fbd182af91290be7293438ae67549638189f/3721","OK",""
"3722","3722","Light Cult Crypto Club #3722","RE-005532","3701-3800","D:\github\ron-english-nfts\light-cult-crypto-club\images\LCCC-3722.png","23252","images/3701-3800/LCCC-3722.png","LCCC-3722.png","D:\github\ron-english-light-cult-3001-4000\images\3701-3800\LCCC-3722.png","items/lccc-3722.html","https://ronenglish-archive.github.io/ron-english-light-cult-3001-4000/items/lccc-3722.html","https://opensea.io/item/ethereum/0xbe85fbd182af91290be7293438ae67549638189f/3722","OK",""
"3723","3723","Light Cult Crypto Club #3723","RE-005533","3701-3800","D:\github\ron-english-nfts\light-cult-crypto-club\images\LCCC-3723.png","14106","images/3701-3800/LCCC-3723.png","LCCC-3723.png","D:\github\ron-english-light-cult-3001-4000\images\3701-3800\LCCC-3723.png","items/lccc-3723.html","https://ronenglish-archive.github.io/ron-english-light-cult-3001-4000/items/lccc-3723.html","https://opensea.io/item/ethereum/0xbe85fbd182af91290be7293438ae67549638189f/3723","OK",""
"3724","3724","Light Cult Crypto Club #3724","RE-005534","3701-3800","D:\github\ron-english-nfts\light-cult-crypto-club\images\LCCC-3724.png","12657","images/3701-3800/LCCC-3724.png","LCCC-3724.png","D:\github\ron-english-light-cult-3001-4000\images\3701-3800\LCCC-3724.png","items/lccc-3724.html","https://ronenglish-archive.github.io/ron-english-light-cult-3001-4000/items/lccc-3724.html","https://opensea.io/item/ethereum/0xbe85fbd182af91290be7293438ae67549638189f/3724","OK",""
"3725","3725","Light Cult Crypto Club #3725","RE-005535","3701-3800","D:\github\ron-english-nfts\light-cult-crypto-club\images\LCCC-3725.png","32988","images/3701-3800/LCCC-3725.png","LCCC-3725.png","D:\github\ron-english-light-cult-3001-4000\images\3701-3800\LCCC-3725.png","items/lccc-3725.html","https://ronenglish-archive.github.io/ron-english-light-cult-3001-4000/items/lccc-3725.html","https://opensea.io/item/ethereum/0xbe85fbd182af91290be7293438ae67549638189f/3725","OK",""
"3726","3726","Light Cult Crypto Club #3726","RE-005536","3701-3800","D:\github\ron-english-nfts\light-cult-crypto-club\images\LCCC-3726.png","14209","images/3701-3800/LCCC-3726.png","LCCC-3726.png","D:\github\ron-english-light-cult-3001-4000\images\3701-3800\LCCC-3726.png","items/lccc-3726.html","https://ronenglish-archive.github.io/ron-english-light-cult-3001-4000/items/lccc-3726.html","https://opensea.io/item/ethereum/0xbe85fbd182af91290be7293438ae67549638189f/3726","OK",""
"3727","3727","Light Cult Crypto Club #3727","RE-005537","3701-3800","D:\github\ron-english-nfts\light-cult-crypto-club\images\LCCC-3727.png","13159","images/3701-3800/LCCC-3727.png","LCCC-3727.png","D:\github\ron-english-light-cult-3001-4000\images\3701-3800\LCCC-3727.png","items/lccc-3727.html","https://ronenglish-archive.github.io/ron-english-light-cult-3001-4000/items/lccc-3727.html","https://opensea.io/item/ethereum/0xbe85fbd182af91290be7293438ae67549638189f/3727","OK",""
"3728","3728","Light Cult Crypto Club #3728","RE-005538","3701-3800","D:\github\ron-english-nfts\light-cult-crypto-club\images\LCCC-3728.png","14061","images/3701-3800/LCCC-3728.png","LCCC-3728.png","D:\github\ron-english-light-cult-3001-4000\images\3701-3800\LCCC-3728.png","items/lccc-3728.html","https://ronenglish-archive.github.io/ron-english-light-cult-3001-4000/items/lccc-3728.html","https://opensea.io/item/ethereum/0xbe85fbd182af91290be7293438ae67549638189f/3728","OK",""
"3729","3729","Light Cult Crypto Club #3729","RE-005539","3701-3800","","","","","","items/lccc-3729.html","https://ronenglish-archive.github.io/ron-english-light-cult-3001-4000/items/lccc-3729.html","https://opensea.io/item/ethereum/0xbe85fbd182af91290be7293438ae67549638189f/3729","MISSING SOURCE IMAGE","No source image found for token #3729"
"3730","3730","Light Cult Crypto Club #3730","RE-005540","3701-3800","D:\github\ron-english-nfts\light-cult-crypto-club\images\LCCC-3730.png","17758","images/3701-3800/LCCC-3730.png","LCCC-3730.png","D:\github\ron-english-light-cult-3001-4000\images\3701-3800\LCCC-3730.png","items/lccc-3730.html","https://ronenglish-archive.github.io/ron-english-light-cult-3001-4000/items/lccc-3730.html","https://opensea.io/item/ethereum/0xbe85fbd182af91290be7293438ae67549638189f/3730","OK",""
"3731","3731","Light Cult Crypto Club #3731","RE-005541","3701-3800","D:\github\ron-english-nfts\light-cult-crypto-club\images\LCCC-3731.png","8488","images/3701-3800/LCCC-3731.png","LCCC-3731.png","D:\github\ron-english-light-cult-3001-4000\images\3701-3800\LCCC-3731.png","items/lccc-3731.html","https://ronenglish-archive.github.io/ron-english-light-cult-3001-4000/items/lccc-3731.html","https://opensea.io/item/ethereum/0xbe85fbd182af91290be7293438ae67549638189f/3731","OK",""
"3732","3732","Light Cult Crypto Club #3732","RE-005542","3701-3800","D:\github\ron-english-nfts\light-cult-crypto-club\images\LCCC-3732.png","29621","images/3701-3800/LCCC-3732.png","LCCC-3732.png","D:\github\ron-english-light-cult-3001-4000\images\3701-3800\LCCC-3732.png","items/lccc-3732.html","https://ronenglish-archive.github.io/ron-english-light-cult-3001-4000/items/lccc-3732.html","https://opensea.io/item/ethereum/0xbe85fbd182af91290be7293438ae67549638189f/3732","OK",""
"3733","3733","Light Cult Crypto Club #3733","RE-005543","3701-3800","","","","","","items/lccc-3733.html","https://ronenglish-archive.github.io/ron-english-light-cult-3001-4000/items/lccc-3733.html","https://opensea.io/item/ethereum/0xbe85fbd182af91290be7293438ae67549638189f/3733","MISSING SOURCE IMAGE","No source image found for token #3733"
"3734","3734","Light Cult Crypto Club #3734","RE-005544","3701-3800","D:\github\ron-english-nfts\light-cult-crypto-club\images\LCCC-3734.png","13378","images/3701-3800/LCCC-3734.png","LCCC-3734.png","D:\github\ron-english-light-cult-3001-4000\images\3701-3800\LCCC-3734.png","items/lccc-3734.html","https://ronenglish-archive.github.io/ron-english-light-cult-3001-4000/items/lccc-3734.html","https://opensea.io/item/ethereum/0xbe85fbd182af91290be7293438ae67549638189f/3734","OK",""
"3735","3735","Light Cult Crypto Club #3735","RE-005545","3701-3800","D:\github\ron-english-nfts\light-cult-crypto-club\images\LCCC-3735.png","15371","images/3701-3800/LCCC-3735.png","LCCC-3735.png","D:\github\ron-english-light-cult-3001-4000\images\3701-3800\LCCC-3735.png","items/lccc-3735.html","https://ronenglish-archive.github.io/ron-english-light-cult-3001-4000/items/lccc-3735.html","https://opensea.io/item/ethereum/0xbe85fbd182af91290be7293438ae67549638189f/3735","OK",""
"3736","3736","Light Cult Crypto Club #3736","RE-005546","3701-3800","D:\github\ron-english-nfts\light-cult-crypto-club\images\LCCC-3736.png","31176","images/3701-3800/LCCC-3736.png","LCCC-3736.png","D:\github\ron-english-light-cult-3001-4000\images\3701-3800\LCCC-3736.png","items/lccc-3736.html","https://ronenglish-archive.github.io/ron-english-light-cult-3001-4000/items/lccc-3736.html","https://opensea.io/item/ethereum/0xbe85fbd182af91290be7293438ae67549638189f/3736","OK",""
"3737","3737","Light Cult Crypto Club #3737","RE-005547","3701-3800","D:\github\ron-english-nfts\light-cult-crypto-club\images\LCCC-3737.png","15014","images/3701-3800/LCCC-3737.png","LCCC-3737.png","D:\github\ron-english-light-cult-3001-4000\images\3701-3800\LCCC-3737.png","items/lccc-3737.html","https://ronenglish-archive.github.io/ron-english-light-cult-3001-4000/items/lccc-3737.html","https://opensea.io/item/ethereum/0xbe85fbd182af91290be7293438ae67549638189f/3737","OK",""
"3738","3738","Light Cult Crypto Club #3738","RE-005548","3701-3800","D:\github\ron-english-nfts\light-cult-crypto-club\images\LCCC-3738.png","12069","images/3701-3800/LCCC-3738.png","LCCC-3738.png","D:\github\ron-english-light-cult-3001-4000\images\3701-3800\LCCC-3738.png","items/lccc-3738.html","https://ronenglish-archive.github.io/ron-english-light-cult-3001-4000/items/lccc-3738.html","https://opensea.io/item/ethereum/0xbe85fbd182af91290be7293438ae67549638189f/3738","OK",""
"3739","3739","Light Cult Crypto Club #3739","RE-005549","3701-3800","D:\github\ron-english-nfts\light-cult-crypto-club\images\LCCC-3739.png","9259","images/3701-3800/LCCC-3739.png","LCCC-3739.png","D:\github\ron-english-light-cult-3001-4000\images\3701-3800\LCCC-3739.png","items/lccc-3739.html","https://ronenglish-archive.github.io/ron-english-light-cult-3001-4000/items/lccc-3739.html","https://opensea.io/item/ethereum/0xbe85fbd182af91290be7293438ae67549638189f/3739","OK",""
"3740","3740","Light Cult Crypto Club #3740","RE-005550","3701-3800","D:\github\ron-english-nfts\light-cult-crypto-club\images\LCCC-3740.png","31632","images/3701-3800/LCCC-3740.png","LCCC-3740.png","D:\github\ron-english-light-cult-3001-4000\images\3701-3800\LCCC-3740.png","items/lccc-3740.html","https://ronenglish-archive.github.io/ron-english-light-cult-3001-4000/items/lccc-3740.html","https://opensea.io/item/ethereum/0xbe85fbd182af91290be7293438ae67549638189f/3740","OK",""
"3741","3741","Light Cult Crypto Club #3741","RE-005551","3701-3800","D:\github\ron-english-nfts\light-cult-crypto-club\images\LCCC-3741.png","12240","images/3701-3800/LCCC-3741.png","LCCC-3741.png","D:\github\ron-english-light-cult-3001-4000\images\3701-3800\LCCC-3741.png","items/lccc-3741.html","https://ronenglish-archive.github.io/ron-english-light-cult-3001-4000/items/lccc-3741.html","https://opensea.io/item/ethereum/0xbe85fbd182af91290be7293438ae67549638189f/3741","OK",""
"3742","3742","Light Cult Crypto Club #3742","RE-005552","3701-3800","D:\github\ron-english-nfts\light-cult-crypto-club\images\LCCC-3742.png","13601","images/3701-3800/LCCC-3742.png","LCCC-3742.png","D:\github\ron-english-light-cult-3001-4000\images\3701-3800\LCCC-3742.png","items/lccc-3742.html","https://ronenglish-archive.github.io/ron-english-light-cult-3001-4000/items/lccc-3742.html","https://opensea.io/item/ethereum/0xbe85fbd182af91290be7293438ae67549638189f/3742","OK",""
"3743","3743","Light Cult Crypto Club #3743","RE-005553","3701-3800","D:\github\ron-english-nfts\light-cult-crypto-club\images\LCCC-3743.png","36958","images/3701-3800/LCCC-3743.png","LCCC-3743.png","D:\github\ron-english-light-cult-3001-4000\images\3701-3800\LCCC-3743.png","items/lccc-3743.html","https://ronenglish-archive.github.io/ron-english-light-cult-3001-4000/items/lccc-3743.html","https://opensea.io/item/ethereum/0xbe85fbd182af91290be7293438ae67549638189f/3743","OK",""
"3744","3744","Light Cult Crypto Club #3744","RE-005554","3701-3800","D:\github\ron-english-nfts\light-cult-crypto-club\images\LCCC-3744.png","27797","images/3701-3800/LCCC-3744.png","LCCC-3744.png","D:\github\ron-english-light-cult-3001-4000\images\3701-3800\LCCC-3744.png","items/lccc-3744.html","https://ronenglish-archive.github.io/ron-english-light-cult-3001-4000/items/lccc-3744.html","https://opensea.io/item/ethereum/0xbe85fbd182af91290be7293438ae67549638189f/3744","OK",""
"3745","3745","Light Cult Crypto Club #3745","RE-005555","3701-3800","","","","","","items/lccc-3745.html","https://ronenglish-archive.github.io/ron-english-light-cult-3001-4000/items/lccc-3745.html","https://opensea.io/item/ethereum/0xbe85fbd182af91290be7293438ae67549638189f/3745","MISSING SOURCE IMAGE","No source image found for token #3745"
"3746","3746","Light Cult Crypto Club #3746","RE-005556","3701-3800","D:\github\ron-english-nfts\light-cult-crypto-club\images\LCCC-3746.png","27318","images/3701-3800/LCCC-3746.png","LCCC-3746.png","D:\github\ron-english-light-cult-3001-4000\images\3701-3800\LCCC-3746.png","items/lccc-3746.html","https://ronenglish-archive.github.io/ron-english-light-cult-3001-4000/items/lccc-3746.html","https://opensea.io/item/ethereum/0xbe85fbd182af91290be7293438ae67549638189f/3746","OK",""
"3747","3747","Light Cult Crypto Club #3747","RE-005557","3701-3800","D:\github\ron-english-nfts\light-cult-crypto-club\images\LCCC-3747.png","27180","images/3701-3800/LCCC-3747.png","LCCC-3747.png","D:\github\ron-english-light-cult-3001-4000\images\3701-3800\LCCC-3747.png","items/lccc-3747.html","https://ronenglish-archive.github.io/ron-english-light-cult-3001-4000/items/lccc-3747.html","https://opensea.io/item/ethereum/0xbe85fbd182af91290be7293438ae67549638189f/3747","OK",""
"3748","3748","Light Cult Crypto Club #3748","RE-005558","3701-3800","D:\github\ron-english-nfts\light-cult-crypto-club\images\LCCC-3748.png","35719","images/3701-3800/LCCC-3748.png","LCCC-3748.png","D:\github\ron-english-light-cult-3001-4000\images\3701-3800\LCCC-3748.png","items/lccc-3748.html","https://ronenglish-archive.github.io/ron-english-light-cult-3001-4000/items/lccc-3748.html","https://opensea.io/item/ethereum/0xbe85fbd182af91290be7293438ae67549638189f/3748","OK",""
"3749","3749","Light Cult Crypto Club #3749","RE-005559","3701-3800","D:\github\ron-english-nfts\light-cult-crypto-club\images\LCCC-3749.png","26890","images/3701-3800/LCCC-3749.png","LCCC-3749.png","D:\github\ron-english-light-cult-3001-4000\images\3701-3800\LCCC-3749.png","items/lccc-3749.html","https://ronenglish-archive.github.io/ron-english-light-cult-3001-4000/items/lccc-3749.html","https://opensea.io/item/ethereum/0xbe85fbd182af91290be7293438ae67549638189f/3749","OK",""
"3750","3750","Light Cult Crypto Club #3750","RE-005560","3701-3800","D:\github\ron-english-nfts\light-cult-crypto-club\images\LCCC-3750.png","18142","images/3701-3800/LCCC-3750.png","LCCC-3750.png","D:\github\ron-english-light-cult-3001-4000\images\3701-3800\LCCC-3750.png","items/lccc-3750.html","https://ronenglish-archive.github.io/ron-english-light-cult-3001-4000/items/lccc-3750.html","https://opensea.io/item/ethereum/0xbe85fbd182af91290be7293438ae67549638189f/3750","OK",""
"3751","3751","Light Cult Crypto Club #3751","RE-005561","3701-3800","D:\github\ron-english-nfts\light-cult-crypto-club\images\LCCC-3751.png","11902","images/3701-3800/LCCC-3751.png","LCCC-3751.png","D:\github\ron-english-light-cult-3001-4000\images\3701-3800\LCCC-3751.png","items/lccc-3751.html","https://ronenglish-archive.github.io/ron-english-light-cult-3001-4000/items/lccc-3751.html","https://opensea.io/item/ethereum/0xbe85fbd182af91290be7293438ae67549638189f/3751","OK",""
"3752","3752","Light Cult Crypto Club #3752","RE-005562","3701-3800","D:\github\ron-english-nfts\light-cult-crypto-club\images\LCCC-3752.png","14395","images/3701-3800/LCCC-3752.png","LCCC-3752.png","D:\github\ron-english-light-cult-3001-4000\images\3701-3800\LCCC-3752.png","items/lccc-3752.html","https://ronenglish-archive.github.io/ron-english-light-cult-3001-4000/items/lccc-3752.html","https://opensea.io/item/ethereum/0xbe85fbd182af91290be7293438ae67549638189f/3752","OK",""
"3753","3753","Light Cult Crypto Club #3753","RE-005563","3701-3800","","","","","","items/lccc-3753.html","https://ronenglish-archive.github.io/ron-english-light-cult-3001-4000/items/lccc-3753.html","https://opensea.io/item/ethereum/0xbe85fbd182af91290be7293438ae67549638189f/3753","MISSING SOURCE IMAGE","No source image found for token #3753"
"3754","3754","Light Cult Crypto Club #3754","RE-005564","3701-3800","D:\github\ron-english-nfts\light-cult-crypto-club\images\LCCC-3754.png","6011","images/3701-3800/LCCC-3754.png","LCCC-3754.png","D:\github\ron-english-light-cult-3001-4000\images\3701-3800\LCCC-3754.png","items/lccc-3754.html","https://ronenglish-archive.github.io/ron-english-light-cult-3001-4000/items/lccc-3754.html","https://opensea.io/item/ethereum/0xbe85fbd182af91290be7293438ae67549638189f/3754","OK",""
"3755","3755","Light Cult Crypto Club #3755","RE-005565","3701-3800","D:\github\ron-english-nfts\light-cult-crypto-club\images\LCCC-3755.png","10722","images/3701-3800/LCCC-3755.png","LCCC-3755.png","D:\github\ron-english-light-cult-3001-4000\images\3701-3800\LCCC-3755.png","items/lccc-3755.html","https://ronenglish-archive.github.io/ron-english-light-cult-3001-4000/items/lccc-3755.html","https://opensea.io/item/ethereum/0xbe85fbd182af91290be7293438ae67549638189f/3755","OK",""
"3756","3756","Light Cult Crypto Club #3756","RE-005566","3701-3800","","","","","","items/lccc-3756.html","https://ronenglish-archive.github.io/ron-english-light-cult-3001-4000/items/lccc-3756.html","https://opensea.io/item/ethereum/0xbe85fbd182af91290be7293438ae67549638189f/3756","MISSING SOURCE IMAGE","No source image found for token #3756"
"3757","3757","Light Cult Crypto Club #3757","RE-005567","3701-3800","D:\github\ron-english-nfts\light-cult-crypto-club\images\LCCC-3757.png","15355","images/3701-3800/LCCC-3757.png","LCCC-3757.png","D:\github\ron-english-light-cult-3001-4000\images\3701-3800\LCCC-3757.png","items/lccc-3757.html","https://ronenglish-archive.github.io/ron-english-light-cult-3001-4000/items/lccc-3757.html","https://opensea.io/item/ethereum/0xbe85fbd182af91290be7293438ae67549638189f/3757","OK",""
"3758","3758","Light Cult Crypto Club #3758","RE-005568","3701-3800","D:\github\ron-english-nfts\light-cult-crypto-club\images\LCCC-3758.png","7830","images/3701-3800/LCCC-3758.png","LCCC-3758.png","D:\github\ron-english-light-cult-3001-4000\images\3701-3800\LCCC-3758.png","items/lccc-3758.html","https://ronenglish-archive.github.io/ron-english-light-cult-3001-4000/items/lccc-3758.html","https://opensea.io/item/ethereum/0xbe85fbd182af91290be7293438ae67549638189f/3758","OK",""
"3759","3759","Light Cult Crypto Club #3759","RE-005569","3701-3800","D:\github\ron-english-nfts\light-cult-crypto-club\images\LCCC-3759.png","34076","images/3701-3800/LCCC-3759.png","LCCC-3759.png","D:\github\ron-english-light-cult-3001-4000\images\3701-3800\LCCC-3759.png","items/lccc-3759.html","https://ronenglish-archive.github.io/ron-english-light-cult-3001-4000/items/lccc-3759.html","https://opensea.io/item/ethereum/0xbe85fbd182af91290be7293438ae67549638189f/3759","OK",""
"3760","3760","Light Cult Crypto Club #3760","RE-005570","3701-3800","D:\github\ron-english-nfts\light-cult-crypto-club\images\LCCC-3760.png","7963","images/3701-3800/LCCC-3760.png","LCCC-3760.png","D:\github\ron-english-light-cult-3001-4000\images\3701-3800\LCCC-3760.png","items/lccc-3760.html","https://ronenglish-archive.github.io/ron-english-light-cult-3001-4000/items/lccc-3760.html","https://opensea.io/item/ethereum/0xbe85fbd182af91290be7293438ae67549638189f/3760","OK",""
"3761","3761","Light Cult Crypto Club #3761","RE-005571","3701-3800","D:\github\ron-english-nfts\light-cult-crypto-club\images\LCCC-3761.png","5495","images/3701-3800/LCCC-3761.png","LCCC-3761.png","D:\github\ron-english-light-cult-3001-4000\images\3701-3800\LCCC-3761.png","items/lccc-3761.html","https://ronenglish-archive.github.io/ron-english-light-cult-3001-4000/items/lccc-3761.html","https://opensea.io/item/ethereum/0xbe85fbd182af91290be7293438ae67549638189f/3761","OK",""
"3762","3762","Light Cult Crypto Club #3762","RE-005572","3701-3800","D:\github\ron-english-nfts\light-cult-crypto-club\images\LCCC-3762.png","12298","images/3701-3800/LCCC-3762.png","LCCC-3762.png","D:\github\ron-english-light-cult-3001-4000\images\3701-3800\LCCC-3762.png","items/lccc-3762.html","https://ronenglish-archive.github.io/ron-english-light-cult-3001-4000/items/lccc-3762.html","https://opensea.io/item/ethereum/0xbe85fbd182af91290be7293438ae67549638189f/3762","OK",""
"3763","3763","Light Cult Crypto Club #3763","RE-005573","3701-3800","D:\github\ron-english-nfts\light-cult-crypto-club\images\LCCC-3763.png","32436","images/3701-3800/LCCC-3763.png","LCCC-3763.png","D:\github\ron-english-light-cult-3001-4000\images\3701-3800\LCCC-3763.png","items/lccc-3763.html","https://ronenglish-archive.github.io/ron-english-light-cult-3001-4000/items/lccc-3763.html","https://opensea.io/item/ethereum/0xbe85fbd182af91290be7293438ae67549638189f/3763","OK",""
"3764","3764","Light Cult Crypto Club #3764","RE-005574","3701-3800","D:\github\ron-english-nfts\light-cult-crypto-club\images\LCCC-3764.png","28504","images/3701-3800/LCCC-3764.png","LCCC-3764.png","D:\github\ron-english-light-cult-3001-4000\images\3701-3800\LCCC-3764.png","items/lccc-3764.html","https://ronenglish-archive.github.io/ron-english-light-cult-3001-4000/items/lccc-3764.html","https://opensea.io/item/ethereum/0xbe85fbd182af91290be7293438ae67549638189f/3764","OK",""
"3765","3765","Light Cult Crypto Club #3765","RE-005575","3701-3800","D:\github\ron-english-nfts\light-cult-crypto-club\images\LCCC-3765.png","24147","images/3701-3800/LCCC-3765.png","LCCC-3765.png","D:\github\ron-english-light-cult-3001-4000\images\3701-3800\LCCC-3765.png","items/lccc-3765.html","https://ronenglish-archive.github.io/ron-english-light-cult-3001-4000/items/lccc-3765.html","https://opensea.io/item/ethereum/0xbe85fbd182af91290be7293438ae67549638189f/3765","OK",""
"3766","3766","Light Cult Crypto Club #3766","RE-005576","3701-3800","D:\github\ron-english-nfts\light-cult-crypto-club\images\LCCC-3766.png","28187","images/3701-3800/LCCC-3766.png","LCCC-3766.png","D:\github\ron-english-light-cult-3001-4000\images\3701-3800\LCCC-3766.png","items/lccc-3766.html","https://ronenglish-archive.github.io/ron-english-light-cult-3001-4000/items/lccc-3766.html","https://opensea.io/item/ethereum/0xbe85fbd182af91290be7293438ae67549638189f/3766","OK",""
"3767","3767","Light Cult Crypto Club #3767","RE-005577","3701-3800","D:\github\ron-english-nfts\light-cult-crypto-club\images\LCCC-3767.png","7794","images/3701-3800/LCCC-3767.png","LCCC-3767.png","D:\github\ron-english-light-cult-3001-4000\images\3701-3800\LCCC-3767.png","items/lccc-3767.html","https://ronenglish-archive.github.io/ron-english-light-cult-3001-4000/items/lccc-3767.html","https://opensea.io/item/ethereum/0xbe85fbd182af91290be7293438ae67549638189f/3767","OK",""
"3768","3768","Light Cult Crypto Club #3768","RE-005578","3701-3800","","","","","","items/lccc-3768.html","https://ronenglish-archive.github.io/ron-english-light-cult-3001-4000/items/lccc-3768.html","https://opensea.io/item/ethereum/0xbe85fbd182af91290be7293438ae67549638189f/3768","MISSING SOURCE IMAGE","No source image found for token #3768"
"3769","3769","Light Cult Crypto Club #3769","RE-005579","3701-3800","","","","","","items/lccc-3769.html","https://ronenglish-archive.github.io/ron-english-light-cult-3001-4000/items/lccc-3769.html","https://opensea.io/item/ethereum/0xbe85fbd182af91290be7293438ae67549638189f/3769","MISSING SOURCE IMAGE","No source image found for token #3769"
"3770","3770","Light Cult Crypto Club #3770","RE-005580","3701-3800","D:\github\ron-english-nfts\light-cult-crypto-club\images\LCCC-3770.png","32370","images/3701-3800/LCCC-3770.png","LCCC-3770.png","D:\github\ron-english-light-cult-3001-4000\images\3701-3800\LCCC-3770.png","items/lccc-3770.html","https://ronenglish-archive.github.io/ron-english-light-cult-3001-4000/items/lccc-3770.html","https://opensea.io/item/ethereum/0xbe85fbd182af91290be7293438ae67549638189f/3770","OK",""
"3771","3771","Light Cult Crypto Club #3771","RE-005581","3701-3800","D:\github\ron-english-nfts\light-cult-crypto-club\images\LCCC-3771.png","24199","images/3701-3800/LCCC-3771.png","LCCC-3771.png","D:\github\ron-english-light-cult-3001-4000\images\3701-3800\LCCC-3771.png","items/lccc-3771.html","https://ronenglish-archive.github.io/ron-english-light-cult-3001-4000/items/lccc-3771.html","https://opensea.io/item/ethereum/0xbe85fbd182af91290be7293438ae67549638189f/3771","OK",""
"3772","3772","Light Cult Crypto Club #3772","RE-005582","3701-3800","D:\github\ron-english-nfts\light-cult-crypto-club\images\LCCC-3772.png","33100","images/3701-3800/LCCC-3772.png","LCCC-3772.png","D:\github\ron-english-light-cult-3001-4000\images\3701-3800\LCCC-3772.png","items/lccc-3772.html","https://ronenglish-archive.github.io/ron-english-light-cult-3001-4000/items/lccc-3772.html","https://opensea.io/item/ethereum/0xbe85fbd182af91290be7293438ae67549638189f/3772","OK",""
"3773","3773","Light Cult Crypto Club #3773","RE-005583","3701-3800","D:\github\ron-english-nfts\light-cult-crypto-club\images\LCCC-3773.png","18447","images/3701-3800/LCCC-3773.png","LCCC-3773.png","D:\github\ron-english-light-cult-3001-4000\images\3701-3800\LCCC-3773.png","items/lccc-3773.html","https://ronenglish-archive.github.io/ron-english-light-cult-3001-4000/items/lccc-3773.html","https://opensea.io/item/ethereum/0xbe85fbd182af91290be7293438ae67549638189f/3773","OK",""
"3774","3774","Light Cult Crypto Club #3774","RE-005584","3701-3800","D:\github\ron-english-nfts\light-cult-crypto-club\images\LCCC-3774.png","27234","images/3701-3800/LCCC-3774.png","LCCC-3774.png","D:\github\ron-english-light-cult-3001-4000\images\3701-3800\LCCC-3774.png","items/lccc-3774.html","https://ronenglish-archive.github.io/ron-english-light-cult-3001-4000/items/lccc-3774.html","https://opensea.io/item/ethereum/0xbe85fbd182af91290be7293438ae67549638189f/3774","OK",""
"3775","3775","Light Cult Crypto Club #3775","RE-005585","3701-3800","D:\github\ron-english-nfts\light-cult-crypto-club\images\LCCC-3775.png","32001","images/3701-3800/LCCC-3775.png","LCCC-3775.png","D:\github\ron-english-light-cult-3001-4000\images\3701-3800\LCCC-3775.png","items/lccc-3775.html","https://ronenglish-archive.github.io/ron-english-light-cult-3001-4000/items/lccc-3775.html","https://opensea.io/item/ethereum/0xbe85fbd182af91290be7293438ae67549638189f/3775","OK",""
"3776","3776","Light Cult Crypto Club #3776","RE-005586","3701-3800","D:\github\ron-english-nfts\light-cult-crypto-club\images\LCCC-3776.png","34058","images/3701-3800/LCCC-3776.png","LCCC-3776.png","D:\github\ron-english-light-cult-3001-4000\images\3701-3800\LCCC-3776.png","items/lccc-3776.html","https://ronenglish-archive.github.io/ron-english-light-cult-3001-4000/items/lccc-3776.html","https://opensea.io/item/ethereum/0xbe85fbd182af91290be7293438ae67549638189f/3776","OK",""
"3777","3777","Light Cult Crypto Club #3777","RE-005587","3701-3800","","","","","","items/lccc-3777.html","https://ronenglish-archive.github.io/ron-english-light-cult-3001-4000/items/lccc-3777.html","https://opensea.io/item/ethereum/0xbe85fbd182af91290be7293438ae67549638189f/3777","MISSING SOURCE IMAGE","No source image found for token #3777"
"3778","3778","Light Cult Crypto Club #3778","RE-005588","3701-3800","D:\github\ron-english-nfts\light-cult-crypto-club\images\LCCC-3778.png","31898","images/3701-3800/LCCC-3778.png","LCCC-3778.png","D:\github\ron-english-light-cult-3001-4000\images\3701-3800\LCCC-3778.png","items/lccc-3778.html","https://ronenglish-archive.github.io/ron-english-light-cult-3001-4000/items/lccc-3778.html","https://opensea.io/item/ethereum/0xbe85fbd182af91290be7293438ae67549638189f/3778","OK",""
"3779","3779","Light Cult Crypto Club #3779","RE-005589","3701-3800","","","","","","items/lccc-3779.html","https://ronenglish-archive.github.io/ron-english-light-cult-3001-4000/items/lccc-3779.html","https://opensea.io/item/ethereum/0xbe85fbd182af91290be7293438ae67549638189f/3779","MISSING SOURCE IMAGE","No source image found for token #3779"
"3780","3780","Light Cult Crypto Club #3780","RE-005590","3701-3800","D:\github\ron-english-nfts\light-cult-crypto-club\images\LCCC-3780.png","14662","images/3701-3800/LCCC-3780.png","LCCC-3780.png","D:\github\ron-english-light-cult-3001-4000\images\3701-3800\LCCC-3780.png","items/lccc-3780.html","https://ronenglish-archive.github.io/ron-english-light-cult-3001-4000/items/lccc-3780.html","https://opensea.io/item/ethereum/0xbe85fbd182af91290be7293438ae67549638189f/3780","OK",""
"3781","3781","Light Cult Crypto Club #3781","RE-005591","3701-3800","D:\github\ron-english-nfts\light-cult-crypto-club\images\LCCC-3781.png","23176","images/3701-3800/LCCC-3781.png","LCCC-3781.png","D:\github\ron-english-light-cult-3001-4000\images\3701-3800\LCCC-3781.png","items/lccc-3781.html","https://ronenglish-archive.github.io/ron-english-light-cult-3001-4000/items/lccc-3781.html","https://opensea.io/item/ethereum/0xbe85fbd182af91290be7293438ae67549638189f/3781","OK",""
"3782","3782","Light Cult Crypto Club #3782","RE-005592","3701-3800","D:\github\ron-english-nfts\light-cult-crypto-club\images\LCCC-3782.png","20408","images/3701-3800/LCCC-3782.png","LCCC-3782.png","D:\github\ron-english-light-cult-3001-4000\images\3701-3800\LCCC-3782.png","items/lccc-3782.html","https://ronenglish-archive.github.io/ron-english-light-cult-3001-4000/items/lccc-3782.html","https://opensea.io/item/ethereum/0xbe85fbd182af91290be7293438ae67549638189f/3782","OK",""
"3783","3783","Light Cult Crypto Club #3783","RE-005593","3701-3800","D:\github\ron-english-nfts\light-cult-crypto-club\images\LCCC-3783.png","15068","images/3701-3800/LCCC-3783.png","LCCC-3783.png","D:\github\ron-english-light-cult-3001-4000\images\3701-3800\LCCC-3783.png","items/lccc-3783.html","https://ronenglish-archive.github.io/ron-english-light-cult-3001-4000/items/lccc-3783.html","https://opensea.io/item/ethereum/0xbe85fbd182af91290be7293438ae67549638189f/3783","OK",""
"3784","3784","Light Cult Crypto Club #3784","RE-005594","3701-3800","D:\github\ron-english-nfts\light-cult-crypto-club\images\LCCC-3784.png","15574","images/3701-3800/LCCC-3784.png","LCCC-3784.png","D:\github\ron-english-light-cult-3001-4000\images\3701-3800\LCCC-3784.png","items/lccc-3784.html","https://ronenglish-archive.github.io/ron-english-light-cult-3001-4000/items/lccc-3784.html","https://opensea.io/item/ethereum/0xbe85fbd182af91290be7293438ae67549638189f/3784","OK",""
"3785","3785","Light Cult Crypto Club #3785","RE-005595","3701-3800","D:\github\ron-english-nfts\light-cult-crypto-club\images\LCCC-3785.png","4103","images/3701-3800/LCCC-3785.png","LCCC-3785.png","D:\github\ron-english-light-cult-3001-4000\images\3701-3800\LCCC-3785.png","items/lccc-3785.html","https://ronenglish-archive.github.io/ron-english-light-cult-3001-4000/items/lccc-3785.html","https://opensea.io/item/ethereum/0xbe85fbd182af91290be7293438ae67549638189f/3785","OK",""
"3786","3786","Light Cult Crypto Club #3786","RE-005596","3701-3800","D:\github\ron-english-nfts\light-cult-crypto-club\images\LCCC-3786.png","14142","images/3701-3800/LCCC-3786.png","LCCC-3786.png","D:\github\ron-english-light-cult-3001-4000\images\3701-3800\LCCC-3786.png","items/lccc-3786.html","https://ronenglish-archive.github.io/ron-english-light-cult-3001-4000/items/lccc-3786.html","https://opensea.io/item/ethereum/0xbe85fbd182af91290be7293438ae67549638189f/3786","OK",""
"3787","3787","Light Cult Crypto Club #3787","RE-005597","3701-3800","D:\github\ron-english-nfts\light-cult-crypto-club\images\LCCC-3787.png","28377","images/3701-3800/LCCC-3787.png","LCCC-3787.png","D:\github\ron-english-light-cult-3001-4000\images\3701-3800\LCCC-3787.png","items/lccc-3787.html","https://ronenglish-archive.github.io/ron-english-light-cult-3001-4000/items/lccc-3787.html","https://opensea.io/item/ethereum/0xbe85fbd182af91290be7293438ae67549638189f/3787","OK",""
"3788","3788","Light Cult Crypto Club #3788","RE-005598","3701-3800","D:\github\ron-english-nfts\light-cult-crypto-club\images\LCCC-3788.png","22700","images/3701-3800/LCCC-3788.png","LCCC-3788.png","D:\github\ron-english-light-cult-3001-4000\images\3701-3800\LCCC-3788.png","items/lccc-3788.html","https://ronenglish-archive.github.io/ron-english-light-cult-3001-4000/items/lccc-3788.html","https://opensea.io/item/ethereum/0xbe85fbd182af91290be7293438ae67549638189f/3788","OK",""
"3789","3789","Light Cult Crypto Club #3789","RE-005599","3701-3800","D:\github\ron-english-nfts\light-cult-crypto-club\images\LCCC-3789.png","35587","images/3701-3800/LCCC-3789.png","LCCC-3789.png","D:\github\ron-english-light-cult-3001-4000\images\3701-3800\LCCC-3789.png","items/lccc-3789.html","https://ronenglish-archive.github.io/ron-english-light-cult-3001-4000/items/lccc-3789.html","https://opensea.io/item/ethereum/0xbe85fbd182af91290be7293438ae67549638189f/3789","OK",""
"3790","3790","Light Cult Crypto Club #3790","RE-005600","3701-3800","D:\github\ron-english-nfts\light-cult-crypto-club\images\LCCC-3790.png","31258","images/3701-3800/LCCC-3790.png","LCCC-3790.png","D:\github\ron-english-light-cult-3001-4000\images\3701-3800\LCCC-3790.png","items/lccc-3790.html","https://ronenglish-archive.github.io/ron-english-light-cult-3001-4000/items/lccc-3790.html","https://opensea.io/item/ethereum/0xbe85fbd182af91290be7293438ae67549638189f/3790","OK",""
"3791","3791","Light Cult Crypto Club #3791","RE-005601","3701-3800","","","","","","items/lccc-3791.html","https://ronenglish-archive.github.io/ron-english-light-cult-3001-4000/items/lccc-3791.html","https://opensea.io/item/ethereum/0xbe85fbd182af91290be7293438ae67549638189f/3791","MISSING SOURCE IMAGE","No source image found for token #3791"
"3792","3792","Light Cult Crypto Club #3792","RE-005602","3701-3800","D:\github\ron-english-nfts\light-cult-crypto-club\images\LCCC-3792.png","8098","images/3701-3800/LCCC-3792.png","LCCC-3792.png","D:\github\ron-english-light-cult-3001-4000\images\3701-3800\LCCC-3792.png","items/lccc-3792.html","https://ronenglish-archive.github.io/ron-english-light-cult-3001-4000/items/lccc-3792.html","https://opensea.io/item/ethereum/0xbe85fbd182af91290be7293438ae67549638189f/3792","OK",""
"3793","3793","Light Cult Crypto Club #3793","RE-005603","3701-3800","D:\github\ron-english-nfts\light-cult-crypto-club\images\LCCC-3793.png","11348","images/3701-3800/LCCC-3793.png","LCCC-3793.png","D:\github\ron-english-light-cult-3001-4000\images\3701-3800\LCCC-3793.png","items/lccc-3793.html","https://ronenglish-archive.github.io/ron-english-light-cult-3001-4000/items/lccc-3793.html","https://opensea.io/item/ethereum/0xbe85fbd182af91290be7293438ae67549638189f/3793","OK",""
"3794","3794","Light Cult Crypto Club #3794","RE-005604","3701-3800","D:\github\ron-english-nfts\light-cult-crypto-club\images\LCCC-3794.png","19694","images/3701-3800/LCCC-3794.png","LCCC-3794.png","D:\github\ron-english-light-cult-3001-4000\images\3701-3800\LCCC-3794.png","items/lccc-3794.html","https://ronenglish-archive.github.io/ron-english-light-cult-3001-4000/items/lccc-3794.html","https://opensea.io/item/ethereum/0xbe85fbd182af91290be7293438ae67549638189f/3794","OK",""
"3795","3795","Light Cult Crypto Club #3795","RE-005605","3701-3800","D:\github\ron-english-nfts\light-cult-crypto-club\images\LCCC-3795.png","32809","images/3701-3800/LCCC-3795.png","LCCC-3795.png","D:\github\ron-english-light-cult-3001-4000\images\3701-3800\LCCC-3795.png","items/lccc-3795.html","https://ronenglish-archive.github.io/ron-english-light-cult-3001-4000/items/lccc-3795.html","https://opensea.io/item/ethereum/0xbe85fbd182af91290be7293438ae67549638189f/3795","OK",""
"3796","3796","Light Cult Crypto Club #3796","RE-005606","3701-3800","","","","","","items/lccc-3796.html","https://ronenglish-archive.github.io/ron-english-light-cult-3001-4000/items/lccc-3796.html","https://opensea.io/item/ethereum/0xbe85fbd182af91290be7293438ae67549638189f/3796","MISSING SOURCE IMAGE","No source image found for token #3796"
"3797","3797","Light Cult Crypto Club #3797","RE-005607","3701-3800","D:\github\ron-english-nfts\light-cult-crypto-club\images\LCCC-3797.png","8270","images/3701-3800/LCCC-3797.png","LCCC-3797.png","D:\github\ron-english-light-cult-3001-4000\images\3701-3800\LCCC-3797.png","items/lccc-3797.html","https://ronenglish-archive.github.io/ron-english-light-cult-3001-4000/items/lccc-3797.html","https://opensea.io/item/ethereum/0xbe85fbd182af91290be7293438ae67549638189f/3797","OK",""
"3798","3798","Light Cult Crypto Club #3798","RE-005608","3701-3800","D:\github\ron-english-nfts\light-cult-crypto-club\images\LCCC-3798.png","27550","images/3701-3800/LCCC-3798.png","LCCC-3798.png","D:\github\ron-english-light-cult-3001-4000\images\3701-3800\LCCC-3798.png","items/lccc-3798.html","https://ronenglish-archive.github.io/ron-english-light-cult-3001-4000/items/lccc-3798.html","https://opensea.io/item/ethereum/0xbe85fbd182af91290be7293438ae67549638189f/3798","OK",""
"3799","3799","Light Cult Crypto Club #3799","RE-005609","3701-3800","D:\github\ron-english-nfts\light-cult-crypto-club\images\LCCC-3799.png","8658","images/3701-3800/LCCC-3799.png","LCCC-3799.png","D:\github\ron-english-light-cult-3001-4000\images\3701-3800\LCCC-3799.png","items/lccc-3799.html","https://ronenglish-archive.github.io/ron-english-light-cult-3001-4000/items/lccc-3799.html","https://opensea.io/item/ethereum/0xbe85fbd182af91290be7293438ae67549638189f/3799","OK",""
"3800","3800","Light Cult Crypto Club #3800","RE-005610","3701-3800","D:\github\ron-english-nfts\light-cult-crypto-club\images\LCCC-3800.png","6044","images/3701-3800/LCCC-3800.png","LCCC-3800.png","D:\github\ron-english-light-cult-3001-4000\images\3701-3800\LCCC-3800.png","items/lccc-3800.html","https://ronenglish-archive.github.io/ron-english-light-cult-3001-4000/items/lccc-3800.html","https://opensea.io/item/ethereum/0xbe85fbd182af91290be7293438ae67549638189f/3800","OK",""
"3801","3801","Light Cult Crypto Club #3801","RE-005611","3801-3900","D:\github\ron-english-nfts\light-cult-crypto-club\images\LCCC-3801.png","12316","images/3801-3900/LCCC-3801.png","LCCC-3801.png","D:\github\ron-english-light-cult-3001-4000\images\3801-3900\LCCC-3801.png","items/lccc-3801.html","https://ronenglish-archive.github.io/ron-english-light-cult-3001-4000/items/lccc-3801.html","https://opensea.io/item/ethereum/0xbe85fbd182af91290be7293438ae67549638189f/3801","OK",""
"3802","3802","Light Cult Crypto Club #3802","RE-005612","3801-3900","D:\github\ron-english-nfts\light-cult-crypto-club\images\LCCC-3802.png","17828","images/3801-3900/LCCC-3802.png","LCCC-3802.png","D:\github\ron-english-light-cult-3001-4000\images\3801-3900\LCCC-3802.png","items/lccc-3802.html","https://ronenglish-archive.github.io/ron-english-light-cult-3001-4000/items/lccc-3802.html","https://opensea.io/item/ethereum/0xbe85fbd182af91290be7293438ae67549638189f/3802","OK",""
"3803","3803","Light Cult Crypto Club #3803","RE-005613","3801-3900","D:\github\ron-english-nfts\light-cult-crypto-club\images\LCCC-3803.png","5179","images/3801-3900/LCCC-3803.png","LCCC-3803.png","D:\github\ron-english-light-cult-3001-4000\images\3801-3900\LCCC-3803.png","items/lccc-3803.html","https://ronenglish-archive.github.io/ron-english-light-cult-3001-4000/items/lccc-3803.html","https://opensea.io/item/ethereum/0xbe85fbd182af91290be7293438ae67549638189f/3803","OK",""
"3804","3804","Light Cult Crypto Club #3804","RE-005614","3801-3900","D:\github\ron-english-nfts\light-cult-crypto-club\images\LCCC-3804.png","41924","images/3801-3900/LCCC-3804.png","LCCC-3804.png","D:\github\ron-english-light-cult-3001-4000\images\3801-3900\LCCC-3804.png","items/lccc-3804.html","https://ronenglish-archive.github.io/ron-english-light-cult-3001-4000/items/lccc-3804.html","https://opensea.io/item/ethereum/0xbe85fbd182af91290be7293438ae67549638189f/3804","OK",""
"3805","3805","Light Cult Crypto Club #3805","RE-005615","3801-3900","D:\github\ron-english-nfts\light-cult-crypto-club\images\LCCC-3805.png","23028","images/3801-3900/LCCC-3805.png","LCCC-3805.png","D:\github\ron-english-light-cult-3001-4000\images\3801-3900\LCCC-3805.png","items/lccc-3805.html","https://ronenglish-archive.github.io/ron-english-light-cult-3001-4000/items/lccc-3805.html","https://opensea.io/item/ethereum/0xbe85fbd182af91290be7293438ae67549638189f/3805","OK",""
"3806","3806","Light Cult Crypto Club #3806","RE-005616","3801-3900","D:\github\ron-english-nfts\light-cult-crypto-club\images\LCCC-3806.png","8873","images/3801-3900/LCCC-3806.png","LCCC-3806.png","D:\github\ron-english-light-cult-3001-4000\images\3801-3900\LCCC-3806.png","items/lccc-3806.html","https://ronenglish-archive.github.io/ron-english-light-cult-3001-4000/items/lccc-3806.html","https://opensea.io/item/ethereum/0xbe85fbd182af91290be7293438ae67549638189f/3806","OK",""
"3807","3807","Light Cult Crypto Club #3807","RE-005617","3801-3900","D:\github\ron-english-nfts\light-cult-crypto-club\images\LCCC-3807.png","9460","images/3801-3900/LCCC-3807.png","LCCC-3807.png","D:\github\ron-english-light-cult-3001-4000\images\3801-3900\LCCC-3807.png","items/lccc-3807.html","https://ronenglish-archive.github.io/ron-english-light-cult-3001-4000/items/lccc-3807.html","https://opensea.io/item/ethereum/0xbe85fbd182af91290be7293438ae67549638189f/3807","OK",""
"3808","3808","Light Cult Crypto Club #3808","RE-005618","3801-3900","D:\github\ron-english-nfts\light-cult-crypto-club\images\LCCC-3808.png","8619","images/3801-3900/LCCC-3808.png","LCCC-3808.png","D:\github\ron-english-light-cult-3001-4000\images\3801-3900\LCCC-3808.png","items/lccc-3808.html","https://ronenglish-archive.github.io/ron-english-light-cult-3001-4000/items/lccc-3808.html","https://opensea.io/item/ethereum/0xbe85fbd182af91290be7293438ae67549638189f/3808","OK",""
"3809","3809","Light Cult Crypto Club #3809","RE-005619","3801-3900","D:\github\ron-english-nfts\light-cult-crypto-club\images\LCCC-3809.png","14949","images/3801-3900/LCCC-3809.png","LCCC-3809.png","D:\github\ron-english-light-cult-3001-4000\images\3801-3900\LCCC-3809.png","items/lccc-3809.html","https://ronenglish-archive.github.io/ron-english-light-cult-3001-4000/items/lccc-3809.html","https://opensea.io/item/ethereum/0xbe85fbd182af91290be7293438ae67549638189f/3809","OK",""
"3810","3810","Light Cult Crypto Club #3810","RE-005620","3801-3900","D:\github\ron-english-nfts\light-cult-crypto-club\images\LCCC-3810.png","6068","images/3801-3900/LCCC-3810.png","LCCC-3810.png","D:\github\ron-english-light-cult-3001-4000\images\3801-3900\LCCC-3810.png","items/lccc-3810.html","https://ronenglish-archive.github.io/ron-english-light-cult-3001-4000/items/lccc-3810.html","https://opensea.io/item/ethereum/0xbe85fbd182af91290be7293438ae67549638189f/3810","OK",""
"3811","3811","Light Cult Crypto Club #3811","RE-005621","3801-3900","D:\github\ron-english-nfts\light-cult-crypto-club\images\LCCC-3811.png","7776","images/3801-3900/LCCC-3811.png","LCCC-3811.png","D:\github\ron-english-light-cult-3001-4000\images\3801-3900\LCCC-3811.png","items/lccc-3811.html","https://ronenglish-archive.github.io/ron-english-light-cult-3001-4000/items/lccc-3811.html","https://opensea.io/item/ethereum/0xbe85fbd182af91290be7293438ae67549638189f/3811","OK",""
"3812","3812","Light Cult Crypto Club #3812","RE-005622","3801-3900","D:\github\ron-english-nfts\light-cult-crypto-club\images\LCCC-3812.png","7074","images/3801-3900/LCCC-3812.png","LCCC-3812.png","D:\github\ron-english-light-cult-3001-4000\images\3801-3900\LCCC-3812.png","items/lccc-3812.html","https://ronenglish-archive.github.io/ron-english-light-cult-3001-4000/items/lccc-3812.html","https://opensea.io/item/ethereum/0xbe85fbd182af91290be7293438ae67549638189f/3812","OK",""
"3813","3813","Light Cult Crypto Club #3813","RE-005623","3801-3900","D:\github\ron-english-nfts\light-cult-crypto-club\images\LCCC-3813.png","27904","images/3801-3900/LCCC-3813.png","LCCC-3813.png","D:\github\ron-english-light-cult-3001-4000\images\3801-3900\LCCC-3813.png","items/lccc-3813.html","https://ronenglish-archive.github.io/ron-english-light-cult-3001-4000/items/lccc-3813.html","https://opensea.io/item/ethereum/0xbe85fbd182af91290be7293438ae67549638189f/3813","OK",""
"3814","3814","Light Cult Crypto Club #3814","RE-005624","3801-3900","D:\github\ron-english-nfts\light-cult-crypto-club\images\LCCC-3814.png","14932","images/3801-3900/LCCC-3814.png","LCCC-3814.png","D:\github\ron-english-light-cult-3001-4000\images\3801-3900\LCCC-3814.png","items/lccc-3814.html","https://ronenglish-archive.github.io/ron-english-light-cult-3001-4000/items/lccc-3814.html","https://opensea.io/item/ethereum/0xbe85fbd182af91290be7293438ae67549638189f/3814","OK",""
"3815","3815","Light Cult Crypto Club #3815","RE-005625","3801-3900","D:\github\ron-english-nfts\light-cult-crypto-club\images\LCCC-3815.png","29756","images/3801-3900/LCCC-3815.png","LCCC-3815.png","D:\github\ron-english-light-cult-3001-4000\images\3801-3900\LCCC-3815.png","items/lccc-3815.html","https://ronenglish-archive.github.io/ron-english-light-cult-3001-4000/items/lccc-3815.html","https://opensea.io/item/ethereum/0xbe85fbd182af91290be7293438ae67549638189f/3815","OK",""
"3816","3816","Light Cult Crypto Club #3816","RE-005626","3801-3900","D:\github\ron-english-nfts\light-cult-crypto-club\images\LCCC-3816.png","24485","images/3801-3900/LCCC-3816.png","LCCC-3816.png","D:\github\ron-english-light-cult-3001-4000\images\3801-3900\LCCC-3816.png","items/lccc-3816.html","https://ronenglish-archive.github.io/ron-english-light-cult-3001-4000/items/lccc-3816.html","https://opensea.io/item/ethereum/0xbe85fbd182af91290be7293438ae67549638189f/3816","OK",""
"3817","3817","Light Cult Crypto Club #3817","RE-005627","3801-3900","D:\github\ron-english-nfts\light-cult-crypto-club\images\LCCC-3817.png","34767","images/3801-3900/LCCC-3817.png","LCCC-3817.png","D:\github\ron-english-light-cult-3001-4000\images\3801-3900\LCCC-3817.png","items/lccc-3817.html","https://ronenglish-archive.github.io/ron-english-light-cult-3001-4000/items/lccc-3817.html","https://opensea.io/item/ethereum/0xbe85fbd182af91290be7293438ae67549638189f/3817","OK",""
"3818","3818","Light Cult Crypto Club #3818","RE-005628","3801-3900","D:\github\ron-english-nfts\light-cult-crypto-club\images\LCCC-3818.png","26250","images/3801-3900/LCCC-3818.png","LCCC-3818.png","D:\github\ron-english-light-cult-3001-4000\images\3801-3900\LCCC-3818.png","items/lccc-3818.html","https://ronenglish-archive.github.io/ron-english-light-cult-3001-4000/items/lccc-3818.html","https://opensea.io/item/ethereum/0xbe85fbd182af91290be7293438ae67549638189f/3818","OK",""
"3819","3819","Light Cult Crypto Club #3819","RE-005629","3801-3900","D:\github\ron-english-nfts\light-cult-crypto-club\images\LCCC-3819.png","18655","images/3801-3900/LCCC-3819.png","LCCC-3819.png","D:\github\ron-english-light-cult-3001-4000\images\3801-3900\LCCC-3819.png","items/lccc-3819.html","https://ronenglish-archive.github.io/ron-english-light-cult-3001-4000/items/lccc-3819.html","https://opensea.io/item/ethereum/0xbe85fbd182af91290be7293438ae67549638189f/3819","OK",""
"3820","3820","Light Cult Crypto Club #3820","RE-005630","3801-3900","","","","","","items/lccc-3820.html","https://ronenglish-archive.github.io/ron-english-light-cult-3001-4000/items/lccc-3820.html","https://opensea.io/item/ethereum/0xbe85fbd182af91290be7293438ae67549638189f/3820","MISSING SOURCE IMAGE","No source image found for token #3820"
"3821","3821","Light Cult Crypto Club #3821","RE-005631","3801-3900","D:\github\ron-english-nfts\light-cult-crypto-club\images\LCCC-3821.png","17181","images/3801-3900/LCCC-3821.png","LCCC-3821.png","D:\github\ron-english-light-cult-3001-4000\images\3801-3900\LCCC-3821.png","items/lccc-3821.html","https://ronenglish-archive.github.io/ron-english-light-cult-3001-4000/items/lccc-3821.html","https://opensea.io/item/ethereum/0xbe85fbd182af91290be7293438ae67549638189f/3821","OK",""
"3822","3822","Light Cult Crypto Club #3822","RE-005632","3801-3900","D:\github\ron-english-nfts\light-cult-crypto-club\images\LCCC-3822.png","17443","images/3801-3900/LCCC-3822.png","LCCC-3822.png","D:\github\ron-english-light-cult-3001-4000\images\3801-3900\LCCC-3822.png","items/lccc-3822.html","https://ronenglish-archive.github.io/ron-english-light-cult-3001-4000/items/lccc-3822.html","https://opensea.io/item/ethereum/0xbe85fbd182af91290be7293438ae67549638189f/3822","OK",""
"3823","3823","Light Cult Crypto Club #3823","RE-005633","3801-3900","D:\github\ron-english-nfts\light-cult-crypto-club\images\LCCC-3823.png","28764","images/3801-3900/LCCC-3823.png","LCCC-3823.png","D:\github\ron-english-light-cult-3001-4000\images\3801-3900\LCCC-3823.png","items/lccc-3823.html","https://ronenglish-archive.github.io/ron-english-light-cult-3001-4000/items/lccc-3823.html","https://opensea.io/item/ethereum/0xbe85fbd182af91290be7293438ae67549638189f/3823","OK",""
"3824","3824","Light Cult Crypto Club #3824","RE-005634","3801-3900","D:\github\ron-english-nfts\light-cult-crypto-club\images\LCCC-3824.png","7938","images/3801-3900/LCCC-3824.png","LCCC-3824.png","D:\github\ron-english-light-cult-3001-4000\images\3801-3900\LCCC-3824.png","items/lccc-3824.html","https://ronenglish-archive.github.io/ron-english-light-cult-3001-4000/items/lccc-3824.html","https://opensea.io/item/ethereum/0xbe85fbd182af91290be7293438ae67549638189f/3824","OK",""
"3825","3825","Light Cult Crypto Club #3825","RE-005635","3801-3900","","","","","","items/lccc-3825.html","https://ronenglish-archive.github.io/ron-english-light-cult-3001-4000/items/lccc-3825.html","https://opensea.io/item/ethereum/0xbe85fbd182af91290be7293438ae67549638189f/3825","MISSING SOURCE IMAGE","No source image found for token #3825"
"3826","3826","Light Cult Crypto Club #3826","RE-005636","3801-3900","D:\github\ron-english-nfts\light-cult-crypto-club\images\LCCC-3826.png","22883","images/3801-3900/LCCC-3826.png","LCCC-3826.png","D:\github\ron-english-light-cult-3001-4000\images\3801-3900\LCCC-3826.png","items/lccc-3826.html","https://ronenglish-archive.github.io/ron-english-light-cult-3001-4000/items/lccc-3826.html","https://opensea.io/item/ethereum/0xbe85fbd182af91290be7293438ae67549638189f/3826","OK",""
"3827","3827","Light Cult Crypto Club #3827","RE-005637","3801-3900","D:\github\ron-english-nfts\light-cult-crypto-club\images\LCCC-3827.png","7973","images/3801-3900/LCCC-3827.png","LCCC-3827.png","D:\github\ron-english-light-cult-3001-4000\images\3801-3900\LCCC-3827.png","items/lccc-3827.html","https://ronenglish-archive.github.io/ron-english-light-cult-3001-4000/items/lccc-3827.html","https://opensea.io/item/ethereum/0xbe85fbd182af91290be7293438ae67549638189f/3827","OK",""
"3828","3828","Light Cult Crypto Club #3828","RE-005638","3801-3900","D:\github\ron-english-nfts\light-cult-crypto-club\images\LCCC-3828.png","4908","images/3801-3900/LCCC-3828.png","LCCC-3828.png","D:\github\ron-english-light-cult-3001-4000\images\3801-3900\LCCC-3828.png","items/lccc-3828.html","https://ronenglish-archive.github.io/ron-english-light-cult-3001-4000/items/lccc-3828.html","https://opensea.io/item/ethereum/0xbe85fbd182af91290be7293438ae67549638189f/3828","OK",""
"3829","3829","Light Cult Crypto Club #3829","RE-005639","3801-3900","D:\github\ron-english-nfts\light-cult-crypto-club\images\LCCC-3829.png","25749","images/3801-3900/LCCC-3829.png","LCCC-3829.png","D:\github\ron-english-light-cult-3001-4000\images\3801-3900\LCCC-3829.png","items/lccc-3829.html","https://ronenglish-archive.github.io/ron-english-light-cult-3001-4000/items/lccc-3829.html","https://opensea.io/item/ethereum/0xbe85fbd182af91290be7293438ae67549638189f/3829","OK",""
"3830","3830","Light Cult Crypto Club #3830","RE-005640","3801-3900","D:\github\ron-english-nfts\light-cult-crypto-club\images\LCCC-3830.png","15733","images/3801-3900/LCCC-3830.png","LCCC-3830.png","D:\github\ron-english-light-cult-3001-4000\images\3801-3900\LCCC-3830.png","items/lccc-3830.html","https://ronenglish-archive.github.io/ron-english-light-cult-3001-4000/items/lccc-3830.html","https://opensea.io/item/ethereum/0xbe85fbd182af91290be7293438ae67549638189f/3830","OK",""
"3831","3831","Light Cult Crypto Club #3831","RE-005641","3801-3900","D:\github\ron-english-nfts\light-cult-crypto-club\images\LCCC-3831.png","31534","images/3801-3900/LCCC-3831.png","LCCC-3831.png","D:\github\ron-english-light-cult-3001-4000\images\3801-3900\LCCC-3831.png","items/lccc-3831.html","https://ronenglish-archive.github.io/ron-english-light-cult-3001-4000/items/lccc-3831.html","https://opensea.io/item/ethereum/0xbe85fbd182af91290be7293438ae67549638189f/3831","OK",""
"3832","3832","Light Cult Crypto Club #3832","RE-005642","3801-3900","D:\github\ron-english-nfts\light-cult-crypto-club\images\LCCC-3832.png","32232","images/3801-3900/LCCC-3832.png","LCCC-3832.png","D:\github\ron-english-light-cult-3001-4000\images\3801-3900\LCCC-3832.png","items/lccc-3832.html","https://ronenglish-archive.github.io/ron-english-light-cult-3001-4000/items/lccc-3832.html","https://opensea.io/item/ethereum/0xbe85fbd182af91290be7293438ae67549638189f/3832","OK",""
"3833","3833","Light Cult Crypto Club #3833","RE-005643","3801-3900","D:\github\ron-english-nfts\light-cult-crypto-club\images\LCCC-3833.png","18613","images/3801-3900/LCCC-3833.png","LCCC-3833.png","D:\github\ron-english-light-cult-3001-4000\images\3801-3900\LCCC-3833.png","items/lccc-3833.html","https://ronenglish-archive.github.io/ron-english-light-cult-3001-4000/items/lccc-3833.html","https://opensea.io/item/ethereum/0xbe85fbd182af91290be7293438ae67549638189f/3833","OK",""
"3834","3834","Light Cult Crypto Club #3834","RE-005644","3801-3900","D:\github\ron-english-nfts\light-cult-crypto-club\images\LCCC-3834.png","5810","images/3801-3900/LCCC-3834.png","LCCC-3834.png","D:\github\ron-english-light-cult-3001-4000\images\3801-3900\LCCC-3834.png","items/lccc-3834.html","https://ronenglish-archive.github.io/ron-english-light-cult-3001-4000/items/lccc-3834.html","https://opensea.io/item/ethereum/0xbe85fbd182af91290be7293438ae67549638189f/3834","OK",""
"3835","3835","Light Cult Crypto Club #3835","RE-005645","3801-3900","","","","","","items/lccc-3835.html","https://ronenglish-archive.github.io/ron-english-light-cult-3001-4000/items/lccc-3835.html","https://opensea.io/item/ethereum/0xbe85fbd182af91290be7293438ae67549638189f/3835","MISSING SOURCE IMAGE","No source image found for token #3835"
"3836","3836","Light Cult Crypto Club #3836","RE-005646","3801-3900","D:\github\ron-english-nfts\light-cult-crypto-club\images\LCCC-3836.png","17592","images/3801-3900/LCCC-3836.png","LCCC-3836.png","D:\github\ron-english-light-cult-3001-4000\images\3801-3900\LCCC-3836.png","items/lccc-3836.html","https://ronenglish-archive.github.io/ron-english-light-cult-3001-4000/items/lccc-3836.html","https://opensea.io/item/ethereum/0xbe85fbd182af91290be7293438ae67549638189f/3836","OK",""
"3837","3837","Light Cult Crypto Club #3837","RE-005647","3801-3900","D:\github\ron-english-nfts\light-cult-crypto-club\images\LCCC-3837.png","14802","images/3801-3900/LCCC-3837.png","LCCC-3837.png","D:\github\ron-english-light-cult-3001-4000\images\3801-3900\LCCC-3837.png","items/lccc-3837.html","https://ronenglish-archive.github.io/ron-english-light-cult-3001-4000/items/lccc-3837.html","https://opensea.io/item/ethereum/0xbe85fbd182af91290be7293438ae67549638189f/3837","OK",""
"3838","3838","Light Cult Crypto Club #3838","RE-005648","3801-3900","D:\github\ron-english-nfts\light-cult-crypto-club\images\LCCC-3838.png","9683","images/3801-3900/LCCC-3838.png","LCCC-3838.png","D:\github\ron-english-light-cult-3001-4000\images\3801-3900\LCCC-3838.png","items/lccc-3838.html","https://ronenglish-archive.github.io/ron-english-light-cult-3001-4000/items/lccc-3838.html","https://opensea.io/item/ethereum/0xbe85fbd182af91290be7293438ae67549638189f/3838","OK",""
"3839","3839","Light Cult Crypto Club #3839","RE-005649","3801-3900","D:\github\ron-english-nfts\light-cult-crypto-club\images\LCCC-3839.png","5273","images/3801-3900/LCCC-3839.png","LCCC-3839.png","D:\github\ron-english-light-cult-3001-4000\images\3801-3900\LCCC-3839.png","items/lccc-3839.html","https://ronenglish-archive.github.io/ron-english-light-cult-3001-4000/items/lccc-3839.html","https://opensea.io/item/ethereum/0xbe85fbd182af91290be7293438ae67549638189f/3839","OK",""
"3840","3840","Light Cult Crypto Club #3840","RE-005650","3801-3900","D:\github\ron-english-nfts\light-cult-crypto-club\images\LCCC-3840.png","20321","images/3801-3900/LCCC-3840.png","LCCC-3840.png","D:\github\ron-english-light-cult-3001-4000\images\3801-3900\LCCC-3840.png","items/lccc-3840.html","https://ronenglish-archive.github.io/ron-english-light-cult-3001-4000/items/lccc-3840.html","https://opensea.io/item/ethereum/0xbe85fbd182af91290be7293438ae67549638189f/3840","OK",""
"3841","3841","Light Cult Crypto Club #3841","RE-005651","3801-3900","D:\github\ron-english-nfts\light-cult-crypto-club\images\LCCC-3841.png","16020","images/3801-3900/LCCC-3841.png","LCCC-3841.png","D:\github\ron-english-light-cult-3001-4000\images\3801-3900\LCCC-3841.png","items/lccc-3841.html","https://ronenglish-archive.github.io/ron-english-light-cult-3001-4000/items/lccc-3841.html","https://opensea.io/item/ethereum/0xbe85fbd182af91290be7293438ae67549638189f/3841","OK",""
"3842","3842","Light Cult Crypto Club #3842","RE-005652","3801-3900","D:\github\ron-english-nfts\light-cult-crypto-club\images\LCCC-3842.png","24882","images/3801-3900/LCCC-3842.png","LCCC-3842.png","D:\github\ron-english-light-cult-3001-4000\images\3801-3900\LCCC-3842.png","items/lccc-3842.html","https://ronenglish-archive.github.io/ron-english-light-cult-3001-4000/items/lccc-3842.html","https://opensea.io/item/ethereum/0xbe85fbd182af91290be7293438ae67549638189f/3842","OK",""
"3843","3843","Light Cult Crypto Club #3843","RE-005653","3801-3900","D:\github\ron-english-nfts\light-cult-crypto-club\images\LCCC-3843.png","8279","images/3801-3900/LCCC-3843.png","LCCC-3843.png","D:\github\ron-english-light-cult-3001-4000\images\3801-3900\LCCC-3843.png","items/lccc-3843.html","https://ronenglish-archive.github.io/ron-english-light-cult-3001-4000/items/lccc-3843.html","https://opensea.io/item/ethereum/0xbe85fbd182af91290be7293438ae67549638189f/3843","OK",""
"3844","3844","Light Cult Crypto Club #3844","RE-005654","3801-3900","D:\github\ron-english-nfts\light-cult-crypto-club\images\LCCC-3844.png","35917","images/3801-3900/LCCC-3844.png","LCCC-3844.png","D:\github\ron-english-light-cult-3001-4000\images\3801-3900\LCCC-3844.png","items/lccc-3844.html","https://ronenglish-archive.github.io/ron-english-light-cult-3001-4000/items/lccc-3844.html","https://opensea.io/item/ethereum/0xbe85fbd182af91290be7293438ae67549638189f/3844","OK",""
"3845","3845","Light Cult Crypto Club #3845","RE-005655","3801-3900","D:\github\ron-english-nfts\light-cult-crypto-club\images\LCCC-3845.png","5894","images/3801-3900/LCCC-3845.png","LCCC-3845.png","D:\github\ron-english-light-cult-3001-4000\images\3801-3900\LCCC-3845.png","items/lccc-3845.html","https://ronenglish-archive.github.io/ron-english-light-cult-3001-4000/items/lccc-3845.html","https://opensea.io/item/ethereum/0xbe85fbd182af91290be7293438ae67549638189f/3845","OK",""
"3846","3846","Light Cult Crypto Club #3846","RE-005656","3801-3900","D:\github\ron-english-nfts\light-cult-crypto-club\images\LCCC-3846.png","10387","images/3801-3900/LCCC-3846.png","LCCC-3846.png","D:\github\ron-english-light-cult-3001-4000\images\3801-3900\LCCC-3846.png","items/lccc-3846.html","https://ronenglish-archive.github.io/ron-english-light-cult-3001-4000/items/lccc-3846.html","https://opensea.io/item/ethereum/0xbe85fbd182af91290be7293438ae67549638189f/3846","OK",""
"3847","3847","Light Cult Crypto Club #3847","RE-005657","3801-3900","D:\github\ron-english-nfts\light-cult-crypto-club\images\LCCC-3847.png","21486","images/3801-3900/LCCC-3847.png","LCCC-3847.png","D:\github\ron-english-light-cult-3001-4000\images\3801-3900\LCCC-3847.png","items/lccc-3847.html","https://ronenglish-archive.github.io/ron-english-light-cult-3001-4000/items/lccc-3847.html","https://opensea.io/item/ethereum/0xbe85fbd182af91290be7293438ae67549638189f/3847","OK",""
"3848","3848","Light Cult Crypto Club #3848","RE-005658","3801-3900","D:\github\ron-english-nfts\light-cult-crypto-club\images\LCCC-3848.png","30454","images/3801-3900/LCCC-3848.png","LCCC-3848.png","D:\github\ron-english-light-cult-3001-4000\images\3801-3900\LCCC-3848.png","items/lccc-3848.html","https://ronenglish-archive.github.io/ron-english-light-cult-3001-4000/items/lccc-3848.html","https://opensea.io/item/ethereum/0xbe85fbd182af91290be7293438ae67549638189f/3848","OK",""
"3849","3849","Light Cult Crypto Club #3849","RE-005659","3801-3900","D:\github\ron-english-nfts\light-cult-crypto-club\images\LCCC-3849.png","6797","images/3801-3900/LCCC-3849.png","LCCC-3849.png","D:\github\ron-english-light-cult-3001-4000\images\3801-3900\LCCC-3849.png","items/lccc-3849.html","https://ronenglish-archive.github.io/ron-english-light-cult-3001-4000/items/lccc-3849.html","https://opensea.io/item/ethereum/0xbe85fbd182af91290be7293438ae67549638189f/3849","OK",""
"3850","3850","Light Cult Crypto Club #3850","RE-005660","3801-3900","D:\github\ron-english-nfts\light-cult-crypto-club\images\LCCC-3850.png","28206","images/3801-3900/LCCC-3850.png","LCCC-3850.png","D:\github\ron-english-light-cult-3001-4000\images\3801-3900\LCCC-3850.png","items/lccc-3850.html","https://ronenglish-archive.github.io/ron-english-light-cult-3001-4000/items/lccc-3850.html","https://opensea.io/item/ethereum/0xbe85fbd182af91290be7293438ae67549638189f/3850","OK",""
"3851","3851","Light Cult Crypto Club #3851","RE-005661","3801-3900","D:\github\ron-english-nfts\light-cult-crypto-club\images\LCCC-3851.png","42451","images/3801-3900/LCCC-3851.png","LCCC-3851.png","D:\github\ron-english-light-cult-3001-4000\images\3801-3900\LCCC-3851.png","items/lccc-3851.html","https://ronenglish-archive.github.io/ron-english-light-cult-3001-4000/items/lccc-3851.html","https://opensea.io/item/ethereum/0xbe85fbd182af91290be7293438ae67549638189f/3851","OK",""
"3852","3852","Light Cult Crypto Club #3852","RE-005662","3801-3900","D:\github\ron-english-nfts\light-cult-crypto-club\images\LCCC-3852.png","15785","images/3801-3900/LCCC-3852.png","LCCC-3852.png","D:\github\ron-english-light-cult-3001-4000\images\3801-3900\LCCC-3852.png","items/lccc-3852.html","https://ronenglish-archive.github.io/ron-english-light-cult-3001-4000/items/lccc-3852.html","https://opensea.io/item/ethereum/0xbe85fbd182af91290be7293438ae67549638189f/3852","OK",""
"3853","3853","Light Cult Crypto Club #3853","RE-005663","3801-3900","D:\github\ron-english-nfts\light-cult-crypto-club\images\LCCC-3853.png","15067","images/3801-3900/LCCC-3853.png","LCCC-3853.png","D:\github\ron-english-light-cult-3001-4000\images\3801-3900\LCCC-3853.png","items/lccc-3853.html","https://ronenglish-archive.github.io/ron-english-light-cult-3001-4000/items/lccc-3853.html","https://opensea.io/item/ethereum/0xbe85fbd182af91290be7293438ae67549638189f/3853","OK",""
"3854","3854","Light Cult Crypto Club #3854","RE-005664","3801-3900","D:\github\ron-english-nfts\light-cult-crypto-club\images\LCCC-3854.png","11061","images/3801-3900/LCCC-3854.png","LCCC-3854.png","D:\github\ron-english-light-cult-3001-4000\images\3801-3900\LCCC-3854.png","items/lccc-3854.html","https://ronenglish-archive.github.io/ron-english-light-cult-3001-4000/items/lccc-3854.html","https://opensea.io/item/ethereum/0xbe85fbd182af91290be7293438ae67549638189f/3854","OK",""
"3855","3855","Light Cult Crypto Club #3855","RE-005665","3801-3900","D:\github\ron-english-nfts\light-cult-crypto-club\images\LCCC-3855.png","14302","images/3801-3900/LCCC-3855.png","LCCC-3855.png","D:\github\ron-english-light-cult-3001-4000\images\3801-3900\LCCC-3855.png","items/lccc-3855.html","https://ronenglish-archive.github.io/ron-english-light-cult-3001-4000/items/lccc-3855.html","https://opensea.io/item/ethereum/0xbe85fbd182af91290be7293438ae67549638189f/3855","OK",""
"3856","3856","Light Cult Crypto Club #3856","RE-005666","3801-3900","D:\github\ron-english-nfts\light-cult-crypto-club\images\LCCC-3856.png","30215","images/3801-3900/LCCC-3856.png","LCCC-3856.png","D:\github\ron-english-light-cult-3001-4000\images\3801-3900\LCCC-3856.png","items/lccc-3856.html","https://ronenglish-archive.github.io/ron-english-light-cult-3001-4000/items/lccc-3856.html","https://opensea.io/item/ethereum/0xbe85fbd182af91290be7293438ae67549638189f/3856","OK",""
"3857","3857","Light Cult Crypto Club #3857","RE-005667","3801-3900","D:\github\ron-english-nfts\light-cult-crypto-club\images\LCCC-3857.png","17442","images/3801-3900/LCCC-3857.png","LCCC-3857.png","D:\github\ron-english-light-cult-3001-4000\images\3801-3900\LCCC-3857.png","items/lccc-3857.html","https://ronenglish-archive.github.io/ron-english-light-cult-3001-4000/items/lccc-3857.html","https://opensea.io/item/ethereum/0xbe85fbd182af91290be7293438ae67549638189f/3857","OK",""
"3858","3858","Light Cult Crypto Club #3858","RE-005668","3801-3900","D:\github\ron-english-nfts\light-cult-crypto-club\images\LCCC-3858.png","40749","images/3801-3900/LCCC-3858.png","LCCC-3858.png","D:\github\ron-english-light-cult-3001-4000\images\3801-3900\LCCC-3858.png","items/lccc-3858.html","https://ronenglish-archive.github.io/ron-english-light-cult-3001-4000/items/lccc-3858.html","https://opensea.io/item/ethereum/0xbe85fbd182af91290be7293438ae67549638189f/3858","OK",""
"3859","3859","Light Cult Crypto Club #3859","RE-005669","3801-3900","D:\github\ron-english-nfts\light-cult-crypto-club\images\LCCC-3859.png","27499","images/3801-3900/LCCC-3859.png","LCCC-3859.png","D:\github\ron-english-light-cult-3001-4000\images\3801-3900\LCCC-3859.png","items/lccc-3859.html","https://ronenglish-archive.github.io/ron-english-light-cult-3001-4000/items/lccc-3859.html","https://opensea.io/item/ethereum/0xbe85fbd182af91290be7293438ae67549638189f/3859","OK",""
"3860","3860","Light Cult Crypto Club #3860","RE-005670","3801-3900","D:\github\ron-english-nfts\light-cult-crypto-club\images\LCCC-3860.png","29383","images/3801-3900/LCCC-3860.png","LCCC-3860.png","D:\github\ron-english-light-cult-3001-4000\images\3801-3900\LCCC-3860.png","items/lccc-3860.html","https://ronenglish-archive.github.io/ron-english-light-cult-3001-4000/items/lccc-3860.html","https://opensea.io/item/ethereum/0xbe85fbd182af91290be7293438ae67549638189f/3860","OK",""
"3861","3861","Light Cult Crypto Club #3861","RE-005671","3801-3900","D:\github\ron-english-nfts\light-cult-crypto-club\images\LCCC-3861.png","35663","images/3801-3900/LCCC-3861.png","LCCC-3861.png","D:\github\ron-english-light-cult-3001-4000\images\3801-3900\LCCC-3861.png","items/lccc-3861.html","https://ronenglish-archive.github.io/ron-english-light-cult-3001-4000/items/lccc-3861.html","https://opensea.io/item/ethereum/0xbe85fbd182af91290be7293438ae67549638189f/3861","OK",""
"3862","3862","Light Cult Crypto Club #3862","RE-005672","3801-3900","D:\github\ron-english-nfts\light-cult-crypto-club\images\LCCC-3862.png","26063","images/3801-3900/LCCC-3862.png","LCCC-3862.png","D:\github\ron-english-light-cult-3001-4000\images\3801-3900\LCCC-3862.png","items/lccc-3862.html","https://ronenglish-archive.github.io/ron-english-light-cult-3001-4000/items/lccc-3862.html","https://opensea.io/item/ethereum/0xbe85fbd182af91290be7293438ae67549638189f/3862","OK",""
"3863","3863","Light Cult Crypto Club #3863","RE-005673","3801-3900","D:\github\ron-english-nfts\light-cult-crypto-club\images\LCCC-3863.png","29513","images/3801-3900/LCCC-3863.png","LCCC-3863.png","D:\github\ron-english-light-cult-3001-4000\images\3801-3900\LCCC-3863.png","items/lccc-3863.html","https://ronenglish-archive.github.io/ron-english-light-cult-3001-4000/items/lccc-3863.html","https://opensea.io/item/ethereum/0xbe85fbd182af91290be7293438ae67549638189f/3863","OK",""
"3864","3864","Light Cult Crypto Club #3864","RE-005674","3801-3900","D:\github\ron-english-nfts\light-cult-crypto-club\images\LCCC-3864.png","9206","images/3801-3900/LCCC-3864.png","LCCC-3864.png","D:\github\ron-english-light-cult-3001-4000\images\3801-3900\LCCC-3864.png","items/lccc-3864.html","https://ronenglish-archive.github.io/ron-english-light-cult-3001-4000/items/lccc-3864.html","https://opensea.io/item/ethereum/0xbe85fbd182af91290be7293438ae67549638189f/3864","OK",""
"3865","3865","Light Cult Crypto Club #3865","RE-005675","3801-3900","D:\github\ron-english-nfts\light-cult-crypto-club\images\LCCC-3865.png","24044","images/3801-3900/LCCC-3865.png","LCCC-3865.png","D:\github\ron-english-light-cult-3001-4000\images\3801-3900\LCCC-3865.png","items/lccc-3865.html","https://ronenglish-archive.github.io/ron-english-light-cult-3001-4000/items/lccc-3865.html","https://opensea.io/item/ethereum/0xbe85fbd182af91290be7293438ae67549638189f/3865","OK",""
"3866","3866","Light Cult Crypto Club #3866","RE-005676","3801-3900","D:\github\ron-english-nfts\light-cult-crypto-club\images\LCCC-3866.png","41183","images/3801-3900/LCCC-3866.png","LCCC-3866.png","D:\github\ron-english-light-cult-3001-4000\images\3801-3900\LCCC-3866.png","items/lccc-3866.html","https://ronenglish-archive.github.io/ron-english-light-cult-3001-4000/items/lccc-3866.html","https://opensea.io/item/ethereum/0xbe85fbd182af91290be7293438ae67549638189f/3866","OK",""
"3867","3867","Light Cult Crypto Club #3867","RE-005677","3801-3900","D:\github\ron-english-nfts\light-cult-crypto-club\images\LCCC-3867.png","9799","images/3801-3900/LCCC-3867.png","LCCC-3867.png","D:\github\ron-english-light-cult-3001-4000\images\3801-3900\LCCC-3867.png","items/lccc-3867.html","https://ronenglish-archive.github.io/ron-english-light-cult-3001-4000/items/lccc-3867.html","https://opensea.io/item/ethereum/0xbe85fbd182af91290be7293438ae67549638189f/3867","OK",""
"3868","3868","Light Cult Crypto Club #3868","RE-005678","3801-3900","D:\github\ron-english-nfts\light-cult-crypto-club\images\LCCC-3868.png","8050","images/3801-3900/LCCC-3868.png","LCCC-3868.png","D:\github\ron-english-light-cult-3001-4000\images\3801-3900\LCCC-3868.png","items/lccc-3868.html","https://ronenglish-archive.github.io/ron-english-light-cult-3001-4000/items/lccc-3868.html","https://opensea.io/item/ethereum/0xbe85fbd182af91290be7293438ae67549638189f/3868","OK",""
"3869","3869","Light Cult Crypto Club #3869","RE-005679","3801-3900","D:\github\ron-english-nfts\light-cult-crypto-club\images\LCCC-3869.png","36963","images/3801-3900/LCCC-3869.png","LCCC-3869.png","D:\github\ron-english-light-cult-3001-4000\images\3801-3900\LCCC-3869.png","items/lccc-3869.html","https://ronenglish-archive.github.io/ron-english-light-cult-3001-4000/items/lccc-3869.html","https://opensea.io/item/ethereum/0xbe85fbd182af91290be7293438ae67549638189f/3869","OK",""
"3870","3870","Light Cult Crypto Club #3870","RE-005680","3801-3900","D:\github\ron-english-nfts\light-cult-crypto-club\images\LCCC-3870.png","31641","images/3801-3900/LCCC-3870.png","LCCC-3870.png","D:\github\ron-english-light-cult-3001-4000\images\3801-3900\LCCC-3870.png","items/lccc-3870.html","https://ronenglish-archive.github.io/ron-english-light-cult-3001-4000/items/lccc-3870.html","https://opensea.io/item/ethereum/0xbe85fbd182af91290be7293438ae67549638189f/3870","OK",""
"3871","3871","Light Cult Crypto Club #3871","RE-005681","3801-3900","D:\github\ron-english-nfts\light-cult-crypto-club\images\LCCC-3871.png","25180","images/3801-3900/LCCC-3871.png","LCCC-3871.png","D:\github\ron-english-light-cult-3001-4000\images\3801-3900\LCCC-3871.png","items/lccc-3871.html","https://ronenglish-archive.github.io/ron-english-light-cult-3001-4000/items/lccc-3871.html","https://opensea.io/item/ethereum/0xbe85fbd182af91290be7293438ae67549638189f/3871","OK",""
"3872","3872","Light Cult Crypto Club #3872","RE-005682","3801-3900","D:\github\ron-english-nfts\light-cult-crypto-club\images\LCCC-3872.png","11959","images/3801-3900/LCCC-3872.png","LCCC-3872.png","D:\github\ron-english-light-cult-3001-4000\images\3801-3900\LCCC-3872.png","items/lccc-3872.html","https://ronenglish-archive.github.io/ron-english-light-cult-3001-4000/items/lccc-3872.html","https://opensea.io/item/ethereum/0xbe85fbd182af91290be7293438ae67549638189f/3872","OK",""
"3873","3873","Light Cult Crypto Club #3873","RE-005683","3801-3900","D:\github\ron-english-nfts\light-cult-crypto-club\images\LCCC-3873.png","30055","images/3801-3900/LCCC-3873.png","LCCC-3873.png","D:\github\ron-english-light-cult-3001-4000\images\3801-3900\LCCC-3873.png","items/lccc-3873.html","https://ronenglish-archive.github.io/ron-english-light-cult-3001-4000/items/lccc-3873.html","https://opensea.io/item/ethereum/0xbe85fbd182af91290be7293438ae67549638189f/3873","OK",""
"3874","3874","Light Cult Crypto Club #3874","RE-005684","3801-3900","D:\github\ron-english-nfts\light-cult-crypto-club\images\LCCC-3874.png","19801","images/3801-3900/LCCC-3874.png","LCCC-3874.png","D:\github\ron-english-light-cult-3001-4000\images\3801-3900\LCCC-3874.png","items/lccc-3874.html","https://ronenglish-archive.github.io/ron-english-light-cult-3001-4000/items/lccc-3874.html","https://opensea.io/item/ethereum/0xbe85fbd182af91290be7293438ae67549638189f/3874","OK",""
"3875","3875","Light Cult Crypto Club #3875","RE-005685","3801-3900","","","","","","items/lccc-3875.html","https://ronenglish-archive.github.io/ron-english-light-cult-3001-4000/items/lccc-3875.html","https://opensea.io/item/ethereum/0xbe85fbd182af91290be7293438ae67549638189f/3875","MISSING SOURCE IMAGE","No source image found for token #3875"
"3876","3876","Light Cult Crypto Club #3876","RE-005686","3801-3900","D:\github\ron-english-nfts\light-cult-crypto-club\images\LCCC-3876.png","13758","images/3801-3900/LCCC-3876.png","LCCC-3876.png","D:\github\ron-english-light-cult-3001-4000\images\3801-3900\LCCC-3876.png","items/lccc-3876.html","https://ronenglish-archive.github.io/ron-english-light-cult-3001-4000/items/lccc-3876.html","https://opensea.io/item/ethereum/0xbe85fbd182af91290be7293438ae67549638189f/3876","OK",""
"3877","3877","Light Cult Crypto Club #3877","RE-005687","3801-3900","","","","","","items/lccc-3877.html","https://ronenglish-archive.github.io/ron-english-light-cult-3001-4000/items/lccc-3877.html","https://opensea.io/item/ethereum/0xbe85fbd182af91290be7293438ae67549638189f/3877","MISSING SOURCE IMAGE","No source image found for token #3877"
"3878","3878","Light Cult Crypto Club #3878","RE-005688","3801-3900","D:\github\ron-english-nfts\light-cult-crypto-club\images\LCCC-3878.png","18955","images/3801-3900/LCCC-3878.png","LCCC-3878.png","D:\github\ron-english-light-cult-3001-4000\images\3801-3900\LCCC-3878.png","items/lccc-3878.html","https://ronenglish-archive.github.io/ron-english-light-cult-3001-4000/items/lccc-3878.html","https://opensea.io/item/ethereum/0xbe85fbd182af91290be7293438ae67549638189f/3878","OK",""
"3879","3879","Light Cult Crypto Club #3879","RE-005689","3801-3900","D:\github\ron-english-nfts\light-cult-crypto-club\images\LCCC-3879.png","30204","images/3801-3900/LCCC-3879.png","LCCC-3879.png","D:\github\ron-english-light-cult-3001-4000\images\3801-3900\LCCC-3879.png","items/lccc-3879.html","https://ronenglish-archive.github.io/ron-english-light-cult-3001-4000/items/lccc-3879.html","https://opensea.io/item/ethereum/0xbe85fbd182af91290be7293438ae67549638189f/3879","OK",""
"3880","3880","Light Cult Crypto Club #3880","RE-005690","3801-3900","D:\github\ron-english-nfts\light-cult-crypto-club\images\LCCC-3880.png","18839","images/3801-3900/LCCC-3880.png","LCCC-3880.png","D:\github\ron-english-light-cult-3001-4000\images\3801-3900\LCCC-3880.png","items/lccc-3880.html","https://ronenglish-archive.github.io/ron-english-light-cult-3001-4000/items/lccc-3880.html","https://opensea.io/item/ethereum/0xbe85fbd182af91290be7293438ae67549638189f/3880","OK",""
"3881","3881","Light Cult Crypto Club #3881","RE-005691","3801-3900","D:\github\ron-english-nfts\light-cult-crypto-club\images\LCCC-3881.png","10004","images/3801-3900/LCCC-3881.png","LCCC-3881.png","D:\github\ron-english-light-cult-3001-4000\images\3801-3900\LCCC-3881.png","items/lccc-3881.html","https://ronenglish-archive.github.io/ron-english-light-cult-3001-4000/items/lccc-3881.html","https://opensea.io/item/ethereum/0xbe85fbd182af91290be7293438ae67549638189f/3881","OK",""
"3882","3882","Light Cult Crypto Club #3882","RE-005692","3801-3900","D:\github\ron-english-nfts\light-cult-crypto-club\images\LCCC-3882.png","40696","images/3801-3900/LCCC-3882.png","LCCC-3882.png","D:\github\ron-english-light-cult-3001-4000\images\3801-3900\LCCC-3882.png","items/lccc-3882.html","https://ronenglish-archive.github.io/ron-english-light-cult-3001-4000/items/lccc-3882.html","https://opensea.io/item/ethereum/0xbe85fbd182af91290be7293438ae67549638189f/3882","OK",""
"3883","3883","Light Cult Crypto Club #3883","RE-005693","3801-3900","D:\github\ron-english-nfts\light-cult-crypto-club\images\LCCC-3883.png","13981","images/3801-3900/LCCC-3883.png","LCCC-3883.png","D:\github\ron-english-light-cult-3001-4000\images\3801-3900\LCCC-3883.png","items/lccc-3883.html","https://ronenglish-archive.github.io/ron-english-light-cult-3001-4000/items/lccc-3883.html","https://opensea.io/item/ethereum/0xbe85fbd182af91290be7293438ae67549638189f/3883","OK",""
"3884","3884","Light Cult Crypto Club #3884","RE-005694","3801-3900","D:\github\ron-english-nfts\light-cult-crypto-club\images\LCCC-3884.png","26475","images/3801-3900/LCCC-3884.png","LCCC-3884.png","D:\github\ron-english-light-cult-3001-4000\images\3801-3900\LCCC-3884.png","items/lccc-3884.html","https://ronenglish-archive.github.io/ron-english-light-cult-3001-4000/items/lccc-3884.html","https://opensea.io/item/ethereum/0xbe85fbd182af91290be7293438ae67549638189f/3884","OK",""
"3885","3885","Light Cult Crypto Club #3885","RE-005695","3801-3900","D:\github\ron-english-nfts\light-cult-crypto-club\images\LCCC-3885.png","27894","images/3801-3900/LCCC-3885.png","LCCC-3885.png","D:\github\ron-english-light-cult-3001-4000\images\3801-3900\LCCC-3885.png","items/lccc-3885.html","https://ronenglish-archive.github.io/ron-english-light-cult-3001-4000/items/lccc-3885.html","https://opensea.io/item/ethereum/0xbe85fbd182af91290be7293438ae67549638189f/3885","OK",""
"3886","3886","Light Cult Crypto Club #3886","RE-005696","3801-3900","D:\github\ron-english-nfts\light-cult-crypto-club\images\LCCC-3886.png","7181","images/3801-3900/LCCC-3886.png","LCCC-3886.png","D:\github\ron-english-light-cult-3001-4000\images\3801-3900\LCCC-3886.png","items/lccc-3886.html","https://ronenglish-archive.github.io/ron-english-light-cult-3001-4000/items/lccc-3886.html","https://opensea.io/item/ethereum/0xbe85fbd182af91290be7293438ae67549638189f/3886","OK",""
"3887","3887","Light Cult Crypto Club #3887","RE-005697","3801-3900","D:\github\ron-english-nfts\light-cult-crypto-club\images\LCCC-3887.png","36686","images/3801-3900/LCCC-3887.png","LCCC-3887.png","D:\github\ron-english-light-cult-3001-4000\images\3801-3900\LCCC-3887.png","items/lccc-3887.html","https://ronenglish-archive.github.io/ron-english-light-cult-3001-4000/items/lccc-3887.html","https://opensea.io/item/ethereum/0xbe85fbd182af91290be7293438ae67549638189f/3887","OK",""
"3888","3888","Light Cult Crypto Club #3888","RE-005698","3801-3900","D:\github\ron-english-nfts\light-cult-crypto-club\images\LCCC-3888.png","8036","images/3801-3900/LCCC-3888.png","LCCC-3888.png","D:\github\ron-english-light-cult-3001-4000\images\3801-3900\LCCC-3888.png","items/lccc-3888.html","https://ronenglish-archive.github.io/ron-english-light-cult-3001-4000/items/lccc-3888.html","https://opensea.io/item/ethereum/0xbe85fbd182af91290be7293438ae67549638189f/3888","OK",""
"3889","3889","Light Cult Crypto Club #3889","RE-005699","3801-3900","D:\github\ron-english-nfts\light-cult-crypto-club\images\LCCC-3889.png","31176","images/3801-3900/LCCC-3889.png","LCCC-3889.png","D:\github\ron-english-light-cult-3001-4000\images\3801-3900\LCCC-3889.png","items/lccc-3889.html","https://ronenglish-archive.github.io/ron-english-light-cult-3001-4000/items/lccc-3889.html","https://opensea.io/item/ethereum/0xbe85fbd182af91290be7293438ae67549638189f/3889","OK",""
"3890","3890","Light Cult Crypto Club #3890","RE-005700","3801-3900","D:\github\ron-english-nfts\light-cult-crypto-club\images\LCCC-3890.png","10383","images/3801-3900/LCCC-3890.png","LCCC-3890.png","D:\github\ron-english-light-cult-3001-4000\images\3801-3900\LCCC-3890.png","items/lccc-3890.html","https://ronenglish-archive.github.io/ron-english-light-cult-3001-4000/items/lccc-3890.html","https://opensea.io/item/ethereum/0xbe85fbd182af91290be7293438ae67549638189f/3890","OK",""
"3891","3891","Light Cult Crypto Club #3891","RE-005701","3801-3900","D:\github\ron-english-nfts\light-cult-crypto-club\images\LCCC-3891.png","32344","images/3801-3900/LCCC-3891.png","LCCC-3891.png","D:\github\ron-english-light-cult-3001-4000\images\3801-3900\LCCC-3891.png","items/lccc-3891.html","https://ronenglish-archive.github.io/ron-english-light-cult-3001-4000/items/lccc-3891.html","https://opensea.io/item/ethereum/0xbe85fbd182af91290be7293438ae67549638189f/3891","OK",""
"3892","3892","Light Cult Crypto Club #3892","RE-005702","3801-3900","D:\github\ron-english-nfts\light-cult-crypto-club\images\LCCC-3892.png","39576","images/3801-3900/LCCC-3892.png","LCCC-3892.png","D:\github\ron-english-light-cult-3001-4000\images\3801-3900\LCCC-3892.png","items/lccc-3892.html","https://ronenglish-archive.github.io/ron-english-light-cult-3001-4000/items/lccc-3892.html","https://opensea.io/item/ethereum/0xbe85fbd182af91290be7293438ae67549638189f/3892","OK",""
"3893","3893","Light Cult Crypto Club #3893","RE-005703","3801-3900","D:\github\ron-english-nfts\light-cult-crypto-club\images\LCCC-3893.png","21848","images/3801-3900/LCCC-3893.png","LCCC-3893.png","D:\github\ron-english-light-cult-3001-4000\images\3801-3900\LCCC-3893.png","items/lccc-3893.html","https://ronenglish-archive.github.io/ron-english-light-cult-3001-4000/items/lccc-3893.html","https://opensea.io/item/ethereum/0xbe85fbd182af91290be7293438ae67549638189f/3893","OK",""
"3894","3894","Light Cult Crypto Club #3894","RE-005704","3801-3900","D:\github\ron-english-nfts\light-cult-crypto-club\images\LCCC-3894.png","29114","images/3801-3900/LCCC-3894.png","LCCC-3894.png","D:\github\ron-english-light-cult-3001-4000\images\3801-3900\LCCC-3894.png","items/lccc-3894.html","https://ronenglish-archive.github.io/ron-english-light-cult-3001-4000/items/lccc-3894.html","https://opensea.io/item/ethereum/0xbe85fbd182af91290be7293438ae67549638189f/3894","OK",""
"3895","3895","Light Cult Crypto Club #3895","RE-005705","3801-3900","D:\github\ron-english-nfts\light-cult-crypto-club\images\LCCC-3895.png","12339","images/3801-3900/LCCC-3895.png","LCCC-3895.png","D:\github\ron-english-light-cult-3001-4000\images\3801-3900\LCCC-3895.png","items/lccc-3895.html","https://ronenglish-archive.github.io/ron-english-light-cult-3001-4000/items/lccc-3895.html","https://opensea.io/item/ethereum/0xbe85fbd182af91290be7293438ae67549638189f/3895","OK",""
"3896","3896","Light Cult Crypto Club #3896","RE-005706","3801-3900","D:\github\ron-english-nfts\light-cult-crypto-club\images\LCCC-3896.png","29071","images/3801-3900/LCCC-3896.png","LCCC-3896.png","D:\github\ron-english-light-cult-3001-4000\images\3801-3900\LCCC-3896.png","items/lccc-3896.html","https://ronenglish-archive.github.io/ron-english-light-cult-3001-4000/items/lccc-3896.html","https://opensea.io/item/ethereum/0xbe85fbd182af91290be7293438ae67549638189f/3896","OK",""
"3897","3897","Light Cult Crypto Club #3897","RE-005707","3801-3900","D:\github\ron-english-nfts\light-cult-crypto-club\images\LCCC-3897.png","8469","images/3801-3900/LCCC-3897.png","LCCC-3897.png","D:\github\ron-english-light-cult-3001-4000\images\3801-3900\LCCC-3897.png","items/lccc-3897.html","https://ronenglish-archive.github.io/ron-english-light-cult-3001-4000/items/lccc-3897.html","https://opensea.io/item/ethereum/0xbe85fbd182af91290be7293438ae67549638189f/3897","OK",""
"3898","3898","Light Cult Crypto Club #3898","RE-005708","3801-3900","D:\github\ron-english-nfts\light-cult-crypto-club\images\LCCC-3898.png","36773","images/3801-3900/LCCC-3898.png","LCCC-3898.png","D:\github\ron-english-light-cult-3001-4000\images\3801-3900\LCCC-3898.png","items/lccc-3898.html","https://ronenglish-archive.github.io/ron-english-light-cult-3001-4000/items/lccc-3898.html","https://opensea.io/item/ethereum/0xbe85fbd182af91290be7293438ae67549638189f/3898","OK",""
"3899","3899","Light Cult Crypto Club #3899","RE-005709","3801-3900","D:\github\ron-english-nfts\light-cult-crypto-club\images\LCCC-3899.png","18693","images/3801-3900/LCCC-3899.png","LCCC-3899.png","D:\github\ron-english-light-cult-3001-4000\images\3801-3900\LCCC-3899.png","items/lccc-3899.html","https://ronenglish-archive.github.io/ron-english-light-cult-3001-4000/items/lccc-3899.html","https://opensea.io/item/ethereum/0xbe85fbd182af91290be7293438ae67549638189f/3899","OK",""
"3900","3900","Light Cult Crypto Club #3900","RE-005710","3801-3900","","","","","","items/lccc-3900.html","https://ronenglish-archive.github.io/ron-english-light-cult-3001-4000/items/lccc-3900.html","https://opensea.io/item/ethereum/0xbe85fbd182af91290be7293438ae67549638189f/3900","MISSING SOURCE IMAGE","No source image found for token #3900"
"3901","3901","Light Cult Crypto Club #3901","RE-005711","3901-4000","D:\github\ron-english-nfts\light-cult-crypto-club\images\LCCC-3901.png","4599","images/3901-4000/LCCC-3901.png","LCCC-3901.png","D:\github\ron-english-light-cult-3001-4000\images\3901-4000\LCCC-3901.png","items/lccc-3901.html","https://ronenglish-archive.github.io/ron-english-light-cult-3001-4000/items/lccc-3901.html","https://opensea.io/item/ethereum/0xbe85fbd182af91290be7293438ae67549638189f/3901","OK",""
"3902","3902","Light Cult Crypto Club #3902","RE-005712","3901-4000","D:\github\ron-english-nfts\light-cult-crypto-club\images\LCCC-3902.png","18522","images/3901-4000/LCCC-3902.png","LCCC-3902.png","D:\github\ron-english-light-cult-3001-4000\images\3901-4000\LCCC-3902.png","items/lccc-3902.html","https://ronenglish-archive.github.io/ron-english-light-cult-3001-4000/items/lccc-3902.html","https://opensea.io/item/ethereum/0xbe85fbd182af91290be7293438ae67549638189f/3902","OK",""
"3903","3903","Light Cult Crypto Club #3903","RE-005713","3901-4000","D:\github\ron-english-nfts\light-cult-crypto-club\images\LCCC-3903.png","4419","images/3901-4000/LCCC-3903.png","LCCC-3903.png","D:\github\ron-english-light-cult-3001-4000\images\3901-4000\LCCC-3903.png","items/lccc-3903.html","https://ronenglish-archive.github.io/ron-english-light-cult-3001-4000/items/lccc-3903.html","https://opensea.io/item/ethereum/0xbe85fbd182af91290be7293438ae67549638189f/3903","OK",""
"3904","3904","Light Cult Crypto Club #3904","RE-005714","3901-4000","D:\github\ron-english-nfts\light-cult-crypto-club\images\LCCC-3904.png","15960","images/3901-4000/LCCC-3904.png","LCCC-3904.png","D:\github\ron-english-light-cult-3001-4000\images\3901-4000\LCCC-3904.png","items/lccc-3904.html","https://ronenglish-archive.github.io/ron-english-light-cult-3001-4000/items/lccc-3904.html","https://opensea.io/item/ethereum/0xbe85fbd182af91290be7293438ae67549638189f/3904","OK",""
"3905","3905","Light Cult Crypto Club #3905","RE-005715","3901-4000","D:\github\ron-english-nfts\light-cult-crypto-club\images\LCCC-3905.png","49085","images/3901-4000/LCCC-3905.png","LCCC-3905.png","D:\github\ron-english-light-cult-3001-4000\images\3901-4000\LCCC-3905.png","items/lccc-3905.html","https://ronenglish-archive.github.io/ron-english-light-cult-3001-4000/items/lccc-3905.html","https://opensea.io/item/ethereum/0xbe85fbd182af91290be7293438ae67549638189f/3905","OK",""
"3906","3906","Light Cult Crypto Club #3906","RE-005716","3901-4000","D:\github\ron-english-nfts\light-cult-crypto-club\images\LCCC-3906.png","11569","images/3901-4000/LCCC-3906.png","LCCC-3906.png","D:\github\ron-english-light-cult-3001-4000\images\3901-4000\LCCC-3906.png","items/lccc-3906.html","https://ronenglish-archive.github.io/ron-english-light-cult-3001-4000/items/lccc-3906.html","https://opensea.io/item/ethereum/0xbe85fbd182af91290be7293438ae67549638189f/3906","OK",""
"3907","3907","Light Cult Crypto Club #3907","RE-005717","3901-4000","","","","","","items/lccc-3907.html","https://ronenglish-archive.github.io/ron-english-light-cult-3001-4000/items/lccc-3907.html","https://opensea.io/item/ethereum/0xbe85fbd182af91290be7293438ae67549638189f/3907","MISSING SOURCE IMAGE","No source image found for token #3907"
"3908","3908","Light Cult Crypto Club #3908","RE-005718","3901-4000","D:\github\ron-english-nfts\light-cult-crypto-club\images\LCCC-3908.png","27555","images/3901-4000/LCCC-3908.png","LCCC-3908.png","D:\github\ron-english-light-cult-3001-4000\images\3901-4000\LCCC-3908.png","items/lccc-3908.html","https://ronenglish-archive.github.io/ron-english-light-cult-3001-4000/items/lccc-3908.html","https://opensea.io/item/ethereum/0xbe85fbd182af91290be7293438ae67549638189f/3908","OK",""
"3909","3909","Light Cult Crypto Club #3909","RE-005719","3901-4000","D:\github\ron-english-nfts\light-cult-crypto-club\images\LCCC-3909.png","12395","images/3901-4000/LCCC-3909.png","LCCC-3909.png","D:\github\ron-english-light-cult-3001-4000\images\3901-4000\LCCC-3909.png","items/lccc-3909.html","https://ronenglish-archive.github.io/ron-english-light-cult-3001-4000/items/lccc-3909.html","https://opensea.io/item/ethereum/0xbe85fbd182af91290be7293438ae67549638189f/3909","OK",""
"3910","3910","Light Cult Crypto Club #3910","RE-005720","3901-4000","D:\github\ron-english-nfts\light-cult-crypto-club\images\LCCC-3910.png","30476","images/3901-4000/LCCC-3910.png","LCCC-3910.png","D:\github\ron-english-light-cult-3001-4000\images\3901-4000\LCCC-3910.png","items/lccc-3910.html","https://ronenglish-archive.github.io/ron-english-light-cult-3001-4000/items/lccc-3910.html","https://opensea.io/item/ethereum/0xbe85fbd182af91290be7293438ae67549638189f/3910","OK",""
"3911","3911","Light Cult Crypto Club #3911","RE-005721","3901-4000","D:\github\ron-english-nfts\light-cult-crypto-club\images\LCCC-3911.png","48350","images/3901-4000/LCCC-3911.png","LCCC-3911.png","D:\github\ron-english-light-cult-3001-4000\images\3901-4000\LCCC-3911.png","items/lccc-3911.html","https://ronenglish-archive.github.io/ron-english-light-cult-3001-4000/items/lccc-3911.html","https://opensea.io/item/ethereum/0xbe85fbd182af91290be7293438ae67549638189f/3911","OK",""
"3912","3912","Light Cult Crypto Club #3912","RE-005722","3901-4000","D:\github\ron-english-nfts\light-cult-crypto-club\images\LCCC-3912.png","38655","images/3901-4000/LCCC-3912.png","LCCC-3912.png","D:\github\ron-english-light-cult-3001-4000\images\3901-4000\LCCC-3912.png","items/lccc-3912.html","https://ronenglish-archive.github.io/ron-english-light-cult-3001-4000/items/lccc-3912.html","https://opensea.io/item/ethereum/0xbe85fbd182af91290be7293438ae67549638189f/3912","OK",""
"3913","3913","Light Cult Crypto Club #3913","RE-005723","3901-4000","D:\github\ron-english-nfts\light-cult-crypto-club\images\LCCC-3913.png","6574","images/3901-4000/LCCC-3913.png","LCCC-3913.png","D:\github\ron-english-light-cult-3001-4000\images\3901-4000\LCCC-3913.png","items/lccc-3913.html","https://ronenglish-archive.github.io/ron-english-light-cult-3001-4000/items/lccc-3913.html","https://opensea.io/item/ethereum/0xbe85fbd182af91290be7293438ae67549638189f/3913","OK",""
"3914","3914","Light Cult Crypto Club #3914","RE-005724","3901-4000","D:\github\ron-english-nfts\light-cult-crypto-club\images\LCCC-3914.png","16468","images/3901-4000/LCCC-3914.png","LCCC-3914.png","D:\github\ron-english-light-cult-3001-4000\images\3901-4000\LCCC-3914.png","items/lccc-3914.html","https://ronenglish-archive.github.io/ron-english-light-cult-3001-4000/items/lccc-3914.html","https://opensea.io/item/ethereum/0xbe85fbd182af91290be7293438ae67549638189f/3914","OK",""
"3915","3915","Light Cult Crypto Club #3915","RE-005725","3901-4000","D:\github\ron-english-nfts\light-cult-crypto-club\images\LCCC-3915.png","9704","images/3901-4000/LCCC-3915.png","LCCC-3915.png","D:\github\ron-english-light-cult-3001-4000\images\3901-4000\LCCC-3915.png","items/lccc-3915.html","https://ronenglish-archive.github.io/ron-english-light-cult-3001-4000/items/lccc-3915.html","https://opensea.io/item/ethereum/0xbe85fbd182af91290be7293438ae67549638189f/3915","OK",""
"3916","3916","Light Cult Crypto Club #3916","RE-005726","3901-4000","D:\github\ron-english-nfts\light-cult-crypto-club\images\LCCC-3916.png","7584","images/3901-4000/LCCC-3916.png","LCCC-3916.png","D:\github\ron-english-light-cult-3001-4000\images\3901-4000\LCCC-3916.png","items/lccc-3916.html","https://ronenglish-archive.github.io/ron-english-light-cult-3001-4000/items/lccc-3916.html","https://opensea.io/item/ethereum/0xbe85fbd182af91290be7293438ae67549638189f/3916","OK",""
"3917","3917","Light Cult Crypto Club #3917","RE-005727","3901-4000","D:\github\ron-english-nfts\light-cult-crypto-club\images\LCCC-3917.png","30417","images/3901-4000/LCCC-3917.png","LCCC-3917.png","D:\github\ron-english-light-cult-3001-4000\images\3901-4000\LCCC-3917.png","items/lccc-3917.html","https://ronenglish-archive.github.io/ron-english-light-cult-3001-4000/items/lccc-3917.html","https://opensea.io/item/ethereum/0xbe85fbd182af91290be7293438ae67549638189f/3917","OK",""
"3918","3918","Light Cult Crypto Club #3918","RE-005728","3901-4000","D:\github\ron-english-nfts\light-cult-crypto-club\images\LCCC-3918.png","19638","images/3901-4000/LCCC-3918.png","LCCC-3918.png","D:\github\ron-english-light-cult-3001-4000\images\3901-4000\LCCC-3918.png","items/lccc-3918.html","https://ronenglish-archive.github.io/ron-english-light-cult-3001-4000/items/lccc-3918.html","https://opensea.io/item/ethereum/0xbe85fbd182af91290be7293438ae67549638189f/3918","OK",""
"3919","3919","Light Cult Crypto Club #3919","RE-005729","3901-4000","","","","","","items/lccc-3919.html","https://ronenglish-archive.github.io/ron-english-light-cult-3001-4000/items/lccc-3919.html","https://opensea.io/item/ethereum/0xbe85fbd182af91290be7293438ae67549638189f/3919","MISSING SOURCE IMAGE","No source image found for token #3919"
"3920","3920","Light Cult Crypto Club #3920","RE-005730","3901-4000","","","","","","items/lccc-3920.html","https://ronenglish-archive.github.io/ron-english-light-cult-3001-4000/items/lccc-3920.html","https://opensea.io/item/ethereum/0xbe85fbd182af91290be7293438ae67549638189f/3920","MISSING SOURCE IMAGE","No source image found for token #3920"
"3921","3921","Light Cult Crypto Club #3921","RE-005731","3901-4000","D:\github\ron-english-nfts\light-cult-crypto-club\images\LCCC-3921.png","27466","images/3901-4000/LCCC-3921.png","LCCC-3921.png","D:\github\ron-english-light-cult-3001-4000\images\3901-4000\LCCC-3921.png","items/lccc-3921.html","https://ronenglish-archive.github.io/ron-english-light-cult-3001-4000/items/lccc-3921.html","https://opensea.io/item/ethereum/0xbe85fbd182af91290be7293438ae67549638189f/3921","OK",""
"3922","3922","Light Cult Crypto Club #3922","RE-005732","3901-4000","D:\github\ron-english-nfts\light-cult-crypto-club\images\LCCC-3922.png","20212","images/3901-4000/LCCC-3922.png","LCCC-3922.png","D:\github\ron-english-light-cult-3001-4000\images\3901-4000\LCCC-3922.png","items/lccc-3922.html","https://ronenglish-archive.github.io/ron-english-light-cult-3001-4000/items/lccc-3922.html","https://opensea.io/item/ethereum/0xbe85fbd182af91290be7293438ae67549638189f/3922","OK",""
"3923","3923","Light Cult Crypto Club #3923","RE-005733","3901-4000","D:\github\ron-english-nfts\light-cult-crypto-club\images\LCCC-3923.png","5368","images/3901-4000/LCCC-3923.png","LCCC-3923.png","D:\github\ron-english-light-cult-3001-4000\images\3901-4000\LCCC-3923.png","items/lccc-3923.html","https://ronenglish-archive.github.io/ron-english-light-cult-3001-4000/items/lccc-3923.html","https://opensea.io/item/ethereum/0xbe85fbd182af91290be7293438ae67549638189f/3923","OK",""
"3924","3924","Light Cult Crypto Club #3924","RE-005734","3901-4000","D:\github\ron-english-nfts\light-cult-crypto-club\images\LCCC-3924.png","6097","images/3901-4000/LCCC-3924.png","LCCC-3924.png","D:\github\ron-english-light-cult-3001-4000\images\3901-4000\LCCC-3924.png","items/lccc-3924.html","https://ronenglish-archive.github.io/ron-english-light-cult-3001-4000/items/lccc-3924.html","https://opensea.io/item/ethereum/0xbe85fbd182af91290be7293438ae67549638189f/3924","OK",""
"3925","3925","Light Cult Crypto Club #3925","RE-005735","3901-4000","","","","","","items/lccc-3925.html","https://ronenglish-archive.github.io/ron-english-light-cult-3001-4000/items/lccc-3925.html","https://opensea.io/item/ethereum/0xbe85fbd182af91290be7293438ae67549638189f/3925","MISSING SOURCE IMAGE","No source image found for token #3925"
"3926","3926","Light Cult Crypto Club #3926","RE-005736","3901-4000","D:\github\ron-english-nfts\light-cult-crypto-club\images\LCCC-3926.png","18986","images/3901-4000/LCCC-3926.png","LCCC-3926.png","D:\github\ron-english-light-cult-3001-4000\images\3901-4000\LCCC-3926.png","items/lccc-3926.html","https://ronenglish-archive.github.io/ron-english-light-cult-3001-4000/items/lccc-3926.html","https://opensea.io/item/ethereum/0xbe85fbd182af91290be7293438ae67549638189f/3926","OK",""
"3927","3927","Light Cult Crypto Club #3927","RE-005737","3901-4000","D:\github\ron-english-nfts\light-cult-crypto-club\images\LCCC-3927.png","25738","images/3901-4000/LCCC-3927.png","LCCC-3927.png","D:\github\ron-english-light-cult-3001-4000\images\3901-4000\LCCC-3927.png","items/lccc-3927.html","https://ronenglish-archive.github.io/ron-english-light-cult-3001-4000/items/lccc-3927.html","https://opensea.io/item/ethereum/0xbe85fbd182af91290be7293438ae67549638189f/3927","OK",""
"3928","3928","Light Cult Crypto Club #3928","RE-005738","3901-4000","D:\github\ron-english-nfts\light-cult-crypto-club\images\LCCC-3928.png","13282","images/3901-4000/LCCC-3928.png","LCCC-3928.png","D:\github\ron-english-light-cult-3001-4000\images\3901-4000\LCCC-3928.png","items/lccc-3928.html","https://ronenglish-archive.github.io/ron-english-light-cult-3001-4000/items/lccc-3928.html","https://opensea.io/item/ethereum/0xbe85fbd182af91290be7293438ae67549638189f/3928","OK",""
"3929","3929","Light Cult Crypto Club #3929","RE-005739","3901-4000","D:\github\ron-english-nfts\light-cult-crypto-club\images\LCCC-3929.png","12071","images/3901-4000/LCCC-3929.png","LCCC-3929.png","D:\github\ron-english-light-cult-3001-4000\images\3901-4000\LCCC-3929.png","items/lccc-3929.html","https://ronenglish-archive.github.io/ron-english-light-cult-3001-4000/items/lccc-3929.html","https://opensea.io/item/ethereum/0xbe85fbd182af91290be7293438ae67549638189f/3929","OK",""
"3930","3930","Light Cult Crypto Club #3930","RE-005740","3901-4000","D:\github\ron-english-nfts\light-cult-crypto-club\images\LCCC-3930.png","11125","images/3901-4000/LCCC-3930.png","LCCC-3930.png","D:\github\ron-english-light-cult-3001-4000\images\3901-4000\LCCC-3930.png","items/lccc-3930.html","https://ronenglish-archive.github.io/ron-english-light-cult-3001-4000/items/lccc-3930.html","https://opensea.io/item/ethereum/0xbe85fbd182af91290be7293438ae67549638189f/3930","OK",""
"3931","3931","Light Cult Crypto Club #3931","RE-005741","3901-4000","D:\github\ron-english-nfts\light-cult-crypto-club\images\LCCC-3931.png","13493","images/3901-4000/LCCC-3931.png","LCCC-3931.png","D:\github\ron-english-light-cult-3001-4000\images\3901-4000\LCCC-3931.png","items/lccc-3931.html","https://ronenglish-archive.github.io/ron-english-light-cult-3001-4000/items/lccc-3931.html","https://opensea.io/item/ethereum/0xbe85fbd182af91290be7293438ae67549638189f/3931","OK",""
"3932","3932","Light Cult Crypto Club #3932","RE-005742","3901-4000","D:\github\ron-english-nfts\light-cult-crypto-club\images\LCCC-3932.png","11712","images/3901-4000/LCCC-3932.png","LCCC-3932.png","D:\github\ron-english-light-cult-3001-4000\images\3901-4000\LCCC-3932.png","items/lccc-3932.html","https://ronenglish-archive.github.io/ron-english-light-cult-3001-4000/items/lccc-3932.html","https://opensea.io/item/ethereum/0xbe85fbd182af91290be7293438ae67549638189f/3932","OK",""
"3933","3933","Light Cult Crypto Club #3933","RE-005743","3901-4000","","","","","","items/lccc-3933.html","https://ronenglish-archive.github.io/ron-english-light-cult-3001-4000/items/lccc-3933.html","https://opensea.io/item/ethereum/0xbe85fbd182af91290be7293438ae67549638189f/3933","MISSING SOURCE IMAGE","No source image found for token #3933"
"3934","3934","Light Cult Crypto Club #3934","RE-005744","3901-4000","D:\github\ron-english-nfts\light-cult-crypto-club\images\LCCC-3934.png","23201","images/3901-4000/LCCC-3934.png","LCCC-3934.png","D:\github\ron-english-light-cult-3001-4000\images\3901-4000\LCCC-3934.png","items/lccc-3934.html","https://ronenglish-archive.github.io/ron-english-light-cult-3001-4000/items/lccc-3934.html","https://opensea.io/item/ethereum/0xbe85fbd182af91290be7293438ae67549638189f/3934","OK",""
"3935","3935","Light Cult Crypto Club #3935","RE-005745","3901-4000","D:\github\ron-english-nfts\light-cult-crypto-club\images\LCCC-3935.png","17904","images/3901-4000/LCCC-3935.png","LCCC-3935.png","D:\github\ron-english-light-cult-3001-4000\images\3901-4000\LCCC-3935.png","items/lccc-3935.html","https://ronenglish-archive.github.io/ron-english-light-cult-3001-4000/items/lccc-3935.html","https://opensea.io/item/ethereum/0xbe85fbd182af91290be7293438ae67549638189f/3935","OK",""
"3936","3936","Light Cult Crypto Club #3936","RE-005746","3901-4000","D:\github\ron-english-nfts\light-cult-crypto-club\images\LCCC-3936.png","12842","images/3901-4000/LCCC-3936.png","LCCC-3936.png","D:\github\ron-english-light-cult-3001-4000\images\3901-4000\LCCC-3936.png","items/lccc-3936.html","https://ronenglish-archive.github.io/ron-english-light-cult-3001-4000/items/lccc-3936.html","https://opensea.io/item/ethereum/0xbe85fbd182af91290be7293438ae67549638189f/3936","OK",""
"3937","3937","Light Cult Crypto Club #3937","RE-005747","3901-4000","D:\github\ron-english-nfts\light-cult-crypto-club\images\LCCC-3937.png","11418","images/3901-4000/LCCC-3937.png","LCCC-3937.png","D:\github\ron-english-light-cult-3001-4000\images\3901-4000\LCCC-3937.png","items/lccc-3937.html","https://ronenglish-archive.github.io/ron-english-light-cult-3001-4000/items/lccc-3937.html","https://opensea.io/item/ethereum/0xbe85fbd182af91290be7293438ae67549638189f/3937","OK",""
"3938","3938","Light Cult Crypto Club #3938","RE-005748","3901-4000","D:\github\ron-english-nfts\light-cult-crypto-club\images\LCCC-3938.png","22702","images/3901-4000/LCCC-3938.png","LCCC-3938.png","D:\github\ron-english-light-cult-3001-4000\images\3901-4000\LCCC-3938.png","items/lccc-3938.html","https://ronenglish-archive.github.io/ron-english-light-cult-3001-4000/items/lccc-3938.html","https://opensea.io/item/ethereum/0xbe85fbd182af91290be7293438ae67549638189f/3938","OK",""
"3939","3939","Light Cult Crypto Club #3939","RE-005749","3901-4000","D:\github\ron-english-nfts\light-cult-crypto-club\images\LCCC-3939.png","4843","images/3901-4000/LCCC-3939.png","LCCC-3939.png","D:\github\ron-english-light-cult-3001-4000\images\3901-4000\LCCC-3939.png","items/lccc-3939.html","https://ronenglish-archive.github.io/ron-english-light-cult-3001-4000/items/lccc-3939.html","https://opensea.io/item/ethereum/0xbe85fbd182af91290be7293438ae67549638189f/3939","OK",""
"3940","3940","Light Cult Crypto Club #3940","RE-005750","3901-4000","D:\github\ron-english-nfts\light-cult-crypto-club\images\LCCC-3940.png","13352","images/3901-4000/LCCC-3940.png","LCCC-3940.png","D:\github\ron-english-light-cult-3001-4000\images\3901-4000\LCCC-3940.png","items/lccc-3940.html","https://ronenglish-archive.github.io/ron-english-light-cult-3001-4000/items/lccc-3940.html","https://opensea.io/item/ethereum/0xbe85fbd182af91290be7293438ae67549638189f/3940","OK",""
"3941","3941","Light Cult Crypto Club #3941","RE-005751","3901-4000","D:\github\ron-english-nfts\light-cult-crypto-club\images\LCCC-3941.png","30517","images/3901-4000/LCCC-3941.png","LCCC-3941.png","D:\github\ron-english-light-cult-3001-4000\images\3901-4000\LCCC-3941.png","items/lccc-3941.html","https://ronenglish-archive.github.io/ron-english-light-cult-3001-4000/items/lccc-3941.html","https://opensea.io/item/ethereum/0xbe85fbd182af91290be7293438ae67549638189f/3941","OK",""
"3942","3942","Light Cult Crypto Club #3942","RE-005752","3901-4000","D:\github\ron-english-nfts\light-cult-crypto-club\images\LCCC-3942.png","30488","images/3901-4000/LCCC-3942.png","LCCC-3942.png","D:\github\ron-english-light-cult-3001-4000\images\3901-4000\LCCC-3942.png","items/lccc-3942.html","https://ronenglish-archive.github.io/ron-english-light-cult-3001-4000/items/lccc-3942.html","https://opensea.io/item/ethereum/0xbe85fbd182af91290be7293438ae67549638189f/3942","OK",""
"3943","3943","Light Cult Crypto Club #3943","RE-005753","3901-4000","","","","","","items/lccc-3943.html","https://ronenglish-archive.github.io/ron-english-light-cult-3001-4000/items/lccc-3943.html","https://opensea.io/item/ethereum/0xbe85fbd182af91290be7293438ae67549638189f/3943","MISSING SOURCE IMAGE","No source image found for token #3943"
"3944","3944","Light Cult Crypto Club #3944","RE-005754","3901-4000","D:\github\ron-english-nfts\light-cult-crypto-club\images\LCCC-3944.png","27429","images/3901-4000/LCCC-3944.png","LCCC-3944.png","D:\github\ron-english-light-cult-3001-4000\images\3901-4000\LCCC-3944.png","items/lccc-3944.html","https://ronenglish-archive.github.io/ron-english-light-cult-3001-4000/items/lccc-3944.html","https://opensea.io/item/ethereum/0xbe85fbd182af91290be7293438ae67549638189f/3944","OK",""
"3945","3945","Light Cult Crypto Club #3945","RE-005755","3901-4000","D:\github\ron-english-nfts\light-cult-crypto-club\images\LCCC-3945.png","6974","images/3901-4000/LCCC-3945.png","LCCC-3945.png","D:\github\ron-english-light-cult-3001-4000\images\3901-4000\LCCC-3945.png","items/lccc-3945.html","https://ronenglish-archive.github.io/ron-english-light-cult-3001-4000/items/lccc-3945.html","https://opensea.io/item/ethereum/0xbe85fbd182af91290be7293438ae67549638189f/3945","OK",""
"3946","3946","Light Cult Crypto Club #3946","RE-005756","3901-4000","D:\github\ron-english-nfts\light-cult-crypto-club\images\LCCC-3946.png","10897","images/3901-4000/LCCC-3946.png","LCCC-3946.png","D:\github\ron-english-light-cult-3001-4000\images\3901-4000\LCCC-3946.png","items/lccc-3946.html","https://ronenglish-archive.github.io/ron-english-light-cult-3001-4000/items/lccc-3946.html","https://opensea.io/item/ethereum/0xbe85fbd182af91290be7293438ae67549638189f/3946","OK",""
"3947","3947","Light Cult Crypto Club #3947","RE-005757","3901-4000","D:\github\ron-english-nfts\light-cult-crypto-club\images\LCCC-3947.png","27796","images/3901-4000/LCCC-3947.png","LCCC-3947.png","D:\github\ron-english-light-cult-3001-4000\images\3901-4000\LCCC-3947.png","items/lccc-3947.html","https://ronenglish-archive.github.io/ron-english-light-cult-3001-4000/items/lccc-3947.html","https://opensea.io/item/ethereum/0xbe85fbd182af91290be7293438ae67549638189f/3947","OK",""
"3948","3948","Light Cult Crypto Club #3948","RE-005758","3901-4000","D:\github\ron-english-nfts\light-cult-crypto-club\images\LCCC-3948.png","7581","images/3901-4000/LCCC-3948.png","LCCC-3948.png","D:\github\ron-english-light-cult-3001-4000\images\3901-4000\LCCC-3948.png","items/lccc-3948.html","https://ronenglish-archive.github.io/ron-english-light-cult-3001-4000/items/lccc-3948.html","https://opensea.io/item/ethereum/0xbe85fbd182af91290be7293438ae67549638189f/3948","OK",""
"3949","3949","Light Cult Crypto Club #3949","RE-005759","3901-4000","","","","","","items/lccc-3949.html","https://ronenglish-archive.github.io/ron-english-light-cult-3001-4000/items/lccc-3949.html","https://opensea.io/item/ethereum/0xbe85fbd182af91290be7293438ae67549638189f/3949","MISSING SOURCE IMAGE","No source image found for token #3949"
"3950","3950","Light Cult Crypto Club #3950","RE-005760","3901-4000","","","","","","items/lccc-3950.html","https://ronenglish-archive.github.io/ron-english-light-cult-3001-4000/items/lccc-3950.html","https://opensea.io/item/ethereum/0xbe85fbd182af91290be7293438ae67549638189f/3950","MISSING SOURCE IMAGE","No source image found for token #3950"
"3951","3951","Light Cult Crypto Club #3951","RE-005761","3901-4000","D:\github\ron-english-nfts\light-cult-crypto-club\images\LCCC-3951.png","21115","images/3901-4000/LCCC-3951.png","LCCC-3951.png","D:\github\ron-english-light-cult-3001-4000\images\3901-4000\LCCC-3951.png","items/lccc-3951.html","https://ronenglish-archive.github.io/ron-english-light-cult-3001-4000/items/lccc-3951.html","https://opensea.io/item/ethereum/0xbe85fbd182af91290be7293438ae67549638189f/3951","OK",""
"3952","3952","Light Cult Crypto Club #3952","RE-005762","3901-4000","","","","","","items/lccc-3952.html","https://ronenglish-archive.github.io/ron-english-light-cult-3001-4000/items/lccc-3952.html","https://opensea.io/item/ethereum/0xbe85fbd182af91290be7293438ae67549638189f/3952","MISSING SOURCE IMAGE","No source image found for token #3952"
"3953","3953","Light Cult Crypto Club #3953","RE-005763","3901-4000","D:\github\ron-english-nfts\light-cult-crypto-club\images\LCCC-3953.png","10242","images/3901-4000/LCCC-3953.png","LCCC-3953.png","D:\github\ron-english-light-cult-3001-4000\images\3901-4000\LCCC-3953.png","items/lccc-3953.html","https://ronenglish-archive.github.io/ron-english-light-cult-3001-4000/items/lccc-3953.html","https://opensea.io/item/ethereum/0xbe85fbd182af91290be7293438ae67549638189f/3953","OK",""
"3954","3954","Light Cult Crypto Club #3954","RE-005764","3901-4000","D:\github\ron-english-nfts\light-cult-crypto-club\images\LCCC-3954.png","35529","images/3901-4000/LCCC-3954.png","LCCC-3954.png","D:\github\ron-english-light-cult-3001-4000\images\3901-4000\LCCC-3954.png","items/lccc-3954.html","https://ronenglish-archive.github.io/ron-english-light-cult-3001-4000/items/lccc-3954.html","https://opensea.io/item/ethereum/0xbe85fbd182af91290be7293438ae67549638189f/3954","OK",""
"3955","3955","Light Cult Crypto Club #3955","RE-005765","3901-4000","D:\github\ron-english-nfts\light-cult-crypto-club\images\LCCC-3955.png","29368","images/3901-4000/LCCC-3955.png","LCCC-3955.png","D:\github\ron-english-light-cult-3001-4000\images\3901-4000\LCCC-3955.png","items/lccc-3955.html","https://ronenglish-archive.github.io/ron-english-light-cult-3001-4000/items/lccc-3955.html","https://opensea.io/item/ethereum/0xbe85fbd182af91290be7293438ae67549638189f/3955","OK",""
"3956","3956","Light Cult Crypto Club #3956","RE-005766","3901-4000","D:\github\ron-english-nfts\light-cult-crypto-club\images\LCCC-3956.png","10689","images/3901-4000/LCCC-3956.png","LCCC-3956.png","D:\github\ron-english-light-cult-3001-4000\images\3901-4000\LCCC-3956.png","items/lccc-3956.html","https://ronenglish-archive.github.io/ron-english-light-cult-3001-4000/items/lccc-3956.html","https://opensea.io/item/ethereum/0xbe85fbd182af91290be7293438ae67549638189f/3956","OK",""
"3957","3957","Light Cult Crypto Club #3957","RE-005767","3901-4000","D:\github\ron-english-nfts\light-cult-crypto-club\images\LCCC-3957.png","16729","images/3901-4000/LCCC-3957.png","LCCC-3957.png","D:\github\ron-english-light-cult-3001-4000\images\3901-4000\LCCC-3957.png","items/lccc-3957.html","https://ronenglish-archive.github.io/ron-english-light-cult-3001-4000/items/lccc-3957.html","https://opensea.io/item/ethereum/0xbe85fbd182af91290be7293438ae67549638189f/3957","OK",""
"3958","3958","Light Cult Crypto Club #3958","RE-005768","3901-4000","D:\github\ron-english-nfts\light-cult-crypto-club\images\LCCC-3958.png","24898","images/3901-4000/LCCC-3958.png","LCCC-3958.png","D:\github\ron-english-light-cult-3001-4000\images\3901-4000\LCCC-3958.png","items/lccc-3958.html","https://ronenglish-archive.github.io/ron-english-light-cult-3001-4000/items/lccc-3958.html","https://opensea.io/item/ethereum/0xbe85fbd182af91290be7293438ae67549638189f/3958","OK",""
"3959","3959","Light Cult Crypto Club #3959","RE-005769","3901-4000","D:\github\ron-english-nfts\light-cult-crypto-club\images\LCCC-3959.png","32732","images/3901-4000/LCCC-3959.png","LCCC-3959.png","D:\github\ron-english-light-cult-3001-4000\images\3901-4000\LCCC-3959.png","items/lccc-3959.html","https://ronenglish-archive.github.io/ron-english-light-cult-3001-4000/items/lccc-3959.html","https://opensea.io/item/ethereum/0xbe85fbd182af91290be7293438ae67549638189f/3959","OK",""
"3960","3960","Light Cult Crypto Club #3960","RE-005770","3901-4000","D:\github\ron-english-nfts\light-cult-crypto-club\images\LCCC-3960.png","25677","images/3901-4000/LCCC-3960.png","LCCC-3960.png","D:\github\ron-english-light-cult-3001-4000\images\3901-4000\LCCC-3960.png","items/lccc-3960.html","https://ronenglish-archive.github.io/ron-english-light-cult-3001-4000/items/lccc-3960.html","https://opensea.io/item/ethereum/0xbe85fbd182af91290be7293438ae67549638189f/3960","OK",""
"3961","3961","Light Cult Crypto Club #3961","RE-005771","3901-4000","D:\github\ron-english-nfts\light-cult-crypto-club\images\LCCC-3961.png","10187","images/3901-4000/LCCC-3961.png","LCCC-3961.png","D:\github\ron-english-light-cult-3001-4000\images\3901-4000\LCCC-3961.png","items/lccc-3961.html","https://ronenglish-archive.github.io/ron-english-light-cult-3001-4000/items/lccc-3961.html","https://opensea.io/item/ethereum/0xbe85fbd182af91290be7293438ae67549638189f/3961","OK",""
"3962","3962","Light Cult Crypto Club #3962","RE-005772","3901-4000","D:\github\ron-english-nfts\light-cult-crypto-club\images\LCCC-3962.png","7930","images/3901-4000/LCCC-3962.png","LCCC-3962.png","D:\github\ron-english-light-cult-3001-4000\images\3901-4000\LCCC-3962.png","items/lccc-3962.html","https://ronenglish-archive.github.io/ron-english-light-cult-3001-4000/items/lccc-3962.html","https://opensea.io/item/ethereum/0xbe85fbd182af91290be7293438ae67549638189f/3962","OK",""
"3963","3963","Light Cult Crypto Club #3963","RE-005773","3901-4000","D:\github\ron-english-nfts\light-cult-crypto-club\images\LCCC-3963.png","7781","images/3901-4000/LCCC-3963.png","LCCC-3963.png","D:\github\ron-english-light-cult-3001-4000\images\3901-4000\LCCC-3963.png","items/lccc-3963.html","https://ronenglish-archive.github.io/ron-english-light-cult-3001-4000/items/lccc-3963.html","https://opensea.io/item/ethereum/0xbe85fbd182af91290be7293438ae67549638189f/3963","OK",""
"3964","3964","Light Cult Crypto Club #3964","RE-005774","3901-4000","D:\github\ron-english-nfts\light-cult-crypto-club\images\LCCC-3964.png","26262","images/3901-4000/LCCC-3964.png","LCCC-3964.png","D:\github\ron-english-light-cult-3001-4000\images\3901-4000\LCCC-3964.png","items/lccc-3964.html","https://ronenglish-archive.github.io/ron-english-light-cult-3001-4000/items/lccc-3964.html","https://opensea.io/item/ethereum/0xbe85fbd182af91290be7293438ae67549638189f/3964","OK",""
"3965","3965","Light Cult Crypto Club #3965","RE-005775","3901-4000","D:\github\ron-english-nfts\light-cult-crypto-club\images\LCCC-3965.png","13560","images/3901-4000/LCCC-3965.png","LCCC-3965.png","D:\github\ron-english-light-cult-3001-4000\images\3901-4000\LCCC-3965.png","items/lccc-3965.html","https://ronenglish-archive.github.io/ron-english-light-cult-3001-4000/items/lccc-3965.html","https://opensea.io/item/ethereum/0xbe85fbd182af91290be7293438ae67549638189f/3965","OK",""
"3966","3966","Light Cult Crypto Club #3966","RE-005776","3901-4000","","","","","","items/lccc-3966.html","https://ronenglish-archive.github.io/ron-english-light-cult-3001-4000/items/lccc-3966.html","https://opensea.io/item/ethereum/0xbe85fbd182af91290be7293438ae67549638189f/3966","MISSING SOURCE IMAGE","No source image found for token #3966"
"3967","3967","Light Cult Crypto Club #3967","RE-005777","3901-4000","D:\github\ron-english-nfts\light-cult-crypto-club\images\LCCC-3967.png","23097","images/3901-4000/LCCC-3967.png","LCCC-3967.png","D:\github\ron-english-light-cult-3001-4000\images\3901-4000\LCCC-3967.png","items/lccc-3967.html","https://ronenglish-archive.github.io/ron-english-light-cult-3001-4000/items/lccc-3967.html","https://opensea.io/item/ethereum/0xbe85fbd182af91290be7293438ae67549638189f/3967","OK",""
"3968","3968","Light Cult Crypto Club #3968","RE-005778","3901-4000","D:\github\ron-english-nfts\light-cult-crypto-club\images\LCCC-3968.png","32281","images/3901-4000/LCCC-3968.png","LCCC-3968.png","D:\github\ron-english-light-cult-3001-4000\images\3901-4000\LCCC-3968.png","items/lccc-3968.html","https://ronenglish-archive.github.io/ron-english-light-cult-3001-4000/items/lccc-3968.html","https://opensea.io/item/ethereum/0xbe85fbd182af91290be7293438ae67549638189f/3968","OK",""
"3969","3969","Light Cult Crypto Club #3969","RE-005779","3901-4000","D:\github\ron-english-nfts\light-cult-crypto-club\images\LCCC-3969.png","12450","images/3901-4000/LCCC-3969.png","LCCC-3969.png","D:\github\ron-english-light-cult-3001-4000\images\3901-4000\LCCC-3969.png","items/lccc-3969.html","https://ronenglish-archive.github.io/ron-english-light-cult-3001-4000/items/lccc-3969.html","https://opensea.io/item/ethereum/0xbe85fbd182af91290be7293438ae67549638189f/3969","OK",""
"3970","3970","Light Cult Crypto Club #3970","RE-005780","3901-4000","D:\github\ron-english-nfts\light-cult-crypto-club\images\LCCC-3970.png","5806","images/3901-4000/LCCC-3970.png","LCCC-3970.png","D:\github\ron-english-light-cult-3001-4000\images\3901-4000\LCCC-3970.png","items/lccc-3970.html","https://ronenglish-archive.github.io/ron-english-light-cult-3001-4000/items/lccc-3970.html","https://opensea.io/item/ethereum/0xbe85fbd182af91290be7293438ae67549638189f/3970","OK",""
"3971","3971","Light Cult Crypto Club #3971","RE-005781","3901-4000","D:\github\ron-english-nfts\light-cult-crypto-club\images\LCCC-3971.png","23105","images/3901-4000/LCCC-3971.png","LCCC-3971.png","D:\github\ron-english-light-cult-3001-4000\images\3901-4000\LCCC-3971.png","items/lccc-3971.html","https://ronenglish-archive.github.io/ron-english-light-cult-3001-4000/items/lccc-3971.html","https://opensea.io/item/ethereum/0xbe85fbd182af91290be7293438ae67549638189f/3971","OK",""
"3972","3972","Light Cult Crypto Club #3972","RE-005782","3901-4000","D:\github\ron-english-nfts\light-cult-crypto-club\images\LCCC-3972.png","45533","images/3901-4000/LCCC-3972.png","LCCC-3972.png","D:\github\ron-english-light-cult-3001-4000\images\3901-4000\LCCC-3972.png","items/lccc-3972.html","https://ronenglish-archive.github.io/ron-english-light-cult-3001-4000/items/lccc-3972.html","https://opensea.io/item/ethereum/0xbe85fbd182af91290be7293438ae67549638189f/3972","OK",""
"3973","3973","Light Cult Crypto Club #3973","RE-005783","3901-4000","D:\github\ron-english-nfts\light-cult-crypto-club\images\LCCC-3973.png","28077","images/3901-4000/LCCC-3973.png","LCCC-3973.png","D:\github\ron-english-light-cult-3001-4000\images\3901-4000\LCCC-3973.png","items/lccc-3973.html","https://ronenglish-archive.github.io/ron-english-light-cult-3001-4000/items/lccc-3973.html","https://opensea.io/item/ethereum/0xbe85fbd182af91290be7293438ae67549638189f/3973","OK",""
"3974","3974","Light Cult Crypto Club #3974","RE-005784","3901-4000","D:\github\ron-english-nfts\light-cult-crypto-club\images\LCCC-3974.png","5836","images/3901-4000/LCCC-3974.png","LCCC-3974.png","D:\github\ron-english-light-cult-3001-4000\images\3901-4000\LCCC-3974.png","items/lccc-3974.html","https://ronenglish-archive.github.io/ron-english-light-cult-3001-4000/items/lccc-3974.html","https://opensea.io/item/ethereum/0xbe85fbd182af91290be7293438ae67549638189f/3974","OK",""
"3975","3975","Light Cult Crypto Club #3975","RE-005785","3901-4000","D:\github\ron-english-nfts\light-cult-crypto-club\images\LCCC-3975.png","11445","images/3901-4000/LCCC-3975.png","LCCC-3975.png","D:\github\ron-english-light-cult-3001-4000\images\3901-4000\LCCC-3975.png","items/lccc-3975.html","https://ronenglish-archive.github.io/ron-english-light-cult-3001-4000/items/lccc-3975.html","https://opensea.io/item/ethereum/0xbe85fbd182af91290be7293438ae67549638189f/3975","OK",""
"3976","3976","Light Cult Crypto Club #3976","RE-005786","3901-4000","D:\github\ron-english-nfts\light-cult-crypto-club\images\LCCC-3976.png","29588","images/3901-4000/LCCC-3976.png","LCCC-3976.png","D:\github\ron-english-light-cult-3001-4000\images\3901-4000\LCCC-3976.png","items/lccc-3976.html","https://ronenglish-archive.github.io/ron-english-light-cult-3001-4000/items/lccc-3976.html","https://opensea.io/item/ethereum/0xbe85fbd182af91290be7293438ae67549638189f/3976","OK",""
"3977","3977","Light Cult Crypto Club #3977","RE-005787","3901-4000","D:\github\ron-english-nfts\light-cult-crypto-club\images\LCCC-3977.png","12739","images/3901-4000/LCCC-3977.png","LCCC-3977.png","D:\github\ron-english-light-cult-3001-4000\images\3901-4000\LCCC-3977.png","items/lccc-3977.html","https://ronenglish-archive.github.io/ron-english-light-cult-3001-4000/items/lccc-3977.html","https://opensea.io/item/ethereum/0xbe85fbd182af91290be7293438ae67549638189f/3977","OK",""
"3978","3978","Light Cult Crypto Club #3978","RE-005788","3901-4000","D:\github\ron-english-nfts\light-cult-crypto-club\images\LCCC-3978.png","6628","images/3901-4000/LCCC-3978.png","LCCC-3978.png","D:\github\ron-english-light-cult-3001-4000\images\3901-4000\LCCC-3978.png","items/lccc-3978.html","https://ronenglish-archive.github.io/ron-english-light-cult-3001-4000/items/lccc-3978.html","https://opensea.io/item/ethereum/0xbe85fbd182af91290be7293438ae67549638189f/3978","OK",""
"3979","3979","Light Cult Crypto Club #3979","RE-005789","3901-4000","D:\github\ron-english-nfts\light-cult-crypto-club\images\LCCC-3979.png","7272","images/3901-4000/LCCC-3979.png","LCCC-3979.png","D:\github\ron-english-light-cult-3001-4000\images\3901-4000\LCCC-3979.png","items/lccc-3979.html","https://ronenglish-archive.github.io/ron-english-light-cult-3001-4000/items/lccc-3979.html","https://opensea.io/item/ethereum/0xbe85fbd182af91290be7293438ae67549638189f/3979","OK",""
"3980","3980","Light Cult Crypto Club #3980","RE-005790","3901-4000","D:\github\ron-english-nfts\light-cult-crypto-club\images\LCCC-3980.png","4613","images/3901-4000/LCCC-3980.png","LCCC-3980.png","D:\github\ron-english-light-cult-3001-4000\images\3901-4000\LCCC-3980.png","items/lccc-3980.html","https://ronenglish-archive.github.io/ron-english-light-cult-3001-4000/items/lccc-3980.html","https://opensea.io/item/ethereum/0xbe85fbd182af91290be7293438ae67549638189f/3980","OK",""
"3981","3981","Light Cult Crypto Club #3981","RE-005791","3901-4000","D:\github\ron-english-nfts\light-cult-crypto-club\images\LCCC-3981.png","27385","images/3901-4000/LCCC-3981.png","LCCC-3981.png","D:\github\ron-english-light-cult-3001-4000\images\3901-4000\LCCC-3981.png","items/lccc-3981.html","https://ronenglish-archive.github.io/ron-english-light-cult-3001-4000/items/lccc-3981.html","https://opensea.io/item/ethereum/0xbe85fbd182af91290be7293438ae67549638189f/3981","OK",""
"3982","3982","Light Cult Crypto Club #3982","RE-005792","3901-4000","D:\github\ron-english-nfts\light-cult-crypto-club\images\LCCC-3982.png","14968","images/3901-4000/LCCC-3982.png","LCCC-3982.png","D:\github\ron-english-light-cult-3001-4000\images\3901-4000\LCCC-3982.png","items/lccc-3982.html","https://ronenglish-archive.github.io/ron-english-light-cult-3001-4000/items/lccc-3982.html","https://opensea.io/item/ethereum/0xbe85fbd182af91290be7293438ae67549638189f/3982","OK",""
"3983","3983","Light Cult Crypto Club #3983","RE-005793","3901-4000","D:\github\ron-english-nfts\light-cult-crypto-club\images\LCCC-3983.png","5401","images/3901-4000/LCCC-3983.png","LCCC-3983.png","D:\github\ron-english-light-cult-3001-4000\images\3901-4000\LCCC-3983.png","items/lccc-3983.html","https://ronenglish-archive.github.io/ron-english-light-cult-3001-4000/items/lccc-3983.html","https://opensea.io/item/ethereum/0xbe85fbd182af91290be7293438ae67549638189f/3983","OK",""
"3984","3984","Light Cult Crypto Club #3984","RE-005794","3901-4000","D:\github\ron-english-nfts\light-cult-crypto-club\images\LCCC-3984.png","9397","images/3901-4000/LCCC-3984.png","LCCC-3984.png","D:\github\ron-english-light-cult-3001-4000\images\3901-4000\LCCC-3984.png","items/lccc-3984.html","https://ronenglish-archive.github.io/ron-english-light-cult-3001-4000/items/lccc-3984.html","https://opensea.io/item/ethereum/0xbe85fbd182af91290be7293438ae67549638189f/3984","OK",""
"3985","3985","Light Cult Crypto Club #3985","RE-005795","3901-4000","D:\github\ron-english-nfts\light-cult-crypto-club\images\LCCC-3985.png","7942","images/3901-4000/LCCC-3985.png","LCCC-3985.png","D:\github\ron-english-light-cult-3001-4000\images\3901-4000\LCCC-3985.png","items/lccc-3985.html","https://ronenglish-archive.github.io/ron-english-light-cult-3001-4000/items/lccc-3985.html","https://opensea.io/item/ethereum/0xbe85fbd182af91290be7293438ae67549638189f/3985","OK",""
"3986","3986","Light Cult Crypto Club #3986","RE-005796","3901-4000","D:\github\ron-english-nfts\light-cult-crypto-club\images\LCCC-3986.png","35844","images/3901-4000/LCCC-3986.png","LCCC-3986.png","D:\github\ron-english-light-cult-3001-4000\images\3901-4000\LCCC-3986.png","items/lccc-3986.html","https://ronenglish-archive.github.io/ron-english-light-cult-3001-4000/items/lccc-3986.html","https://opensea.io/item/ethereum/0xbe85fbd182af91290be7293438ae67549638189f/3986","OK",""
"3987","3987","Light Cult Crypto Club #3987","RE-005797","3901-4000","D:\github\ron-english-nfts\light-cult-crypto-club\images\LCCC-3987.png","6283","images/3901-4000/LCCC-3987.png","LCCC-3987.png","D:\github\ron-english-light-cult-3001-4000\images\3901-4000\LCCC-3987.png","items/lccc-3987.html","https://ronenglish-archive.github.io/ron-english-light-cult-3001-4000/items/lccc-3987.html","https://opensea.io/item/ethereum/0xbe85fbd182af91290be7293438ae67549638189f/3987","OK",""
"3988","3988","Light Cult Crypto Club #3988","RE-005798","3901-4000","D:\github\ron-english-nfts\light-cult-crypto-club\images\LCCC-3988.png","4479","images/3901-4000/LCCC-3988.png","LCCC-3988.png","D:\github\ron-english-light-cult-3001-4000\images\3901-4000\LCCC-3988.png","items/lccc-3988.html","https://ronenglish-archive.github.io/ron-english-light-cult-3001-4000/items/lccc-3988.html","https://opensea.io/item/ethereum/0xbe85fbd182af91290be7293438ae67549638189f/3988","OK",""
"3989","3989","Light Cult Crypto Club #3989","RE-005799","3901-4000","D:\github\ron-english-nfts\light-cult-crypto-club\images\LCCC-3989.png","7817","images/3901-4000/LCCC-3989.png","LCCC-3989.png","D:\github\ron-english-light-cult-3001-4000\images\3901-4000\LCCC-3989.png","items/lccc-3989.html","https://ronenglish-archive.github.io/ron-english-light-cult-3001-4000/items/lccc-3989.html","https://opensea.io/item/ethereum/0xbe85fbd182af91290be7293438ae67549638189f/3989","OK",""
"3990","3990","Light Cult Crypto Club #3990","RE-005800","3901-4000","D:\github\ron-english-nfts\light-cult-crypto-club\images\LCCC-3990.png","27022","images/3901-4000/LCCC-3990.png","LCCC-3990.png","D:\github\ron-english-light-cult-3001-4000\images\3901-4000\LCCC-3990.png","items/lccc-3990.html","https://ronenglish-archive.github.io/ron-english-light-cult-3001-4000/items/lccc-3990.html","https://opensea.io/item/ethereum/0xbe85fbd182af91290be7293438ae67549638189f/3990","OK",""
"3991","3991","Light Cult Crypto Club #3991","RE-005801","3901-4000","D:\github\ron-english-nfts\light-cult-crypto-club\images\LCCC-3991.png","21399","images/3901-4000/LCCC-3991.png","LCCC-3991.png","D:\github\ron-english-light-cult-3001-4000\images\3901-4000\LCCC-3991.png","items/lccc-3991.html","https://ronenglish-archive.github.io/ron-english-light-cult-3001-4000/items/lccc-3991.html","https://opensea.io/item/ethereum/0xbe85fbd182af91290be7293438ae67549638189f/3991","OK",""
"3992","3992","Light Cult Crypto Club #3992","RE-005802","3901-4000","D:\github\ron-english-nfts\light-cult-crypto-club\images\LCCC-3992.png","6639","images/3901-4000/LCCC-3992.png","LCCC-3992.png","D:\github\ron-english-light-cult-3001-4000\images\3901-4000\LCCC-3992.png","items/lccc-3992.html","https://ronenglish-archive.github.io/ron-english-light-cult-3001-4000/items/lccc-3992.html","https://opensea.io/item/ethereum/0xbe85fbd182af91290be7293438ae67549638189f/3992","OK",""
"3993","3993","Light Cult Crypto Club #3993","RE-005803","3901-4000","D:\github\ron-english-nfts\light-cult-crypto-club\images\LCCC-3993.png","17835","images/3901-4000/LCCC-3993.png","LCCC-3993.png","D:\github\ron-english-light-cult-3001-4000\images\3901-4000\LCCC-3993.png","items/lccc-3993.html","https://ronenglish-archive.github.io/ron-english-light-cult-3001-4000/items/lccc-3993.html","https://opensea.io/item/ethereum/0xbe85fbd182af91290be7293438ae67549638189f/3993","OK",""
"3994","3994","Light Cult Crypto Club #3994","RE-005804","3901-4000","D:\github\ron-english-nfts\light-cult-crypto-club\images\LCCC-3994.png","28676","images/3901-4000/LCCC-3994.png","LCCC-3994.png","D:\github\ron-english-light-cult-3001-4000\images\3901-4000\LCCC-3994.png","items/lccc-3994.html","https://ronenglish-archive.github.io/ron-english-light-cult-3001-4000/items/lccc-3994.html","https://opensea.io/item/ethereum/0xbe85fbd182af91290be7293438ae67549638189f/3994","OK",""
"3995","3995","Light Cult Crypto Club #3995","RE-005805","3901-4000","","","","","","items/lccc-3995.html","https://ronenglish-archive.github.io/ron-english-light-cult-3001-4000/items/lccc-3995.html","https://opensea.io/item/ethereum/0xbe85fbd182af91290be7293438ae67549638189f/3995","MISSING SOURCE IMAGE","No source image found for token #3995"
"3996","3996","Light Cult Crypto Club #3996","RE-005806","3901-4000","D:\github\ron-english-nfts\light-cult-crypto-club\images\LCCC-3996.png","11543","images/3901-4000/LCCC-3996.png","LCCC-3996.png","D:\github\ron-english-light-cult-3001-4000\images\3901-4000\LCCC-3996.png","items/lccc-3996.html","https://ronenglish-archive.github.io/ron-english-light-cult-3001-4000/items/lccc-3996.html","https://opensea.io/item/ethereum/0xbe85fbd182af91290be7293438ae67549638189f/3996","OK",""
"3997","3997","Light Cult Crypto Club #3997","RE-005807","3901-4000","D:\github\ron-english-nfts\light-cult-crypto-club\images\LCCC-3997.png","14089","images/3901-4000/LCCC-3997.png","LCCC-3997.png","D:\github\ron-english-light-cult-3001-4000\images\3901-4000\LCCC-3997.png","items/lccc-3997.html","https://ronenglish-archive.github.io/ron-english-light-cult-3001-4000/items/lccc-3997.html","https://opensea.io/item/ethereum/0xbe85fbd182af91290be7293438ae67549638189f/3997","OK",""
"3998","3998","Light Cult Crypto Club #3998","RE-005808","3901-4000","D:\github\ron-english-nfts\light-cult-crypto-club\images\LCCC-3998.png","42325","images/3901-4000/LCCC-3998.png","LCCC-3998.png","D:\github\ron-english-light-cult-3001-4000\images\3901-4000\LCCC-3998.png","items/lccc-3998.html","https://ronenglish-archive.github.io/ron-english-light-cult-3001-4000/items/lccc-3998.html","https://opensea.io/item/ethereum/0xbe85fbd182af91290be7293438ae67549638189f/3998","OK",""
"3999","3999","Light Cult Crypto Club #3999","RE-005809","3901-4000","D:\github\ron-english-nfts\light-cult-crypto-club\images\LCCC-3999.png","30748","images/3901-4000/LCCC-3999.png","LCCC-3999.png","D:\github\ron-english-light-cult-3001-4000\images\3901-4000\LCCC-3999.png","items/lccc-3999.html","https://ronenglish-archive.github.io/ron-english-light-cult-3001-4000/items/lccc-3999.html","https://opensea.io/item/ethereum/0xbe85fbd182af91290be7293438ae67549638189f/3999","OK",""
"4000","4000","Light Cult Crypto Club #4000","RE-005810","3901-4000","D:\github\ron-english-nfts\light-cult-crypto-club\images\LCCC-4000.png","30072","images/3901-4000/LCCC-4000.png","LCCC-4000.png","D:\github\ron-english-light-cult-3001-4000\images\3901-4000\LCCC-4000.png","items/lccc-4000.html","https://ronenglish-archive.github.io/ron-english-light-cult-3001-4000/items/lccc-4000.html","https://opensea.io/item/ethereum/0xbe85fbd182af91290be7293438ae67549638189f/4000","OK",""
